Creating test database for alias 'default'...
Found 1694 test(s).
Cloning test database for alias 'default'...
Cloning test database for alias 'default'...
Cloning test database for alias 'default'...
Cloning test database for alias 'default'...
Cloning test database for alias 'default'...
Cloning test database for alias 'default'...
System check identified no issues (0 silenced).
Process SpawnPoolWorker-6:
Process SpawnPoolWorker-4:
Process SpawnPoolWorker-5:
Process SpawnPoolWorker-1:
Process SpawnPoolWorker-2:
Process SpawnPoolWorker-3:
Traceback (most recent call last):
Traceback (most recent call last):
Traceback (most recent call last):
Traceback (most recent call last):
Traceback (most recent call last):
  File "/Library/Frameworks/Python.framework/Versions/3.11/lib/python3.11/multiprocessing/process.py", line 314, in _bootstrap
    self.run()
  File "/Library/Frameworks/Python.framework/Versions/3.11/lib/python3.11/multiprocessing/process.py", line 108, in run
    self._target(*self._args, **self._kwargs)
  File "/Library/Frameworks/Python.framework/Versions/3.11/lib/python3.11/multiprocessing/pool.py", line 109, in worker
    initializer(*initargs)
  File "/Users/amitkallapa/LMS/.ralph/venv/lib/python3.11/site-packages/django/test/runner.py", line 431, in _init_worker
    django.setup()
  File "/Users/amitkallapa/LMS/.ralph/venv/lib/python3.11/site-packages/django/__init__.py", line 24, in setup
    apps.populate(settings.INSTALLED_APPS)
  File "/Users/amitkallapa/LMS/.ralph/venv/lib/python3.11/site-packages/django/apps/registry.py", line 124, in populate
    app_config.ready()
  File "/Users/amitkallapa/LMS/.ralph/worktrees/2026-07-25_074057_normal_run/sfpcl_credit/compliance/apps.py", line 9, in ready
    from sfpcl_credit.compliance.search_facade import search_compliance_records
  File "/Users/amitkallapa/LMS/.ralph/worktrees/2026-07-25_074057_normal_run/sfpcl_credit/compliance/search_facade.py", line 4, in <module>
    from sfpcl_credit.compliance.modules import compliance_control_tracker
  File "/Users/amitkallapa/LMS/.ralph/worktrees/2026-07-25_074057_normal_run/sfpcl_credit/compliance/modules/compliance_control_tracker.py", line 14, in <module>
    from sfpcl_credit.identity.modules import auth_service
  File "/Users/amitkallapa/LMS/.ralph/worktrees/2026-07-25_074057_normal_run/sfpcl_credit/identity/modules/auth_service.py", line 18, in <module>
    from sfpcl_credit.identity.modules.tokens import (
  File "/Users/amitkallapa/LMS/.ralph/worktrees/2026-07-25_074057_normal_run/sfpcl_credit/identity/modules/tokens.py", line 13, in <module>
    import jwt
  File "/Users/amitkallapa/LMS/.ralph/venv/lib/python3.11/site-packages/jwt/__init__.py", line 1, in <module>
    from .api_jwk import PyJWK, PyJWKSet
  File "/Users/amitkallapa/LMS/.ralph/venv/lib/python3.11/site-packages/jwt/api_jwk.py", line 7, in <module>
    from .algorithms import get_default_algorithms, has_crypto, requires_cryptography
  File "/Users/amitkallapa/LMS/.ralph/venv/lib/python3.11/site-packages/jwt/algorithms.py", line 11, in <module>
    from .utils import (
  File "/Users/amitkallapa/LMS/.ralph/venv/lib/python3.11/site-packages/jwt/utils.py", line 7, in <module>
    from cryptography.hazmat.primitives.asymmetric.ec import EllipticCurve
  File "/Users/amitkallapa/LMS/.ralph/venv/lib/python3.11/site-packages/cryptography/hazmat/primitives/asymmetric/ec.py", line 11, in <module>
    from cryptography.exceptions import UnsupportedAlgorithm, _Reasons
  File "/Library/Frameworks/Python.framework/Versions/3.11/lib/python3.11/multiprocessing/process.py", line 314, in _bootstrap
    self.run()
  File "/Library/Frameworks/Python.framework/Versions/3.11/lib/python3.11/multiprocessing/process.py", line 108, in run
    self._target(*self._args, **self._kwargs)
  File "/Library/Frameworks/Python.framework/Versions/3.11/lib/python3.11/multiprocessing/pool.py", line 109, in worker
    initializer(*initargs)
  File "/Users/amitkallapa/LMS/.ralph/venv/lib/python3.11/site-packages/django/test/runner.py", line 431, in _init_worker
    django.setup()
  File "/Users/amitkallapa/LMS/.ralph/venv/lib/python3.11/site-packages/django/__init__.py", line 24, in setup
    apps.populate(settings.INSTALLED_APPS)
  File "/Users/amitkallapa/LMS/.ralph/venv/lib/python3.11/site-packages/django/apps/registry.py", line 124, in populate
    app_config.ready()
  File "/Users/amitkallapa/LMS/.ralph/worktrees/2026-07-25_074057_normal_run/sfpcl_credit/compliance/apps.py", line 9, in ready
    from sfpcl_credit.compliance.search_facade import search_compliance_records
  File "/Users/amitkallapa/LMS/.ralph/worktrees/2026-07-25_074057_normal_run/sfpcl_credit/compliance/search_facade.py", line 4, in <module>
    from sfpcl_credit.compliance.modules import compliance_control_tracker
  File "/Users/amitkallapa/LMS/.ralph/worktrees/2026-07-25_074057_normal_run/sfpcl_credit/compliance/modules/compliance_control_tracker.py", line 14, in <module>
    from sfpcl_credit.identity.modules import auth_service
  File "/Users/amitkallapa/LMS/.ralph/worktrees/2026-07-25_074057_normal_run/sfpcl_credit/identity/modules/auth_service.py", line 18, in <module>
    from sfpcl_credit.identity.modules.tokens import (
  File "/Users/amitkallapa/LMS/.ralph/worktrees/2026-07-25_074057_normal_run/sfpcl_credit/identity/modules/tokens.py", line 13, in <module>
    import jwt
  File "/Users/amitkallapa/LMS/.ralph/venv/lib/python3.11/site-packages/jwt/__init__.py", line 1, in <module>
    from .api_jwk import PyJWK, PyJWKSet
  File "/Users/amitkallapa/LMS/.ralph/venv/lib/python3.11/site-packages/jwt/api_jwk.py", line 7, in <module>
    from .algorithms import get_default_algorithms, has_crypto, requires_cryptography
  File "/Users/amitkallapa/LMS/.ralph/venv/lib/python3.11/site-packages/jwt/algorithms.py", line 11, in <module>
    from .utils import (
  File "/Users/amitkallapa/LMS/.ralph/venv/lib/python3.11/site-packages/jwt/utils.py", line 7, in <module>
    from cryptography.hazmat.primitives.asymmetric.ec import EllipticCurve
  File "/Users/amitkallapa/LMS/.ralph/venv/lib/python3.11/site-packages/cryptography/hazmat/primitives/asymmetric/ec.py", line 11, in <module>
    from cryptography.exceptions import UnsupportedAlgorithm, _Reasons
  File "/Users/amitkallapa/LMS/.ralph/venv/lib/python3.11/site-packages/cryptography/exceptions.py", line 9, in <module>
    from cryptography.hazmat.bindings._rust import exceptions as rust_exceptions
ImportError: dlopen(/Users/amitkallapa/LMS/.ralph/venv/lib/python3.11/site-packages/_cffi_backend.cpython-311-darwin.so, 0x0002): tried: '/Users/amitkallapa/LMS/.ralph/venv/lib/python3.11/site-packages/_cffi_backend.cpython-311-darwin.so' (mach-o file, but is an incompatible architecture (have 'arm64', need 'x86_64')), '/System/Volumes/Preboot/Cryptexes/OS/Users/amitkallapa/LMS/.ralph/venv/lib/python3.11/site-packages/_cffi_backend.cpython-311-darwin.so' (no such file), '/Users/amitkallapa/LMS/.ralph/venv/lib/python3.11/site-packages/_cffi_backend.cpython-311-darwin.so' (mach-o file, but is an incompatible architecture (have 'arm64', need 'x86_64'))
  File "/Library/Frameworks/Python.framework/Versions/3.11/lib/python3.11/multiprocessing/process.py", line 314, in _bootstrap
    self.run()
  File "/Library/Frameworks/Python.framework/Versions/3.11/lib/python3.11/multiprocessing/process.py", line 108, in run
    self._target(*self._args, **self._kwargs)
  File "/Library/Frameworks/Python.framework/Versions/3.11/lib/python3.11/multiprocessing/pool.py", line 109, in worker
    initializer(*initargs)
  File "/Users/amitkallapa/LMS/.ralph/venv/lib/python3.11/site-packages/django/test/runner.py", line 431, in _init_worker
    django.setup()
  File "/Users/amitkallapa/LMS/.ralph/venv/lib/python3.11/site-packages/django/__init__.py", line 24, in setup
    apps.populate(settings.INSTALLED_APPS)
  File "/Users/amitkallapa/LMS/.ralph/venv/lib/python3.11/site-packages/django/apps/registry.py", line 124, in populate
    app_config.ready()
  File "/Users/amitkallapa/LMS/.ralph/worktrees/2026-07-25_074057_normal_run/sfpcl_credit/compliance/apps.py", line 9, in ready
    from sfpcl_credit.compliance.search_facade import search_compliance_records
  File "/Users/amitkallapa/LMS/.ralph/worktrees/2026-07-25_074057_normal_run/sfpcl_credit/compliance/search_facade.py", line 4, in <module>
    from sfpcl_credit.compliance.modules import compliance_control_tracker
  File "/Users/amitkallapa/LMS/.ralph/worktrees/2026-07-25_074057_normal_run/sfpcl_credit/compliance/modules/compliance_control_tracker.py", line 14, in <module>
    from sfpcl_credit.identity.modules import auth_service
  File "/Users/amitkallapa/LMS/.ralph/worktrees/2026-07-25_074057_normal_run/sfpcl_credit/identity/modules/auth_service.py", line 18, in <module>
    from sfpcl_credit.identity.modules.tokens import (
  File "/Users/amitkallapa/LMS/.ralph/worktrees/2026-07-25_074057_normal_run/sfpcl_credit/identity/modules/tokens.py", line 13, in <module>
    import jwt
  File "/Users/amitkallapa/LMS/.ralph/venv/lib/python3.11/site-packages/jwt/__init__.py", line 1, in <module>
    from .api_jwk import PyJWK, PyJWKSet
  File "/Users/amitkallapa/LMS/.ralph/venv/lib/python3.11/site-packages/jwt/api_jwk.py", line 7, in <module>
    from .algorithms import get_default_algorithms, has_crypto, requires_cryptography
  File "/Users/amitkallapa/LMS/.ralph/venv/lib/python3.11/site-packages/jwt/algorithms.py", line 11, in <module>
    from .utils import (
  File "/Users/amitkallapa/LMS/.ralph/venv/lib/python3.11/site-packages/jwt/utils.py", line 7, in <module>
    from cryptography.hazmat.primitives.asymmetric.ec import EllipticCurve
  File "/Users/amitkallapa/LMS/.ralph/venv/lib/python3.11/site-packages/cryptography/hazmat/primitives/asymmetric/ec.py", line 11, in <module>
    from cryptography.exceptions import UnsupportedAlgorithm, _Reasons
  File "/Users/amitkallapa/LMS/.ralph/venv/lib/python3.11/site-packages/cryptography/exceptions.py", line 9, in <module>
    from cryptography.hazmat.bindings._rust import exceptions as rust_exceptions
ImportError: dlopen(/Users/amitkallapa/LMS/.ralph/venv/lib/python3.11/site-packages/_cffi_backend.cpython-311-darwin.so, 0x0002): tried: '/Users/amitkallapa/LMS/.ralph/venv/lib/python3.11/site-packages/_cffi_backend.cpython-311-darwin.so' (mach-o file, but is an incompatible architecture (have 'arm64', need 'x86_64')), '/System/Volumes/Preboot/Cryptexes/OS/Users/amitkallapa/LMS/.ralph/venv/lib/python3.11/site-packages/_cffi_backend.cpython-311-darwin.so' (no such file), '/Users/amitkallapa/LMS/.ralph/venv/lib/python3.11/site-packages/_cffi_backend.cpython-311-darwin.so' (mach-o file, but is an incompatible architecture (have 'arm64', need 'x86_64'))
  File "/Library/Frameworks/Python.framework/Versions/3.11/lib/python3.11/multiprocessing/process.py", line 314, in _bootstrap
    self.run()
  File "/Library/Frameworks/Python.framework/Versions/3.11/lib/python3.11/multiprocessing/process.py", line 108, in run
    self._target(*self._args, **self._kwargs)
  File "/Library/Frameworks/Python.framework/Versions/3.11/lib/python3.11/multiprocessing/pool.py", line 109, in worker
    initializer(*initargs)
  File "/Users/amitkallapa/LMS/.ralph/venv/lib/python3.11/site-packages/django/test/runner.py", line 431, in _init_worker
    django.setup()
  File "/Users/amitkallapa/LMS/.ralph/venv/lib/python3.11/site-packages/django/__init__.py", line 24, in setup
    apps.populate(settings.INSTALLED_APPS)
  File "/Users/amitkallapa/LMS/.ralph/venv/lib/python3.11/site-packages/django/apps/registry.py", line 124, in populate
    app_config.ready()
  File "/Users/amitkallapa/LMS/.ralph/worktrees/2026-07-25_074057_normal_run/sfpcl_credit/compliance/apps.py", line 9, in ready
    from sfpcl_credit.compliance.search_facade import search_compliance_records
  File "/Users/amitkallapa/LMS/.ralph/worktrees/2026-07-25_074057_normal_run/sfpcl_credit/compliance/search_facade.py", line 4, in <module>
    from sfpcl_credit.compliance.modules import compliance_control_tracker
  File "/Users/amitkallapa/LMS/.ralph/worktrees/2026-07-25_074057_normal_run/sfpcl_credit/compliance/modules/compliance_control_tracker.py", line 14, in <module>
    from sfpcl_credit.identity.modules import auth_service
  File "/Users/amitkallapa/LMS/.ralph/worktrees/2026-07-25_074057_normal_run/sfpcl_credit/identity/modules/auth_service.py", line 18, in <module>
    from sfpcl_credit.identity.modules.tokens import (
  File "/Users/amitkallapa/LMS/.ralph/worktrees/2026-07-25_074057_normal_run/sfpcl_credit/identity/modules/tokens.py", line 13, in <module>
    import jwt
  File "/Users/amitkallapa/LMS/.ralph/venv/lib/python3.11/site-packages/jwt/__init__.py", line 1, in <module>
    from .api_jwk import PyJWK, PyJWKSet
  File "/Users/amitkallapa/LMS/.ralph/venv/lib/python3.11/site-packages/jwt/api_jwk.py", line 7, in <module>
    from .algorithms import get_default_algorithms, has_crypto, requires_cryptography
  File "/Users/amitkallapa/LMS/.ralph/venv/lib/python3.11/site-packages/jwt/algorithms.py", line 11, in <module>
    from .utils import (
  File "/Users/amitkallapa/LMS/.ralph/venv/lib/python3.11/site-packages/jwt/utils.py", line 7, in <module>
    from cryptography.hazmat.primitives.asymmetric.ec import EllipticCurve
  File "/Users/amitkallapa/LMS/.ralph/venv/lib/python3.11/site-packages/cryptography/hazmat/primitives/asymmetric/ec.py", line 11, in <module>
    from cryptography.exceptions import UnsupportedAlgorithm, _Reasons
  File "/Users/amitkallapa/LMS/.ralph/venv/lib/python3.11/site-packages/cryptography/exceptions.py", line 9, in <module>
    from cryptography.hazmat.bindings._rust import exceptions as rust_exceptions
ImportError: dlopen(/Users/amitkallapa/LMS/.ralph/venv/lib/python3.11/site-packages/_cffi_backend.cpython-311-darwin.so, 0x0002): tried: '/Users/amitkallapa/LMS/.ralph/venv/lib/python3.11/site-packages/_cffi_backend.cpython-311-darwin.so' (mach-o file, but is an incompatible architecture (have 'arm64', need 'x86_64')), '/System/Volumes/Preboot/Cryptexes/OS/Users/amitkallapa/LMS/.ralph/venv/lib/python3.11/site-packages/_cffi_backend.cpython-311-darwin.so' (no such file), '/Users/amitkallapa/LMS/.ralph/venv/lib/python3.11/site-packages/_cffi_backend.cpython-311-darwin.so' (mach-o file, but is an incompatible architecture (have 'arm64', need 'x86_64'))
  File "/Library/Frameworks/Python.framework/Versions/3.11/lib/python3.11/multiprocessing/process.py", line 314, in _bootstrap
    self.run()
  File "/Library/Frameworks/Python.framework/Versions/3.11/lib/python3.11/multiprocessing/process.py", line 108, in run
    self._target(*self._args, **self._kwargs)
  File "/Library/Frameworks/Python.framework/Versions/3.11/lib/python3.11/multiprocessing/pool.py", line 109, in worker
    initializer(*initargs)
  File "/Users/amitkallapa/LMS/.ralph/venv/lib/python3.11/site-packages/django/test/runner.py", line 431, in _init_worker
    django.setup()
  File "/Users/amitkallapa/LMS/.ralph/venv/lib/python3.11/site-packages/django/__init__.py", line 24, in setup
    apps.populate(settings.INSTALLED_APPS)
  File "/Users/amitkallapa/LMS/.ralph/venv/lib/python3.11/site-packages/django/apps/registry.py", line 124, in populate
    app_config.ready()
  File "/Users/amitkallapa/LMS/.ralph/worktrees/2026-07-25_074057_normal_run/sfpcl_credit/compliance/apps.py", line 9, in ready
    from sfpcl_credit.compliance.search_facade import search_compliance_records
  File "/Users/amitkallapa/LMS/.ralph/worktrees/2026-07-25_074057_normal_run/sfpcl_credit/compliance/search_facade.py", line 4, in <module>
    from sfpcl_credit.compliance.modules import compliance_control_tracker
  File "/Users/amitkallapa/LMS/.ralph/worktrees/2026-07-25_074057_normal_run/sfpcl_credit/compliance/modules/compliance_control_tracker.py", line 14, in <module>
    from sfpcl_credit.identity.modules import auth_service
  File "/Users/amitkallapa/LMS/.ralph/worktrees/2026-07-25_074057_normal_run/sfpcl_credit/identity/modules/auth_service.py", line 18, in <module>
    from sfpcl_credit.identity.modules.tokens import (
  File "/Users/amitkallapa/LMS/.ralph/worktrees/2026-07-25_074057_normal_run/sfpcl_credit/identity/modules/tokens.py", line 13, in <module>
    import jwt
  File "/Users/amitkallapa/LMS/.ralph/venv/lib/python3.11/site-packages/jwt/__init__.py", line 1, in <module>
    from .api_jwk import PyJWK, PyJWKSet
  File "/Users/amitkallapa/LMS/.ralph/venv/lib/python3.11/site-packages/jwt/api_jwk.py", line 7, in <module>
    from .algorithms import get_default_algorithms, has_crypto, requires_cryptography
  File "/Users/amitkallapa/LMS/.ralph/venv/lib/python3.11/site-packages/jwt/algorithms.py", line 11, in <module>
    from .utils import (
  File "/Users/amitkallapa/LMS/.ralph/venv/lib/python3.11/site-packages/jwt/utils.py", line 7, in <module>
    from cryptography.hazmat.primitives.asymmetric.ec import EllipticCurve
  File "/Users/amitkallapa/LMS/.ralph/venv/lib/python3.11/site-packages/cryptography/hazmat/primitives/asymmetric/ec.py", line 11, in <module>
    from cryptography.exceptions import UnsupportedAlgorithm, _Reasons
  File "/Users/amitkallapa/LMS/.ralph/venv/lib/python3.11/site-packages/cryptography/exceptions.py", line 9, in <module>
    from cryptography.hazmat.bindings._rust import exceptions as rust_exceptions
ImportError: dlopen(/Users/amitkallapa/LMS/.ralph/venv/lib/python3.11/site-packages/_cffi_backend.cpython-311-darwin.so, 0x0002): tried: '/Users/amitkallapa/LMS/.ralph/venv/lib/python3.11/site-packages/_cffi_backend.cpython-311-darwin.so' (mach-o file, but is an incompatible architecture (have 'arm64', need 'x86_64')), '/System/Volumes/Preboot/Cryptexes/OS/Users/amitkallapa/LMS/.ralph/venv/lib/python3.11/site-packages/_cffi_backend.cpython-311-darwin.so' (no such file), '/Users/amitkallapa/LMS/.ralph/venv/lib/python3.11/site-packages/_cffi_backend.cpython-311-darwin.so' (mach-o file, but is an incompatible architecture (have 'arm64', need 'x86_64'))
  File "/Users/amitkallapa/LMS/.ralph/venv/lib/python3.11/site-packages/cryptography/exceptions.py", line 9, in <module>
    from cryptography.hazmat.bindings._rust import exceptions as rust_exceptions
Traceback (most recent call last):
  File "/Library/Frameworks/Python.framework/Versions/3.11/lib/python3.11/multiprocessing/process.py", line 314, in _bootstrap
    self.run()
  File "/Library/Frameworks/Python.framework/Versions/3.11/lib/python3.11/multiprocessing/process.py", line 108, in run
    self._target(*self._args, **self._kwargs)
  File "/Library/Frameworks/Python.framework/Versions/3.11/lib/python3.11/multiprocessing/pool.py", line 109, in worker
    initializer(*initargs)
  File "/Users/amitkallapa/LMS/.ralph/venv/lib/python3.11/site-packages/django/test/runner.py", line 431, in _init_worker
    django.setup()
  File "/Users/amitkallapa/LMS/.ralph/venv/lib/python3.11/site-packages/django/__init__.py", line 24, in setup
    apps.populate(settings.INSTALLED_APPS)
  File "/Users/amitkallapa/LMS/.ralph/venv/lib/python3.11/site-packages/django/apps/registry.py", line 124, in populate
    app_config.ready()
  File "/Users/amitkallapa/LMS/.ralph/worktrees/2026-07-25_074057_normal_run/sfpcl_credit/compliance/apps.py", line 9, in ready
    from sfpcl_credit.compliance.search_facade import search_compliance_records
  File "/Users/amitkallapa/LMS/.ralph/worktrees/2026-07-25_074057_normal_run/sfpcl_credit/compliance/search_facade.py", line 4, in <module>
    from sfpcl_credit.compliance.modules import compliance_control_tracker
  File "/Users/amitkallapa/LMS/.ralph/worktrees/2026-07-25_074057_normal_run/sfpcl_credit/compliance/modules/compliance_control_tracker.py", line 14, in <module>
    from sfpcl_credit.identity.modules import auth_service
  File "/Users/amitkallapa/LMS/.ralph/worktrees/2026-07-25_074057_normal_run/sfpcl_credit/identity/modules/auth_service.py", line 18, in <module>
    from sfpcl_credit.identity.modules.tokens import (
  File "/Users/amitkallapa/LMS/.ralph/worktrees/2026-07-25_074057_normal_run/sfpcl_credit/identity/modules/tokens.py", line 13, in <module>
    import jwt
  File "/Users/amitkallapa/LMS/.ralph/venv/lib/python3.11/site-packages/jwt/__init__.py", line 1, in <module>
    from .api_jwk import PyJWK, PyJWKSet
  File "/Users/amitkallapa/LMS/.ralph/venv/lib/python3.11/site-packages/jwt/api_jwk.py", line 7, in <module>
    from .algorithms import get_default_algorithms, has_crypto, requires_cryptography
  File "/Users/amitkallapa/LMS/.ralph/venv/lib/python3.11/site-packages/jwt/algorithms.py", line 11, in <module>
    from .utils import (
  File "/Users/amitkallapa/LMS/.ralph/venv/lib/python3.11/site-packages/jwt/utils.py", line 7, in <module>
    from cryptography.hazmat.primitives.asymmetric.ec import EllipticCurve
  File "/Users/amitkallapa/LMS/.ralph/venv/lib/python3.11/site-packages/cryptography/hazmat/primitives/asymmetric/ec.py", line 11, in <module>
    from cryptography.exceptions import UnsupportedAlgorithm, _Reasons
  File "/Users/amitkallapa/LMS/.ralph/venv/lib/python3.11/site-packages/cryptography/exceptions.py", line 9, in <module>
    from cryptography.hazmat.bindings._rust import exceptions as rust_exceptions
ImportError: dlopen(/Users/amitkallapa/LMS/.ralph/venv/lib/python3.11/site-packages/_cffi_backend.cpython-311-darwin.so, 0x0002): tried: '/Users/amitkallapa/LMS/.ralph/venv/lib/python3.11/site-packages/_cffi_backend.cpython-311-darwin.so' (mach-o file, but is an incompatible architecture (have 'arm64', need 'x86_64')), '/System/Volumes/Preboot/Cryptexes/OS/Users/amitkallapa/LMS/.ralph/venv/lib/python3.11/site-packages/_cffi_backend.cpython-311-darwin.so' (no such file), '/Users/amitkallapa/LMS/.ralph/venv/lib/python3.11/site-packages/_cffi_backend.cpython-311-darwin.so' (mach-o file, but is an incompatible architecture (have 'arm64', need 'x86_64'))
ImportError: dlopen(/Users/amitkallapa/LMS/.ralph/venv/lib/python3.11/site-packages/_cffi_backend.cpython-311-darwin.so, 0x0002): tried: '/Users/amitkallapa/LMS/.ralph/venv/lib/python3.11/site-packages/_cffi_backend.cpython-311-darwin.so' (mach-o file, but is an incompatible architecture (have 'arm64', need 'x86_64')), '/System/Volumes/Preboot/Cryptexes/OS/Users/amitkallapa/LMS/.ralph/venv/lib/python3.11/site-packages/_cffi_backend.cpython-311-darwin.so' (no such file), '/Users/amitkallapa/LMS/.ralph/venv/lib/python3.11/site-packages/_cffi_backend.cpython-311-darwin.so' (mach-o file, but is an incompatible architecture (have 'arm64', need 'x86_64'))
Process SpawnPoolWorker-10:
Traceback (most recent call last):
  File "/Library/Frameworks/Python.framework/Versions/3.11/lib/python3.11/multiprocessing/process.py", line 314, in _bootstrap
    self.run()
  File "/Library/Frameworks/Python.framework/Versions/3.11/lib/python3.11/multiprocessing/process.py", line 108, in run
    self._target(*self._args, **self._kwargs)
  File "/Library/Frameworks/Python.framework/Versions/3.11/lib/python3.11/multiprocessing/pool.py", line 109, in worker
    initializer(*initargs)
  File "/Users/amitkallapa/LMS/.ralph/venv/lib/python3.11/site-packages/django/test/runner.py", line 431, in _init_worker
    django.setup()
  File "/Users/amitkallapa/LMS/.ralph/venv/lib/python3.11/site-packages/django/__init__.py", line 24, in setup
    apps.populate(settings.INSTALLED_APPS)
  File "/Users/amitkallapa/LMS/.ralph/venv/lib/python3.11/site-packages/django/apps/registry.py", line 124, in populate
    app_config.ready()
  File "/Users/amitkallapa/LMS/.ralph/worktrees/2026-07-25_074057_normal_run/sfpcl_credit/compliance/apps.py", line 9, in ready
    from sfpcl_credit.compliance.search_facade import search_compliance_records
  File "/Users/amitkallapa/LMS/.ralph/worktrees/2026-07-25_074057_normal_run/sfpcl_credit/compliance/search_facade.py", line 4, in <module>
    from sfpcl_credit.compliance.modules import compliance_control_tracker
  File "/Users/amitkallapa/LMS/.ralph/worktrees/2026-07-25_074057_normal_run/sfpcl_credit/compliance/modules/compliance_control_tracker.py", line 14, in <module>
    from sfpcl_credit.identity.modules import auth_service
  File "/Users/amitkallapa/LMS/.ralph/worktrees/2026-07-25_074057_normal_run/sfpcl_credit/identity/modules/auth_service.py", line 18, in <module>
    from sfpcl_credit.identity.modules.tokens import (
  File "/Users/amitkallapa/LMS/.ralph/worktrees/2026-07-25_074057_normal_run/sfpcl_credit/identity/modules/tokens.py", line 13, in <module>
    import jwt
  File "/Users/amitkallapa/LMS/.ralph/venv/lib/python3.11/site-packages/jwt/__init__.py", line 1, in <module>
    from .api_jwk import PyJWK, PyJWKSet
  File "/Users/amitkallapa/LMS/.ralph/venv/lib/python3.11/site-packages/jwt/api_jwk.py", line 7, in <module>
    from .algorithms import get_default_algorithms, has_crypto, requires_cryptography
  File "/Users/amitkallapa/LMS/.ralph/venv/lib/python3.11/site-packages/jwt/algorithms.py", line 11, in <module>
    from .utils import (
  File "/Users/amitkallapa/LMS/.ralph/venv/lib/python3.11/site-packages/jwt/utils.py", line 7, in <module>
    from cryptography.hazmat.primitives.asymmetric.ec import EllipticCurve
  File "/Users/amitkallapa/LMS/.ralph/venv/lib/python3.11/site-packages/cryptography/hazmat/primitives/asymmetric/ec.py", line 11, in <module>
    from cryptography.exceptions import UnsupportedAlgorithm, _Reasons
  File "/Users/amitkallapa/LMS/.ralph/venv/lib/python3.11/site-packages/cryptography/exceptions.py", line 9, in <module>
    from cryptography.hazmat.bindings._rust import exceptions as rust_exceptions
ImportError: dlopen(/Users/amitkallapa/LMS/.ralph/venv/lib/python3.11/site-packages/_cffi_backend.cpython-311-darwin.so, 0x0002): tried: '/Users/amitkallapa/LMS/.ralph/venv/lib/python3.11/site-packages/_cffi_backend.cpython-311-darwin.so' (mach-o file, but is an incompatible architecture (have 'arm64', need 'x86_64')), '/System/Volumes/Preboot/Cryptexes/OS/Users/amitkallapa/LMS/.ralph/venv/lib/python3.11/site-packages/_cffi_backend.cpython-311-darwin.so' (no such file), '/Users/amitkallapa/LMS/.ralph/venv/lib/python3.11/site-packages/_cffi_backend.cpython-311-darwin.so' (mach-o file, but is an incompatible architecture (have 'arm64', need 'x86_64'))
Process SpawnPoolWorker-12:
Traceback (most recent call last):
  File "/Library/Frameworks/Python.framework/Versions/3.11/lib/python3.11/multiprocessing/process.py", line 314, in _bootstrap
    self.run()
  File "/Library/Frameworks/Python.framework/Versions/3.11/lib/python3.11/multiprocessing/process.py", line 108, in run
    self._target(*self._args, **self._kwargs)
  File "/Library/Frameworks/Python.framework/Versions/3.11/lib/python3.11/multiprocessing/pool.py", line 109, in worker
    initializer(*initargs)
  File "/Users/amitkallapa/LMS/.ralph/venv/lib/python3.11/site-packages/django/test/runner.py", line 431, in _init_worker
    django.setup()
  File "/Users/amitkallapa/LMS/.ralph/venv/lib/python3.11/site-packages/django/__init__.py", line 24, in setup
    apps.populate(settings.INSTALLED_APPS)
  File "/Users/amitkallapa/LMS/.ralph/venv/lib/python3.11/site-packages/django/apps/registry.py", line 124, in populate
    app_config.ready()
  File "/Users/amitkallapa/LMS/.ralph/worktrees/2026-07-25_074057_normal_run/sfpcl_credit/compliance/apps.py", line 9, in ready
    from sfpcl_credit.compliance.search_facade import search_compliance_records
  File "/Users/amitkallapa/LMS/.ralph/worktrees/2026-07-25_074057_normal_run/sfpcl_credit/compliance/search_facade.py", line 4, in <module>
    from sfpcl_credit.compliance.modules import compliance_control_tracker
  File "/Users/amitkallapa/LMS/.ralph/worktrees/2026-07-25_074057_normal_run/sfpcl_credit/compliance/modules/compliance_control_tracker.py", line 14, in <module>
    from sfpcl_credit.identity.modules import auth_service
  File "/Users/amitkallapa/LMS/.ralph/worktrees/2026-07-25_074057_normal_run/sfpcl_credit/identity/modules/auth_service.py", line 18, in <module>
    from sfpcl_credit.identity.modules.tokens import (
  File "/Users/amitkallapa/LMS/.ralph/worktrees/2026-07-25_074057_normal_run/sfpcl_credit/identity/modules/tokens.py", line 13, in <module>
    import jwt
  File "/Users/amitkallapa/LMS/.ralph/venv/lib/python3.11/site-packages/jwt/__init__.py", line 1, in <module>
    from .api_jwk import PyJWK, PyJWKSet
  File "/Users/amitkallapa/LMS/.ralph/venv/lib/python3.11/site-packages/jwt/api_jwk.py", line 7, in <module>
    from .algorithms import get_default_algorithms, has_crypto, requires_cryptography
  File "/Users/amitkallapa/LMS/.ralph/venv/lib/python3.11/site-packages/jwt/algorithms.py", line 11, in <module>
    from .utils import (
  File "/Users/amitkallapa/LMS/.ralph/venv/lib/python3.11/site-packages/jwt/utils.py", line 7, in <module>
    from cryptography.hazmat.primitives.asymmetric.ec import EllipticCurve
  File "/Users/amitkallapa/LMS/.ralph/venv/lib/python3.11/site-packages/cryptography/hazmat/primitives/asymmetric/ec.py", line 11, in <module>
    from cryptography.exceptions import UnsupportedAlgorithm, _Reasons
  File "/Users/amitkallapa/LMS/.ralph/venv/lib/python3.11/site-packages/cryptography/exceptions.py", line 9, in <module>
    from cryptography.hazmat.bindings._rust import exceptions as rust_exceptions
ImportError: dlopen(/Users/amitkallapa/LMS/.ralph/venv/lib/python3.11/site-packages/_cffi_backend.cpython-311-darwin.so, 0x0002): tried: '/Users/amitkallapa/LMS/.ralph/venv/lib/python3.11/site-packages/_cffi_backend.cpython-311-darwin.so' (mach-o file, but is an incompatible architecture (have 'arm64', need 'x86_64')), '/System/Volumes/Preboot/Cryptexes/OS/Users/amitkallapa/LMS/.ralph/venv/lib/python3.11/site-packages/_cffi_backend.cpython-311-darwin.so' (no such file), '/Users/amitkallapa/LMS/.ralph/venv/lib/python3.11/site-packages/_cffi_backend.cpython-311-darwin.so' (mach-o file, but is an incompatible architecture (have 'arm64', need 'x86_64'))
Process SpawnPoolWorker-8:
Process SpawnPoolWorker-11:
Traceback (most recent call last):
  File "/Library/Frameworks/Python.framework/Versions/3.11/lib/python3.11/multiprocessing/process.py", line 314, in _bootstrap
    self.run()
  File "/Library/Frameworks/Python.framework/Versions/3.11/lib/python3.11/multiprocessing/process.py", line 108, in run
    self._target(*self._args, **self._kwargs)
  File "/Library/Frameworks/Python.framework/Versions/3.11/lib/python3.11/multiprocessing/pool.py", line 109, in worker
    initializer(*initargs)
  File "/Users/amitkallapa/LMS/.ralph/venv/lib/python3.11/site-packages/django/test/runner.py", line 431, in _init_worker
    django.setup()
  File "/Users/amitkallapa/LMS/.ralph/venv/lib/python3.11/site-packages/django/__init__.py", line 24, in setup
    apps.populate(settings.INSTALLED_APPS)
  File "/Users/amitkallapa/LMS/.ralph/venv/lib/python3.11/site-packages/django/apps/registry.py", line 124, in populate
    app_config.ready()
  File "/Users/amitkallapa/LMS/.ralph/worktrees/2026-07-25_074057_normal_run/sfpcl_credit/compliance/apps.py", line 9, in ready
    from sfpcl_credit.compliance.search_facade import search_compliance_records
  File "/Users/amitkallapa/LMS/.ralph/worktrees/2026-07-25_074057_normal_run/sfpcl_credit/compliance/search_facade.py", line 4, in <module>
    from sfpcl_credit.compliance.modules import compliance_control_tracker
  File "/Users/amitkallapa/LMS/.ralph/worktrees/2026-07-25_074057_normal_run/sfpcl_credit/compliance/modules/compliance_control_tracker.py", line 14, in <module>
    from sfpcl_credit.identity.modules import auth_service
  File "/Users/amitkallapa/LMS/.ralph/worktrees/2026-07-25_074057_normal_run/sfpcl_credit/identity/modules/auth_service.py", line 18, in <module>
    from sfpcl_credit.identity.modules.tokens import (
  File "/Users/amitkallapa/LMS/.ralph/worktrees/2026-07-25_074057_normal_run/sfpcl_credit/identity/modules/tokens.py", line 13, in <module>
    import jwt
  File "/Users/amitkallapa/LMS/.ralph/venv/lib/python3.11/site-packages/jwt/__init__.py", line 1, in <module>
    from .api_jwk import PyJWK, PyJWKSet
  File "/Users/amitkallapa/LMS/.ralph/venv/lib/python3.11/site-packages/jwt/api_jwk.py", line 7, in <module>
    from .algorithms import get_default_algorithms, has_crypto, requires_cryptography
  File "/Users/amitkallapa/LMS/.ralph/venv/lib/python3.11/site-packages/jwt/algorithms.py", line 11, in <module>
    from .utils import (
  File "/Users/amitkallapa/LMS/.ralph/venv/lib/python3.11/site-packages/jwt/utils.py", line 7, in <module>
    from cryptography.hazmat.primitives.asymmetric.ec import EllipticCurve
  File "/Users/amitkallapa/LMS/.ralph/venv/lib/python3.11/site-packages/cryptography/hazmat/primitives/asymmetric/ec.py", line 11, in <module>
    from cryptography.exceptions import UnsupportedAlgorithm, _Reasons
  File "/Users/amitkallapa/LMS/.ralph/venv/lib/python3.11/site-packages/cryptography/exceptions.py", line 9, in <module>
    from cryptography.hazmat.bindings._rust import exceptions as rust_exceptions
ImportError: dlopen(/Users/amitkallapa/LMS/.ralph/venv/lib/python3.11/site-packages/_cffi_backend.cpython-311-darwin.so, 0x0002): tried: '/Users/amitkallapa/LMS/.ralph/venv/lib/python3.11/site-packages/_cffi_backend.cpython-311-darwin.so' (mach-o file, but is an incompatible architecture (have 'arm64', need 'x86_64')), '/System/Volumes/Preboot/Cryptexes/OS/Users/amitkallapa/LMS/.ralph/venv/lib/python3.11/site-packages/_cffi_backend.cpython-311-darwin.so' (no such file), '/Users/amitkallapa/LMS/.ralph/venv/lib/python3.11/site-packages/_cffi_backend.cpython-311-darwin.so' (mach-o file, but is an incompatible architecture (have 'arm64', need 'x86_64'))
Traceback (most recent call last):
  File "/Library/Frameworks/Python.framework/Versions/3.11/lib/python3.11/multiprocessing/process.py", line 314, in _bootstrap
    self.run()
  File "/Library/Frameworks/Python.framework/Versions/3.11/lib/python3.11/multiprocessing/process.py", line 108, in run
    self._target(*self._args, **self._kwargs)
  File "/Library/Frameworks/Python.framework/Versions/3.11/lib/python3.11/multiprocessing/pool.py", line 109, in worker
    initializer(*initargs)
  File "/Users/amitkallapa/LMS/.ralph/venv/lib/python3.11/site-packages/django/test/runner.py", line 431, in _init_worker
    django.setup()
  File "/Users/amitkallapa/LMS/.ralph/venv/lib/python3.11/site-packages/django/__init__.py", line 24, in setup
    apps.populate(settings.INSTALLED_APPS)
  File "/Users/amitkallapa/LMS/.ralph/venv/lib/python3.11/site-packages/django/apps/registry.py", line 124, in populate
    app_config.ready()
  File "/Users/amitkallapa/LMS/.ralph/worktrees/2026-07-25_074057_normal_run/sfpcl_credit/compliance/apps.py", line 9, in ready
    from sfpcl_credit.compliance.search_facade import search_compliance_records
  File "/Users/amitkallapa/LMS/.ralph/worktrees/2026-07-25_074057_normal_run/sfpcl_credit/compliance/search_facade.py", line 4, in <module>
    from sfpcl_credit.compliance.modules import compliance_control_tracker
  File "/Users/amitkallapa/LMS/.ralph/worktrees/2026-07-25_074057_normal_run/sfpcl_credit/compliance/modules/compliance_control_tracker.py", line 14, in <module>
    from sfpcl_credit.identity.modules import auth_service
  File "/Users/amitkallapa/LMS/.ralph/worktrees/2026-07-25_074057_normal_run/sfpcl_credit/identity/modules/auth_service.py", line 18, in <module>
    from sfpcl_credit.identity.modules.tokens import (
  File "/Users/amitkallapa/LMS/.ralph/worktrees/2026-07-25_074057_normal_run/sfpcl_credit/identity/modules/tokens.py", line 13, in <module>
    import jwt
  File "/Users/amitkallapa/LMS/.ralph/venv/lib/python3.11/site-packages/jwt/__init__.py", line 1, in <module>
    from .api_jwk import PyJWK, PyJWKSet
  File "/Users/amitkallapa/LMS/.ralph/venv/lib/python3.11/site-packages/jwt/api_jwk.py", line 7, in <module>
    from .algorithms import get_default_algorithms, has_crypto, requires_cryptography
  File "/Users/amitkallapa/LMS/.ralph/venv/lib/python3.11/site-packages/jwt/algorithms.py", line 11, in <module>
    from .utils import (
  File "/Users/amitkallapa/LMS/.ralph/venv/lib/python3.11/site-packages/jwt/utils.py", line 7, in <module>
    from cryptography.hazmat.primitives.asymmetric.ec import EllipticCurve
  File "/Users/amitkallapa/LMS/.ralph/venv/lib/python3.11/site-packages/cryptography/hazmat/primitives/asymmetric/ec.py", line 11, in <module>
    from cryptography.exceptions import UnsupportedAlgorithm, _Reasons
  File "/Users/amitkallapa/LMS/.ralph/venv/lib/python3.11/site-packages/cryptography/exceptions.py", line 9, in <module>
    from cryptography.hazmat.bindings._rust import exceptions as rust_exceptions
ImportError: dlopen(/Users/amitkallapa/LMS/.ralph/venv/lib/python3.11/site-packages/_cffi_backend.cpython-311-darwin.so, 0x0002): tried: '/Users/amitkallapa/LMS/.ralph/venv/lib/python3.11/site-packages/_cffi_backend.cpython-311-darwin.so' (mach-o file, but is an incompatible architecture (have 'arm64', need 'x86_64')), '/System/Volumes/Preboot/Cryptexes/OS/Users/amitkallapa/LMS/.ralph/venv/lib/python3.11/site-packages/_cffi_backend.cpython-311-darwin.so' (no such file), '/Users/amitkallapa/LMS/.ralph/venv/lib/python3.11/site-packages/_cffi_backend.cpython-311-darwin.so' (mach-o file, but is an incompatible architecture (have 'arm64', need 'x86_64'))
Process SpawnPoolWorker-9:
Traceback (most recent call last):
  File "/Library/Frameworks/Python.framework/Versions/3.11/lib/python3.11/multiprocessing/process.py", line 314, in _bootstrap
    self.run()
  File "/Library/Frameworks/Python.framework/Versions/3.11/lib/python3.11/multiprocessing/process.py", line 108, in run
    self._target(*self._args, **self._kwargs)
  File "/Library/Frameworks/Python.framework/Versions/3.11/lib/python3.11/multiprocessing/pool.py", line 109, in worker
    initializer(*initargs)
  File "/Users/amitkallapa/LMS/.ralph/venv/lib/python3.11/site-packages/django/test/runner.py", line 431, in _init_worker
    django.setup()
  File "/Users/amitkallapa/LMS/.ralph/venv/lib/python3.11/site-packages/django/__init__.py", line 24, in setup
    apps.populate(settings.INSTALLED_APPS)
  File "/Users/amitkallapa/LMS/.ralph/venv/lib/python3.11/site-packages/django/apps/registry.py", line 124, in populate
    app_config.ready()
  File "/Users/amitkallapa/LMS/.ralph/worktrees/2026-07-25_074057_normal_run/sfpcl_credit/compliance/apps.py", line 9, in ready
    from sfpcl_credit.compliance.search_facade import search_compliance_records
  File "/Users/amitkallapa/LMS/.ralph/worktrees/2026-07-25_074057_normal_run/sfpcl_credit/compliance/search_facade.py", line 4, in <module>
    from sfpcl_credit.compliance.modules import compliance_control_tracker
  File "/Users/amitkallapa/LMS/.ralph/worktrees/2026-07-25_074057_normal_run/sfpcl_credit/compliance/modules/compliance_control_tracker.py", line 14, in <module>
    from sfpcl_credit.identity.modules import auth_service
  File "/Users/amitkallapa/LMS/.ralph/worktrees/2026-07-25_074057_normal_run/sfpcl_credit/identity/modules/auth_service.py", line 18, in <module>
    from sfpcl_credit.identity.modules.tokens import (
  File "/Users/amitkallapa/LMS/.ralph/worktrees/2026-07-25_074057_normal_run/sfpcl_credit/identity/modules/tokens.py", line 13, in <module>
    import jwt
  File "/Users/amitkallapa/LMS/.ralph/venv/lib/python3.11/site-packages/jwt/__init__.py", line 1, in <module>
    from .api_jwk import PyJWK, PyJWKSet
  File "/Users/amitkallapa/LMS/.ralph/venv/lib/python3.11/site-packages/jwt/api_jwk.py", line 7, in <module>
    from .algorithms import get_default_algorithms, has_crypto, requires_cryptography
  File "/Users/amitkallapa/LMS/.ralph/venv/lib/python3.11/site-packages/jwt/algorithms.py", line 11, in <module>
    from .utils import (
  File "/Users/amitkallapa/LMS/.ralph/venv/lib/python3.11/site-packages/jwt/utils.py", line 7, in <module>
    from cryptography.hazmat.primitives.asymmetric.ec import EllipticCurve
  File "/Users/amitkallapa/LMS/.ralph/venv/lib/python3.11/site-packages/cryptography/hazmat/primitives/asymmetric/ec.py", line 11, in <module>
    from cryptography.exceptions import UnsupportedAlgorithm, _Reasons
  File "/Users/amitkallapa/LMS/.ralph/venv/lib/python3.11/site-packages/cryptography/exceptions.py", line 9, in <module>
    from cryptography.hazmat.bindings._rust import exceptions as rust_exceptions
ImportError: dlopen(/Users/amitkallapa/LMS/.ralph/venv/lib/python3.11/site-packages/_cffi_backend.cpython-311-darwin.so, 0x0002): tried: '/Users/amitkallapa/LMS/.ralph/venv/lib/python3.11/site-packages/_cffi_backend.cpython-311-darwin.so' (mach-o file, but is an incompatible architecture (have 'arm64', need 'x86_64')), '/System/Volumes/Preboot/Cryptexes/OS/Users/amitkallapa/LMS/.ralph/venv/lib/python3.11/site-packages/_cffi_backend.cpython-311-darwin.so' (no such file), '/Users/amitkallapa/LMS/.ralph/venv/lib/python3.11/site-packages/_cffi_backend.cpython-311-darwin.so' (mach-o file, but is an incompatible architecture (have 'arm64', need 'x86_64'))
Process SpawnPoolWorker-7:
Traceback (most recent call last):
  File "/Library/Frameworks/Python.framework/Versions/3.11/lib/python3.11/multiprocessing/process.py", line 314, in _bootstrap
    self.run()
  File "/Library/Frameworks/Python.framework/Versions/3.11/lib/python3.11/multiprocessing/process.py", line 108, in run
    self._target(*self._args, **self._kwargs)
  File "/Library/Frameworks/Python.framework/Versions/3.11/lib/python3.11/multiprocessing/pool.py", line 109, in worker
    initializer(*initargs)
  File "/Users/amitkallapa/LMS/.ralph/venv/lib/python3.11/site-packages/django/test/runner.py", line 431, in _init_worker
    django.setup()
  File "/Users/amitkallapa/LMS/.ralph/venv/lib/python3.11/site-packages/django/__init__.py", line 24, in setup
    apps.populate(settings.INSTALLED_APPS)
  File "/Users/amitkallapa/LMS/.ralph/venv/lib/python3.11/site-packages/django/apps/registry.py", line 124, in populate
    app_config.ready()
  File "/Users/amitkallapa/LMS/.ralph/worktrees/2026-07-25_074057_normal_run/sfpcl_credit/compliance/apps.py", line 9, in ready
    from sfpcl_credit.compliance.search_facade import search_compliance_records
  File "/Users/amitkallapa/LMS/.ralph/worktrees/2026-07-25_074057_normal_run/sfpcl_credit/compliance/search_facade.py", line 4, in <module>
    from sfpcl_credit.compliance.modules import compliance_control_tracker
  File "/Users/amitkallapa/LMS/.ralph/worktrees/2026-07-25_074057_normal_run/sfpcl_credit/compliance/modules/compliance_control_tracker.py", line 14, in <module>
    from sfpcl_credit.identity.modules import auth_service
  File "/Users/amitkallapa/LMS/.ralph/worktrees/2026-07-25_074057_normal_run/sfpcl_credit/identity/modules/auth_service.py", line 18, in <module>
    from sfpcl_credit.identity.modules.tokens import (
  File "/Users/amitkallapa/LMS/.ralph/worktrees/2026-07-25_074057_normal_run/sfpcl_credit/identity/modules/tokens.py", line 13, in <module>
    import jwt
  File "/Users/amitkallapa/LMS/.ralph/venv/lib/python3.11/site-packages/jwt/__init__.py", line 1, in <module>
    from .api_jwk import PyJWK, PyJWKSet
  File "/Users/amitkallapa/LMS/.ralph/venv/lib/python3.11/site-packages/jwt/api_jwk.py", line 7, in <module>
    from .algorithms import get_default_algorithms, has_crypto, requires_cryptography
  File "/Users/amitkallapa/LMS/.ralph/venv/lib/python3.11/site-packages/jwt/algorithms.py", line 11, in <module>
    from .utils import (
  File "/Users/amitkallapa/LMS/.ralph/venv/lib/python3.11/site-packages/jwt/utils.py", line 7, in <module>
    from cryptography.hazmat.primitives.asymmetric.ec import EllipticCurve
  File "/Users/amitkallapa/LMS/.ralph/venv/lib/python3.11/site-packages/cryptography/hazmat/primitives/asymmetric/ec.py", line 11, in <module>
    from cryptography.exceptions import UnsupportedAlgorithm, _Reasons
  File "/Users/amitkallapa/LMS/.ralph/venv/lib/python3.11/site-packages/cryptography/exceptions.py", line 9, in <module>
    from cryptography.hazmat.bindings._rust import exceptions as rust_exceptions
ImportError: dlopen(/Users/amitkallapa/LMS/.ralph/venv/lib/python3.11/site-packages/_cffi_backend.cpython-311-darwin.so, 0x0002): tried: '/Users/amitkallapa/LMS/.ralph/venv/lib/python3.11/site-packages/_cffi_backend.cpython-311-darwin.so' (mach-o file, but is an incompatible architecture (have 'arm64', need 'x86_64')), '/System/Volumes/Preboot/Cryptexes/OS/Users/amitkallapa/LMS/.ralph/venv/lib/python3.11/site-packages/_cffi_backend.cpython-311-darwin.so' (no such file), '/Users/amitkallapa/LMS/.ralph/venv/lib/python3.11/site-packages/_cffi_backend.cpython-311-darwin.so' (mach-o file, but is an incompatible architecture (have 'arm64', need 'x86_64'))
Process SpawnPoolWorker-17:
Traceback (most recent call last):
  File "/Library/Frameworks/Python.framework/Versions/3.11/lib/python3.11/multiprocessing/process.py", line 314, in _bootstrap
    self.run()
  File "/Library/Frameworks/Python.framework/Versions/3.11/lib/python3.11/multiprocessing/process.py", line 108, in run
    self._target(*self._args, **self._kwargs)
  File "/Library/Frameworks/Python.framework/Versions/3.11/lib/python3.11/multiprocessing/pool.py", line 109, in worker
    initializer(*initargs)
  File "/Users/amitkallapa/LMS/.ralph/venv/lib/python3.11/site-packages/django/test/runner.py", line 431, in _init_worker
    django.setup()
  File "/Users/amitkallapa/LMS/.ralph/venv/lib/python3.11/site-packages/django/__init__.py", line 24, in setup
    apps.populate(settings.INSTALLED_APPS)
  File "/Users/amitkallapa/LMS/.ralph/venv/lib/python3.11/site-packages/django/apps/registry.py", line 124, in populate
    app_config.ready()
  File "/Users/amitkallapa/LMS/.ralph/worktrees/2026-07-25_074057_normal_run/sfpcl_credit/compliance/apps.py", line 9, in ready
    from sfpcl_credit.compliance.search_facade import search_compliance_records
  File "/Users/amitkallapa/LMS/.ralph/worktrees/2026-07-25_074057_normal_run/sfpcl_credit/compliance/search_facade.py", line 4, in <module>
    from sfpcl_credit.compliance.modules import compliance_control_tracker
  File "/Users/amitkallapa/LMS/.ralph/worktrees/2026-07-25_074057_normal_run/sfpcl_credit/compliance/modules/compliance_control_tracker.py", line 14, in <module>
    from sfpcl_credit.identity.modules import auth_service
  File "/Users/amitkallapa/LMS/.ralph/worktrees/2026-07-25_074057_normal_run/sfpcl_credit/identity/modules/auth_service.py", line 18, in <module>
    from sfpcl_credit.identity.modules.tokens import (
  File "/Users/amitkallapa/LMS/.ralph/worktrees/2026-07-25_074057_normal_run/sfpcl_credit/identity/modules/tokens.py", line 13, in <module>
    import jwt
  File "/Users/amitkallapa/LMS/.ralph/venv/lib/python3.11/site-packages/jwt/__init__.py", line 1, in <module>
    from .api_jwk import PyJWK, PyJWKSet
  File "/Users/amitkallapa/LMS/.ralph/venv/lib/python3.11/site-packages/jwt/api_jwk.py", line 7, in <module>
    from .algorithms import get_default_algorithms, has_crypto, requires_cryptography
  File "/Users/amitkallapa/LMS/.ralph/venv/lib/python3.11/site-packages/jwt/algorithms.py", line 11, in <module>
    from .utils import (
  File "/Users/amitkallapa/LMS/.ralph/venv/lib/python3.11/site-packages/jwt/utils.py", line 7, in <module>
    from cryptography.hazmat.primitives.asymmetric.ec import EllipticCurve
  File "/Users/amitkallapa/LMS/.ralph/venv/lib/python3.11/site-packages/cryptography/hazmat/primitives/asymmetric/ec.py", line 11, in <module>
    from cryptography.exceptions import UnsupportedAlgorithm, _Reasons
  File "/Users/amitkallapa/LMS/.ralph/venv/lib/python3.11/site-packages/cryptography/exceptions.py", line 9, in <module>
    from cryptography.hazmat.bindings._rust import exceptions as rust_exceptions
ImportError: dlopen(/Users/amitkallapa/LMS/.ralph/venv/lib/python3.11/site-packages/_cffi_backend.cpython-311-darwin.so, 0x0002): tried: '/Users/amitkallapa/LMS/.ralph/venv/lib/python3.11/site-packages/_cffi_backend.cpython-311-darwin.so' (mach-o file, but is an incompatible architecture (have 'arm64', need 'x86_64')), '/System/Volumes/Preboot/Cryptexes/OS/Users/amitkallapa/LMS/.ralph/venv/lib/python3.11/site-packages/_cffi_backend.cpython-311-darwin.so' (no such file), '/Users/amitkallapa/LMS/.ralph/venv/lib/python3.11/site-packages/_cffi_backend.cpython-311-darwin.so' (mach-o file, but is an incompatible architecture (have 'arm64', need 'x86_64'))
Process SpawnPoolWorker-13:
Traceback (most recent call last):
  File "/Library/Frameworks/Python.framework/Versions/3.11/lib/python3.11/multiprocessing/process.py", line 314, in _bootstrap
    self.run()
  File "/Library/Frameworks/Python.framework/Versions/3.11/lib/python3.11/multiprocessing/process.py", line 108, in run
    self._target(*self._args, **self._kwargs)
  File "/Library/Frameworks/Python.framework/Versions/3.11/lib/python3.11/multiprocessing/pool.py", line 109, in worker
    initializer(*initargs)
  File "/Users/amitkallapa/LMS/.ralph/venv/lib/python3.11/site-packages/django/test/runner.py", line 431, in _init_worker
    django.setup()
  File "/Users/amitkallapa/LMS/.ralph/venv/lib/python3.11/site-packages/django/__init__.py", line 24, in setup
    apps.populate(settings.INSTALLED_APPS)
  File "/Users/amitkallapa/LMS/.ralph/venv/lib/python3.11/site-packages/django/apps/registry.py", line 124, in populate
    app_config.ready()
  File "/Users/amitkallapa/LMS/.ralph/worktrees/2026-07-25_074057_normal_run/sfpcl_credit/compliance/apps.py", line 9, in ready
    from sfpcl_credit.compliance.search_facade import search_compliance_records
  File "/Users/amitkallapa/LMS/.ralph/worktrees/2026-07-25_074057_normal_run/sfpcl_credit/compliance/search_facade.py", line 4, in <module>
    from sfpcl_credit.compliance.modules import compliance_control_tracker
  File "/Users/amitkallapa/LMS/.ralph/worktrees/2026-07-25_074057_normal_run/sfpcl_credit/compliance/modules/compliance_control_tracker.py", line 14, in <module>
    from sfpcl_credit.identity.modules import auth_service
  File "/Users/amitkallapa/LMS/.ralph/worktrees/2026-07-25_074057_normal_run/sfpcl_credit/identity/modules/auth_service.py", line 18, in <module>
    from sfpcl_credit.identity.modules.tokens import (
  File "/Users/amitkallapa/LMS/.ralph/worktrees/2026-07-25_074057_normal_run/sfpcl_credit/identity/modules/tokens.py", line 13, in <module>
    import jwt
  File "/Users/amitkallapa/LMS/.ralph/venv/lib/python3.11/site-packages/jwt/__init__.py", line 1, in <module>
    from .api_jwk import PyJWK, PyJWKSet
  File "/Users/amitkallapa/LMS/.ralph/venv/lib/python3.11/site-packages/jwt/api_jwk.py", line 7, in <module>
    from .algorithms import get_default_algorithms, has_crypto, requires_cryptography
  File "/Users/amitkallapa/LMS/.ralph/venv/lib/python3.11/site-packages/jwt/algorithms.py", line 11, in <module>
    from .utils import (
  File "/Users/amitkallapa/LMS/.ralph/venv/lib/python3.11/site-packages/jwt/utils.py", line 7, in <module>
    from cryptography.hazmat.primitives.asymmetric.ec import EllipticCurve
  File "/Users/amitkallapa/LMS/.ralph/venv/lib/python3.11/site-packages/cryptography/hazmat/primitives/asymmetric/ec.py", line 11, in <module>
    from cryptography.exceptions import UnsupportedAlgorithm, _Reasons
  File "/Users/amitkallapa/LMS/.ralph/venv/lib/python3.11/site-packages/cryptography/exceptions.py", line 9, in <module>
    from cryptography.hazmat.bindings._rust import exceptions as rust_exceptions
ImportError: dlopen(/Users/amitkallapa/LMS/.ralph/venv/lib/python3.11/site-packages/_cffi_backend.cpython-311-darwin.so, 0x0002): tried: '/Users/amitkallapa/LMS/.ralph/venv/lib/python3.11/site-packages/_cffi_backend.cpython-311-darwin.so' (mach-o file, but is an incompatible architecture (have 'arm64', need 'x86_64')), '/System/Volumes/Preboot/Cryptexes/OS/Users/amitkallapa/LMS/.ralph/venv/lib/python3.11/site-packages/_cffi_backend.cpython-311-darwin.so' (no such file), '/Users/amitkallapa/LMS/.ralph/venv/lib/python3.11/site-packages/_cffi_backend.cpython-311-darwin.so' (mach-o file, but is an incompatible architecture (have 'arm64', need 'x86_64'))
Process SpawnPoolWorker-14:
Traceback (most recent call last):
  File "/Library/Frameworks/Python.framework/Versions/3.11/lib/python3.11/multiprocessing/process.py", line 314, in _bootstrap
    self.run()
  File "/Library/Frameworks/Python.framework/Versions/3.11/lib/python3.11/multiprocessing/process.py", line 108, in run
    self._target(*self._args, **self._kwargs)
  File "/Library/Frameworks/Python.framework/Versions/3.11/lib/python3.11/multiprocessing/pool.py", line 109, in worker
    initializer(*initargs)
  File "/Users/amitkallapa/LMS/.ralph/venv/lib/python3.11/site-packages/django/test/runner.py", line 431, in _init_worker
    django.setup()
  File "/Users/amitkallapa/LMS/.ralph/venv/lib/python3.11/site-packages/django/__init__.py", line 24, in setup
    apps.populate(settings.INSTALLED_APPS)
  File "/Users/amitkallapa/LMS/.ralph/venv/lib/python3.11/site-packages/django/apps/registry.py", line 124, in populate
    app_config.ready()
  File "/Users/amitkallapa/LMS/.ralph/worktrees/2026-07-25_074057_normal_run/sfpcl_credit/compliance/apps.py", line 9, in ready
    from sfpcl_credit.compliance.search_facade import search_compliance_records
  File "/Users/amitkallapa/LMS/.ralph/worktrees/2026-07-25_074057_normal_run/sfpcl_credit/compliance/search_facade.py", line 4, in <module>
    from sfpcl_credit.compliance.modules import compliance_control_tracker
  File "/Users/amitkallapa/LMS/.ralph/worktrees/2026-07-25_074057_normal_run/sfpcl_credit/compliance/modules/compliance_control_tracker.py", line 14, in <module>
    from sfpcl_credit.identity.modules import auth_service
  File "/Users/amitkallapa/LMS/.ralph/worktrees/2026-07-25_074057_normal_run/sfpcl_credit/identity/modules/auth_service.py", line 18, in <module>
    from sfpcl_credit.identity.modules.tokens import (
  File "/Users/amitkallapa/LMS/.ralph/worktrees/2026-07-25_074057_normal_run/sfpcl_credit/identity/modules/tokens.py", line 13, in <module>
    import jwt
  File "/Users/amitkallapa/LMS/.ralph/venv/lib/python3.11/site-packages/jwt/__init__.py", line 1, in <module>
    from .api_jwk import PyJWK, PyJWKSet
  File "/Users/amitkallapa/LMS/.ralph/venv/lib/python3.11/site-packages/jwt/api_jwk.py", line 7, in <module>
    from .algorithms import get_default_algorithms, has_crypto, requires_cryptography
  File "/Users/amitkallapa/LMS/.ralph/venv/lib/python3.11/site-packages/jwt/algorithms.py", line 11, in <module>
    from .utils import (
  File "/Users/amitkallapa/LMS/.ralph/venv/lib/python3.11/site-packages/jwt/utils.py", line 7, in <module>
    from cryptography.hazmat.primitives.asymmetric.ec import EllipticCurve
  File "/Users/amitkallapa/LMS/.ralph/venv/lib/python3.11/site-packages/cryptography/hazmat/primitives/asymmetric/ec.py", line 11, in <module>
    from cryptography.exceptions import UnsupportedAlgorithm, _Reasons
  File "/Users/amitkallapa/LMS/.ralph/venv/lib/python3.11/site-packages/cryptography/exceptions.py", line 9, in <module>
    from cryptography.hazmat.bindings._rust import exceptions as rust_exceptions
ImportError: dlopen(/Users/amitkallapa/LMS/.ralph/venv/lib/python3.11/site-packages/_cffi_backend.cpython-311-darwin.so, 0x0002): tried: '/Users/amitkallapa/LMS/.ralph/venv/lib/python3.11/site-packages/_cffi_backend.cpython-311-darwin.so' (mach-o file, but is an incompatible architecture (have 'arm64', need 'x86_64')), '/System/Volumes/Preboot/Cryptexes/OS/Users/amitkallapa/LMS/.ralph/venv/lib/python3.11/site-packages/_cffi_backend.cpython-311-darwin.so' (no such file), '/Users/amitkallapa/LMS/.ralph/venv/lib/python3.11/site-packages/_cffi_backend.cpython-311-darwin.so' (mach-o file, but is an incompatible architecture (have 'arm64', need 'x86_64'))
Process SpawnPoolWorker-16:
Traceback (most recent call last):
  File "/Library/Frameworks/Python.framework/Versions/3.11/lib/python3.11/multiprocessing/process.py", line 314, in _bootstrap
    self.run()
  File "/Library/Frameworks/Python.framework/Versions/3.11/lib/python3.11/multiprocessing/process.py", line 108, in run
    self._target(*self._args, **self._kwargs)
  File "/Library/Frameworks/Python.framework/Versions/3.11/lib/python3.11/multiprocessing/pool.py", line 109, in worker
    initializer(*initargs)
  File "/Users/amitkallapa/LMS/.ralph/venv/lib/python3.11/site-packages/django/test/runner.py", line 431, in _init_worker
    django.setup()
  File "/Users/amitkallapa/LMS/.ralph/venv/lib/python3.11/site-packages/django/__init__.py", line 24, in setup
    apps.populate(settings.INSTALLED_APPS)
  File "/Users/amitkallapa/LMS/.ralph/venv/lib/python3.11/site-packages/django/apps/registry.py", line 124, in populate
    app_config.ready()
  File "/Users/amitkallapa/LMS/.ralph/worktrees/2026-07-25_074057_normal_run/sfpcl_credit/compliance/apps.py", line 9, in ready
    from sfpcl_credit.compliance.search_facade import search_compliance_records
  File "/Users/amitkallapa/LMS/.ralph/worktrees/2026-07-25_074057_normal_run/sfpcl_credit/compliance/search_facade.py", line 4, in <module>
    from sfpcl_credit.compliance.modules import compliance_control_tracker
  File "/Users/amitkallapa/LMS/.ralph/worktrees/2026-07-25_074057_normal_run/sfpcl_credit/compliance/modules/compliance_control_tracker.py", line 14, in <module>
    from sfpcl_credit.identity.modules import auth_service
  File "/Users/amitkallapa/LMS/.ralph/worktrees/2026-07-25_074057_normal_run/sfpcl_credit/identity/modules/auth_service.py", line 18, in <module>
    from sfpcl_credit.identity.modules.tokens import (
  File "/Users/amitkallapa/LMS/.ralph/worktrees/2026-07-25_074057_normal_run/sfpcl_credit/identity/modules/tokens.py", line 13, in <module>
    import jwt
  File "/Users/amitkallapa/LMS/.ralph/venv/lib/python3.11/site-packages/jwt/__init__.py", line 1, in <module>
    from .api_jwk import PyJWK, PyJWKSet
  File "/Users/amitkallapa/LMS/.ralph/venv/lib/python3.11/site-packages/jwt/api_jwk.py", line 7, in <module>
    from .algorithms import get_default_algorithms, has_crypto, requires_cryptography
  File "/Users/amitkallapa/LMS/.ralph/venv/lib/python3.11/site-packages/jwt/algorithms.py", line 11, in <module>
    from .utils import (
  File "/Users/amitkallapa/LMS/.ralph/venv/lib/python3.11/site-packages/jwt/utils.py", line 7, in <module>
    from cryptography.hazmat.primitives.asymmetric.ec import EllipticCurve
  File "/Users/amitkallapa/LMS/.ralph/venv/lib/python3.11/site-packages/cryptography/hazmat/primitives/asymmetric/ec.py", line 11, in <module>
    from cryptography.exceptions import UnsupportedAlgorithm, _Reasons
  File "/Users/amitkallapa/LMS/.ralph/venv/lib/python3.11/site-packages/cryptography/exceptions.py", line 9, in <module>
    from cryptography.hazmat.bindings._rust import exceptions as rust_exceptions
ImportError: dlopen(/Users/amitkallapa/LMS/.ralph/venv/lib/python3.11/site-packages/_cffi_backend.cpython-311-darwin.so, 0x0002): tried: '/Users/amitkallapa/LMS/.ralph/venv/lib/python3.11/site-packages/_cffi_backend.cpython-311-darwin.so' (mach-o file, but is an incompatible architecture (have 'arm64', need 'x86_64')), '/System/Volumes/Preboot/Cryptexes/OS/Users/amitkallapa/LMS/.ralph/venv/lib/python3.11/site-packages/_cffi_backend.cpython-311-darwin.so' (no such file), '/Users/amitkallapa/LMS/.ralph/venv/lib/python3.11/site-packages/_cffi_backend.cpython-311-darwin.so' (mach-o file, but is an incompatible architecture (have 'arm64', need 'x86_64'))
Process SpawnPoolWorker-15:
Traceback (most recent call last):
  File "/Library/Frameworks/Python.framework/Versions/3.11/lib/python3.11/multiprocessing/process.py", line 314, in _bootstrap
    self.run()
  File "/Library/Frameworks/Python.framework/Versions/3.11/lib/python3.11/multiprocessing/process.py", line 108, in run
    self._target(*self._args, **self._kwargs)
  File "/Library/Frameworks/Python.framework/Versions/3.11/lib/python3.11/multiprocessing/pool.py", line 109, in worker
    initializer(*initargs)
  File "/Users/amitkallapa/LMS/.ralph/venv/lib/python3.11/site-packages/django/test/runner.py", line 431, in _init_worker
    django.setup()
  File "/Users/amitkallapa/LMS/.ralph/venv/lib/python3.11/site-packages/django/__init__.py", line 24, in setup
    apps.populate(settings.INSTALLED_APPS)
  File "/Users/amitkallapa/LMS/.ralph/venv/lib/python3.11/site-packages/django/apps/registry.py", line 124, in populate
    app_config.ready()
  File "/Users/amitkallapa/LMS/.ralph/worktrees/2026-07-25_074057_normal_run/sfpcl_credit/compliance/apps.py", line 9, in ready
    from sfpcl_credit.compliance.search_facade import search_compliance_records
  File "/Users/amitkallapa/LMS/.ralph/worktrees/2026-07-25_074057_normal_run/sfpcl_credit/compliance/search_facade.py", line 4, in <module>
    from sfpcl_credit.compliance.modules import compliance_control_tracker
  File "/Users/amitkallapa/LMS/.ralph/worktrees/2026-07-25_074057_normal_run/sfpcl_credit/compliance/modules/compliance_control_tracker.py", line 14, in <module>
    from sfpcl_credit.identity.modules import auth_service
  File "/Users/amitkallapa/LMS/.ralph/worktrees/2026-07-25_074057_normal_run/sfpcl_credit/identity/modules/auth_service.py", line 18, in <module>
    from sfpcl_credit.identity.modules.tokens import (
  File "/Users/amitkallapa/LMS/.ralph/worktrees/2026-07-25_074057_normal_run/sfpcl_credit/identity/modules/tokens.py", line 13, in <module>
    import jwt
  File "/Users/amitkallapa/LMS/.ralph/venv/lib/python3.11/site-packages/jwt/__init__.py", line 1, in <module>
    from .api_jwk import PyJWK, PyJWKSet
  File "/Users/amitkallapa/LMS/.ralph/venv/lib/python3.11/site-packages/jwt/api_jwk.py", line 7, in <module>
    from .algorithms import get_default_algorithms, has_crypto, requires_cryptography
  File "/Users/amitkallapa/LMS/.ralph/venv/lib/python3.11/site-packages/jwt/algorithms.py", line 11, in <module>
    from .utils import (
  File "/Users/amitkallapa/LMS/.ralph/venv/lib/python3.11/site-packages/jwt/utils.py", line 7, in <module>
    from cryptography.hazmat.primitives.asymmetric.ec import EllipticCurve
  File "/Users/amitkallapa/LMS/.ralph/venv/lib/python3.11/site-packages/cryptography/hazmat/primitives/asymmetric/ec.py", line 11, in <module>
    from cryptography.exceptions import UnsupportedAlgorithm, _Reasons
  File "/Users/amitkallapa/LMS/.ralph/venv/lib/python3.11/site-packages/cryptography/exceptions.py", line 9, in <module>
    from cryptography.hazmat.bindings._rust import exceptions as rust_exceptions
ImportError: dlopen(/Users/amitkallapa/LMS/.ralph/venv/lib/python3.11/site-packages/_cffi_backend.cpython-311-darwin.so, 0x0002): tried: '/Users/amitkallapa/LMS/.ralph/venv/lib/python3.11/site-packages/_cffi_backend.cpython-311-darwin.so' (mach-o file, but is an incompatible architecture (have 'arm64', need 'x86_64')), '/System/Volumes/Preboot/Cryptexes/OS/Users/amitkallapa/LMS/.ralph/venv/lib/python3.11/site-packages/_cffi_backend.cpython-311-darwin.so' (no such file), '/Users/amitkallapa/LMS/.ralph/venv/lib/python3.11/site-packages/_cffi_backend.cpython-311-darwin.so' (mach-o file, but is an incompatible architecture (have 'arm64', need 'x86_64'))
Process SpawnPoolWorker-18:
Traceback (most recent call last):
  File "/Library/Frameworks/Python.framework/Versions/3.11/lib/python3.11/multiprocessing/process.py", line 314, in _bootstrap
    self.run()
  File "/Library/Frameworks/Python.framework/Versions/3.11/lib/python3.11/multiprocessing/process.py", line 108, in run
    self._target(*self._args, **self._kwargs)
  File "/Library/Frameworks/Python.framework/Versions/3.11/lib/python3.11/multiprocessing/pool.py", line 109, in worker
    initializer(*initargs)
  File "/Users/amitkallapa/LMS/.ralph/venv/lib/python3.11/site-packages/django/test/runner.py", line 431, in _init_worker
    django.setup()
  File "/Users/amitkallapa/LMS/.ralph/venv/lib/python3.11/site-packages/django/__init__.py", line 24, in setup
    apps.populate(settings.INSTALLED_APPS)
  File "/Users/amitkallapa/LMS/.ralph/venv/lib/python3.11/site-packages/django/apps/registry.py", line 124, in populate
    app_config.ready()
  File "/Users/amitkallapa/LMS/.ralph/worktrees/2026-07-25_074057_normal_run/sfpcl_credit/compliance/apps.py", line 9, in ready
    from sfpcl_credit.compliance.search_facade import search_compliance_records
  File "/Users/amitkallapa/LMS/.ralph/worktrees/2026-07-25_074057_normal_run/sfpcl_credit/compliance/search_facade.py", line 4, in <module>
    from sfpcl_credit.compliance.modules import compliance_control_tracker
  File "/Users/amitkallapa/LMS/.ralph/worktrees/2026-07-25_074057_normal_run/sfpcl_credit/compliance/modules/compliance_control_tracker.py", line 14, in <module>
    from sfpcl_credit.identity.modules import auth_service
  File "/Users/amitkallapa/LMS/.ralph/worktrees/2026-07-25_074057_normal_run/sfpcl_credit/identity/modules/auth_service.py", line 18, in <module>
    from sfpcl_credit.identity.modules.tokens import (
  File "/Users/amitkallapa/LMS/.ralph/worktrees/2026-07-25_074057_normal_run/sfpcl_credit/identity/modules/tokens.py", line 13, in <module>
    import jwt
  File "/Users/amitkallapa/LMS/.ralph/venv/lib/python3.11/site-packages/jwt/__init__.py", line 1, in <module>
    from .api_jwk import PyJWK, PyJWKSet
  File "/Users/amitkallapa/LMS/.ralph/venv/lib/python3.11/site-packages/jwt/api_jwk.py", line 7, in <module>
    from .algorithms import get_default_algorithms, has_crypto, requires_cryptography
  File "/Users/amitkallapa/LMS/.ralph/venv/lib/python3.11/site-packages/jwt/algorithms.py", line 11, in <module>
    from .utils import (
  File "/Users/amitkallapa/LMS/.ralph/venv/lib/python3.11/site-packages/jwt/utils.py", line 7, in <module>
    from cryptography.hazmat.primitives.asymmetric.ec import EllipticCurve
  File "/Users/amitkallapa/LMS/.ralph/venv/lib/python3.11/site-packages/cryptography/hazmat/primitives/asymmetric/ec.py", line 11, in <module>
    from cryptography.exceptions import UnsupportedAlgorithm, _Reasons
  File "/Users/amitkallapa/LMS/.ralph/venv/lib/python3.11/site-packages/cryptography/exceptions.py", line 9, in <module>
    from cryptography.hazmat.bindings._rust import exceptions as rust_exceptions
ImportError: dlopen(/Users/amitkallapa/LMS/.ralph/venv/lib/python3.11/site-packages/_cffi_backend.cpython-311-darwin.so, 0x0002): tried: '/Users/amitkallapa/LMS/.ralph/venv/lib/python3.11/site-packages/_cffi_backend.cpython-311-darwin.so' (mach-o file, but is an incompatible architecture (have 'arm64', need 'x86_64')), '/System/Volumes/Preboot/Cryptexes/OS/Users/amitkallapa/LMS/.ralph/venv/lib/python3.11/site-packages/_cffi_backend.cpython-311-darwin.so' (no such file), '/Users/amitkallapa/LMS/.ralph/venv/lib/python3.11/site-packages/_cffi_backend.cpython-311-darwin.so' (mach-o file, but is an incompatible architecture (have 'arm64', need 'x86_64'))
Process SpawnPoolWorker-19:
Traceback (most recent call last):
  File "/Library/Frameworks/Python.framework/Versions/3.11/lib/python3.11/multiprocessing/process.py", line 314, in _bootstrap
    self.run()
  File "/Library/Frameworks/Python.framework/Versions/3.11/lib/python3.11/multiprocessing/process.py", line 108, in run
    self._target(*self._args, **self._kwargs)
  File "/Library/Frameworks/Python.framework/Versions/3.11/lib/python3.11/multiprocessing/pool.py", line 109, in worker
    initializer(*initargs)
  File "/Users/amitkallapa/LMS/.ralph/venv/lib/python3.11/site-packages/django/test/runner.py", line 431, in _init_worker
    django.setup()
  File "/Users/amitkallapa/LMS/.ralph/venv/lib/python3.11/site-packages/django/__init__.py", line 24, in setup
    apps.populate(settings.INSTALLED_APPS)
  File "/Users/amitkallapa/LMS/.ralph/venv/lib/python3.11/site-packages/django/apps/registry.py", line 124, in populate
    app_config.ready()
  File "/Users/amitkallapa/LMS/.ralph/worktrees/2026-07-25_074057_normal_run/sfpcl_credit/compliance/apps.py", line 9, in ready
    from sfpcl_credit.compliance.search_facade import search_compliance_records
  File "/Users/amitkallapa/LMS/.ralph/worktrees/2026-07-25_074057_normal_run/sfpcl_credit/compliance/search_facade.py", line 4, in <module>
    from sfpcl_credit.compliance.modules import compliance_control_tracker
  File "/Users/amitkallapa/LMS/.ralph/worktrees/2026-07-25_074057_normal_run/sfpcl_credit/compliance/modules/compliance_control_tracker.py", line 14, in <module>
    from sfpcl_credit.identity.modules import auth_service
  File "/Users/amitkallapa/LMS/.ralph/worktrees/2026-07-25_074057_normal_run/sfpcl_credit/identity/modules/auth_service.py", line 18, in <module>
    from sfpcl_credit.identity.modules.tokens import (
  File "/Users/amitkallapa/LMS/.ralph/worktrees/2026-07-25_074057_normal_run/sfpcl_credit/identity/modules/tokens.py", line 13, in <module>
    import jwt
  File "/Users/amitkallapa/LMS/.ralph/venv/lib/python3.11/site-packages/jwt/__init__.py", line 1, in <module>
    from .api_jwk import PyJWK, PyJWKSet
  File "/Users/amitkallapa/LMS/.ralph/venv/lib/python3.11/site-packages/jwt/api_jwk.py", line 7, in <module>
    from .algorithms import get_default_algorithms, has_crypto, requires_cryptography
  File "/Users/amitkallapa/LMS/.ralph/venv/lib/python3.11/site-packages/jwt/algorithms.py", line 11, in <module>
    from .utils import (
  File "/Users/amitkallapa/LMS/.ralph/venv/lib/python3.11/site-packages/jwt/utils.py", line 7, in <module>
    from cryptography.hazmat.primitives.asymmetric.ec import EllipticCurve
  File "/Users/amitkallapa/LMS/.ralph/venv/lib/python3.11/site-packages/cryptography/hazmat/primitives/asymmetric/ec.py", line 11, in <module>
    from cryptography.exceptions import UnsupportedAlgorithm, _Reasons
  File "/Users/amitkallapa/LMS/.ralph/venv/lib/python3.11/site-packages/cryptography/exceptions.py", line 9, in <module>
    from cryptography.hazmat.bindings._rust import exceptions as rust_exceptions
ImportError: dlopen(/Users/amitkallapa/LMS/.ralph/venv/lib/python3.11/site-packages/_cffi_backend.cpython-311-darwin.so, 0x0002): tried: '/Users/amitkallapa/LMS/.ralph/venv/lib/python3.11/site-packages/_cffi_backend.cpython-311-darwin.so' (mach-o file, but is an incompatible architecture (have 'arm64', need 'x86_64')), '/System/Volumes/Preboot/Cryptexes/OS/Users/amitkallapa/LMS/.ralph/venv/lib/python3.11/site-packages/_cffi_backend.cpython-311-darwin.so' (no such file), '/Users/amitkallapa/LMS/.ralph/venv/lib/python3.11/site-packages/_cffi_backend.cpython-311-darwin.so' (mach-o file, but is an incompatible architecture (have 'arm64', need 'x86_64'))
Process SpawnPoolWorker-20:
Process SpawnPoolWorker-22:
Traceback (most recent call last):
  File "/Library/Frameworks/Python.framework/Versions/3.11/lib/python3.11/multiprocessing/process.py", line 314, in _bootstrap
    self.run()
  File "/Library/Frameworks/Python.framework/Versions/3.11/lib/python3.11/multiprocessing/process.py", line 108, in run
    self._target(*self._args, **self._kwargs)
  File "/Library/Frameworks/Python.framework/Versions/3.11/lib/python3.11/multiprocessing/pool.py", line 109, in worker
    initializer(*initargs)
  File "/Users/amitkallapa/LMS/.ralph/venv/lib/python3.11/site-packages/django/test/runner.py", line 431, in _init_worker
    django.setup()
  File "/Users/amitkallapa/LMS/.ralph/venv/lib/python3.11/site-packages/django/__init__.py", line 24, in setup
    apps.populate(settings.INSTALLED_APPS)
  File "/Users/amitkallapa/LMS/.ralph/venv/lib/python3.11/site-packages/django/apps/registry.py", line 124, in populate
    app_config.ready()
  File "/Users/amitkallapa/LMS/.ralph/worktrees/2026-07-25_074057_normal_run/sfpcl_credit/compliance/apps.py", line 9, in ready
    from sfpcl_credit.compliance.search_facade import search_compliance_records
  File "/Users/amitkallapa/LMS/.ralph/worktrees/2026-07-25_074057_normal_run/sfpcl_credit/compliance/search_facade.py", line 4, in <module>
    from sfpcl_credit.compliance.modules import compliance_control_tracker
  File "/Users/amitkallapa/LMS/.ralph/worktrees/2026-07-25_074057_normal_run/sfpcl_credit/compliance/modules/compliance_control_tracker.py", line 14, in <module>
    from sfpcl_credit.identity.modules import auth_service
  File "/Users/amitkallapa/LMS/.ralph/worktrees/2026-07-25_074057_normal_run/sfpcl_credit/identity/modules/auth_service.py", line 18, in <module>
    from sfpcl_credit.identity.modules.tokens import (
  File "/Users/amitkallapa/LMS/.ralph/worktrees/2026-07-25_074057_normal_run/sfpcl_credit/identity/modules/tokens.py", line 13, in <module>
    import jwt
  File "/Users/amitkallapa/LMS/.ralph/venv/lib/python3.11/site-packages/jwt/__init__.py", line 1, in <module>
    from .api_jwk import PyJWK, PyJWKSet
  File "/Users/amitkallapa/LMS/.ralph/venv/lib/python3.11/site-packages/jwt/api_jwk.py", line 7, in <module>
    from .algorithms import get_default_algorithms, has_crypto, requires_cryptography
  File "/Users/amitkallapa/LMS/.ralph/venv/lib/python3.11/site-packages/jwt/algorithms.py", line 11, in <module>
    from .utils import (
  File "/Users/amitkallapa/LMS/.ralph/venv/lib/python3.11/site-packages/jwt/utils.py", line 7, in <module>
    from cryptography.hazmat.primitives.asymmetric.ec import EllipticCurve
  File "/Users/amitkallapa/LMS/.ralph/venv/lib/python3.11/site-packages/cryptography/hazmat/primitives/asymmetric/ec.py", line 11, in <module>
    from cryptography.exceptions import UnsupportedAlgorithm, _Reasons
  File "/Users/amitkallapa/LMS/.ralph/venv/lib/python3.11/site-packages/cryptography/exceptions.py", line 9, in <module>
    from cryptography.hazmat.bindings._rust import exceptions as rust_exceptions
ImportError: dlopen(/Users/amitkallapa/LMS/.ralph/venv/lib/python3.11/site-packages/_cffi_backend.cpython-311-darwin.so, 0x0002): tried: '/Users/amitkallapa/LMS/.ralph/venv/lib/python3.11/site-packages/_cffi_backend.cpython-311-darwin.so' (mach-o file, but is an incompatible architecture (have 'arm64', need 'x86_64')), '/System/Volumes/Preboot/Cryptexes/OS/Users/amitkallapa/LMS/.ralph/venv/lib/python3.11/site-packages/_cffi_backend.cpython-311-darwin.so' (no such file), '/Users/amitkallapa/LMS/.ralph/venv/lib/python3.11/site-packages/_cffi_backend.cpython-311-darwin.so' (mach-o file, but is an incompatible architecture (have 'arm64', need 'x86_64'))
Traceback (most recent call last):
  File "/Library/Frameworks/Python.framework/Versions/3.11/lib/python3.11/multiprocessing/process.py", line 314, in _bootstrap
    self.run()
  File "/Library/Frameworks/Python.framework/Versions/3.11/lib/python3.11/multiprocessing/process.py", line 108, in run
    self._target(*self._args, **self._kwargs)
  File "/Library/Frameworks/Python.framework/Versions/3.11/lib/python3.11/multiprocessing/pool.py", line 109, in worker
    initializer(*initargs)
  File "/Users/amitkallapa/LMS/.ralph/venv/lib/python3.11/site-packages/django/test/runner.py", line 431, in _init_worker
    django.setup()
  File "/Users/amitkallapa/LMS/.ralph/venv/lib/python3.11/site-packages/django/__init__.py", line 24, in setup
    apps.populate(settings.INSTALLED_APPS)
  File "/Users/amitkallapa/LMS/.ralph/venv/lib/python3.11/site-packages/django/apps/registry.py", line 124, in populate
    app_config.ready()
  File "/Users/amitkallapa/LMS/.ralph/worktrees/2026-07-25_074057_normal_run/sfpcl_credit/compliance/apps.py", line 9, in ready
    from sfpcl_credit.compliance.search_facade import search_compliance_records
  File "/Users/amitkallapa/LMS/.ralph/worktrees/2026-07-25_074057_normal_run/sfpcl_credit/compliance/search_facade.py", line 4, in <module>
    from sfpcl_credit.compliance.modules import compliance_control_tracker
  File "/Users/amitkallapa/LMS/.ralph/worktrees/2026-07-25_074057_normal_run/sfpcl_credit/compliance/modules/compliance_control_tracker.py", line 14, in <module>
    from sfpcl_credit.identity.modules import auth_service
  File "/Users/amitkallapa/LMS/.ralph/worktrees/2026-07-25_074057_normal_run/sfpcl_credit/identity/modules/auth_service.py", line 18, in <module>
    from sfpcl_credit.identity.modules.tokens import (
  File "/Users/amitkallapa/LMS/.ralph/worktrees/2026-07-25_074057_normal_run/sfpcl_credit/identity/modules/tokens.py", line 13, in <module>
    import jwt
  File "/Users/amitkallapa/LMS/.ralph/venv/lib/python3.11/site-packages/jwt/__init__.py", line 1, in <module>
    from .api_jwk import PyJWK, PyJWKSet
  File "/Users/amitkallapa/LMS/.ralph/venv/lib/python3.11/site-packages/jwt/api_jwk.py", line 7, in <module>
    from .algorithms import get_default_algorithms, has_crypto, requires_cryptography
  File "/Users/amitkallapa/LMS/.ralph/venv/lib/python3.11/site-packages/jwt/algorithms.py", line 11, in <module>
    from .utils import (
  File "/Users/amitkallapa/LMS/.ralph/venv/lib/python3.11/site-packages/jwt/utils.py", line 7, in <module>
    from cryptography.hazmat.primitives.asymmetric.ec import EllipticCurve
  File "/Users/amitkallapa/LMS/.ralph/venv/lib/python3.11/site-packages/cryptography/hazmat/primitives/asymmetric/ec.py", line 11, in <module>
    from cryptography.exceptions import UnsupportedAlgorithm, _Reasons
  File "/Users/amitkallapa/LMS/.ralph/venv/lib/python3.11/site-packages/cryptography/exceptions.py", line 9, in <module>
    from cryptography.hazmat.bindings._rust import exceptions as rust_exceptions
ImportError: dlopen(/Users/amitkallapa/LMS/.ralph/venv/lib/python3.11/site-packages/_cffi_backend.cpython-311-darwin.so, 0x0002): tried: '/Users/amitkallapa/LMS/.ralph/venv/lib/python3.11/site-packages/_cffi_backend.cpython-311-darwin.so' (mach-o file, but is an incompatible architecture (have 'arm64', need 'x86_64')), '/System/Volumes/Preboot/Cryptexes/OS/Users/amitkallapa/LMS/.ralph/venv/lib/python3.11/site-packages/_cffi_backend.cpython-311-darwin.so' (no such file), '/Users/amitkallapa/LMS/.ralph/venv/lib/python3.11/site-packages/_cffi_backend.cpython-311-darwin.so' (mach-o file, but is an incompatible architecture (have 'arm64', need 'x86_64'))
Process SpawnPoolWorker-21:
Traceback (most recent call last):
  File "/Library/Frameworks/Python.framework/Versions/3.11/lib/python3.11/multiprocessing/process.py", line 314, in _bootstrap
    self.run()
  File "/Library/Frameworks/Python.framework/Versions/3.11/lib/python3.11/multiprocessing/process.py", line 108, in run
    self._target(*self._args, **self._kwargs)
  File "/Library/Frameworks/Python.framework/Versions/3.11/lib/python3.11/multiprocessing/pool.py", line 109, in worker
    initializer(*initargs)
  File "/Users/amitkallapa/LMS/.ralph/venv/lib/python3.11/site-packages/django/test/runner.py", line 431, in _init_worker
    django.setup()
  File "/Users/amitkallapa/LMS/.ralph/venv/lib/python3.11/site-packages/django/__init__.py", line 24, in setup
    apps.populate(settings.INSTALLED_APPS)
  File "/Users/amitkallapa/LMS/.ralph/venv/lib/python3.11/site-packages/django/apps/registry.py", line 124, in populate
    app_config.ready()
  File "/Users/amitkallapa/LMS/.ralph/worktrees/2026-07-25_074057_normal_run/sfpcl_credit/compliance/apps.py", line 9, in ready
    from sfpcl_credit.compliance.search_facade import search_compliance_records
  File "/Users/amitkallapa/LMS/.ralph/worktrees/2026-07-25_074057_normal_run/sfpcl_credit/compliance/search_facade.py", line 4, in <module>
    from sfpcl_credit.compliance.modules import compliance_control_tracker
  File "/Users/amitkallapa/LMS/.ralph/worktrees/2026-07-25_074057_normal_run/sfpcl_credit/compliance/modules/compliance_control_tracker.py", line 14, in <module>
    from sfpcl_credit.identity.modules import auth_service
  File "/Users/amitkallapa/LMS/.ralph/worktrees/2026-07-25_074057_normal_run/sfpcl_credit/identity/modules/auth_service.py", line 18, in <module>
    from sfpcl_credit.identity.modules.tokens import (
  File "/Users/amitkallapa/LMS/.ralph/worktrees/2026-07-25_074057_normal_run/sfpcl_credit/identity/modules/tokens.py", line 13, in <module>
    import jwt
  File "/Users/amitkallapa/LMS/.ralph/venv/lib/python3.11/site-packages/jwt/__init__.py", line 1, in <module>
    from .api_jwk import PyJWK, PyJWKSet
  File "/Users/amitkallapa/LMS/.ralph/venv/lib/python3.11/site-packages/jwt/api_jwk.py", line 7, in <module>
    from .algorithms import get_default_algorithms, has_crypto, requires_cryptography
  File "/Users/amitkallapa/LMS/.ralph/venv/lib/python3.11/site-packages/jwt/algorithms.py", line 11, in <module>
    from .utils import (
  File "/Users/amitkallapa/LMS/.ralph/venv/lib/python3.11/site-packages/jwt/utils.py", line 7, in <module>
    from cryptography.hazmat.primitives.asymmetric.ec import EllipticCurve
  File "/Users/amitkallapa/LMS/.ralph/venv/lib/python3.11/site-packages/cryptography/hazmat/primitives/asymmetric/ec.py", line 11, in <module>
    from cryptography.exceptions import UnsupportedAlgorithm, _Reasons
  File "/Users/amitkallapa/LMS/.ralph/venv/lib/python3.11/site-packages/cryptography/exceptions.py", line 9, in <module>
    from cryptography.hazmat.bindings._rust import exceptions as rust_exceptions
ImportError: dlopen(/Users/amitkallapa/LMS/.ralph/venv/lib/python3.11/site-packages/_cffi_backend.cpython-311-darwin.so, 0x0002): tried: '/Users/amitkallapa/LMS/.ralph/venv/lib/python3.11/site-packages/_cffi_backend.cpython-311-darwin.so' (mach-o file, but is an incompatible architecture (have 'arm64', need 'x86_64')), '/System/Volumes/Preboot/Cryptexes/OS/Users/amitkallapa/LMS/.ralph/venv/lib/python3.11/site-packages/_cffi_backend.cpython-311-darwin.so' (no such file), '/Users/amitkallapa/LMS/.ralph/venv/lib/python3.11/site-packages/_cffi_backend.cpython-311-darwin.so' (mach-o file, but is an incompatible architecture (have 'arm64', need 'x86_64'))
Process SpawnPoolWorker-23:
Traceback (most recent call last):
  File "/Library/Frameworks/Python.framework/Versions/3.11/lib/python3.11/multiprocessing/process.py", line 314, in _bootstrap
    self.run()
  File "/Library/Frameworks/Python.framework/Versions/3.11/lib/python3.11/multiprocessing/process.py", line 108, in run
    self._target(*self._args, **self._kwargs)
  File "/Library/Frameworks/Python.framework/Versions/3.11/lib/python3.11/multiprocessing/pool.py", line 109, in worker
    initializer(*initargs)
  File "/Users/amitkallapa/LMS/.ralph/venv/lib/python3.11/site-packages/django/test/runner.py", line 431, in _init_worker
    django.setup()
  File "/Users/amitkallapa/LMS/.ralph/venv/lib/python3.11/site-packages/django/__init__.py", line 24, in setup
    apps.populate(settings.INSTALLED_APPS)
  File "/Users/amitkallapa/LMS/.ralph/venv/lib/python3.11/site-packages/django/apps/registry.py", line 124, in populate
    app_config.ready()
  File "/Users/amitkallapa/LMS/.ralph/worktrees/2026-07-25_074057_normal_run/sfpcl_credit/compliance/apps.py", line 9, in ready
    from sfpcl_credit.compliance.search_facade import search_compliance_records
  File "/Users/amitkallapa/LMS/.ralph/worktrees/2026-07-25_074057_normal_run/sfpcl_credit/compliance/search_facade.py", line 4, in <module>
    from sfpcl_credit.compliance.modules import compliance_control_tracker
  File "/Users/amitkallapa/LMS/.ralph/worktrees/2026-07-25_074057_normal_run/sfpcl_credit/compliance/modules/compliance_control_tracker.py", line 14, in <module>
    from sfpcl_credit.identity.modules import auth_service
  File "/Users/amitkallapa/LMS/.ralph/worktrees/2026-07-25_074057_normal_run/sfpcl_credit/identity/modules/auth_service.py", line 18, in <module>
    from sfpcl_credit.identity.modules.tokens import (
  File "/Users/amitkallapa/LMS/.ralph/worktrees/2026-07-25_074057_normal_run/sfpcl_credit/identity/modules/tokens.py", line 13, in <module>
    import jwt
  File "/Users/amitkallapa/LMS/.ralph/venv/lib/python3.11/site-packages/jwt/__init__.py", line 1, in <module>
    from .api_jwk import PyJWK, PyJWKSet
  File "/Users/amitkallapa/LMS/.ralph/venv/lib/python3.11/site-packages/jwt/api_jwk.py", line 7, in <module>
    from .algorithms import get_default_algorithms, has_crypto, requires_cryptography
  File "/Users/amitkallapa/LMS/.ralph/venv/lib/python3.11/site-packages/jwt/algorithms.py", line 11, in <module>
    from .utils import (
  File "/Users/amitkallapa/LMS/.ralph/venv/lib/python3.11/site-packages/jwt/utils.py", line 7, in <module>
    from cryptography.hazmat.primitives.asymmetric.ec import EllipticCurve
  File "/Users/amitkallapa/LMS/.ralph/venv/lib/python3.11/site-packages/cryptography/hazmat/primitives/asymmetric/ec.py", line 11, in <module>
    from cryptography.exceptions import UnsupportedAlgorithm, _Reasons
  File "/Users/amitkallapa/LMS/.ralph/venv/lib/python3.11/site-packages/cryptography/exceptions.py", line 9, in <module>
    from cryptography.hazmat.bindings._rust import exceptions as rust_exceptions
ImportError: dlopen(/Users/amitkallapa/LMS/.ralph/venv/lib/python3.11/site-packages/_cffi_backend.cpython-311-darwin.so, 0x0002): tried: '/Users/amitkallapa/LMS/.ralph/venv/lib/python3.11/site-packages/_cffi_backend.cpython-311-darwin.so' (mach-o file, but is an incompatible architecture (have 'arm64', need 'x86_64')), '/System/Volumes/Preboot/Cryptexes/OS/Users/amitkallapa/LMS/.ralph/venv/lib/python3.11/site-packages/_cffi_backend.cpython-311-darwin.so' (no such file), '/Users/amitkallapa/LMS/.ralph/venv/lib/python3.11/site-packages/_cffi_backend.cpython-311-darwin.so' (mach-o file, but is an incompatible architecture (have 'arm64', need 'x86_64'))
Process SpawnPoolWorker-24:
Traceback (most recent call last):
  File "/Library/Frameworks/Python.framework/Versions/3.11/lib/python3.11/multiprocessing/process.py", line 314, in _bootstrap
    self.run()
  File "/Library/Frameworks/Python.framework/Versions/3.11/lib/python3.11/multiprocessing/process.py", line 108, in run
    self._target(*self._args, **self._kwargs)
  File "/Library/Frameworks/Python.framework/Versions/3.11/lib/python3.11/multiprocessing/pool.py", line 109, in worker
    initializer(*initargs)
  File "/Users/amitkallapa/LMS/.ralph/venv/lib/python3.11/site-packages/django/test/runner.py", line 431, in _init_worker
    django.setup()
  File "/Users/amitkallapa/LMS/.ralph/venv/lib/python3.11/site-packages/django/__init__.py", line 24, in setup
    apps.populate(settings.INSTALLED_APPS)
  File "/Users/amitkallapa/LMS/.ralph/venv/lib/python3.11/site-packages/django/apps/registry.py", line 124, in populate
    app_config.ready()
  File "/Users/amitkallapa/LMS/.ralph/worktrees/2026-07-25_074057_normal_run/sfpcl_credit/compliance/apps.py", line 9, in ready
    from sfpcl_credit.compliance.search_facade import search_compliance_records
  File "/Users/amitkallapa/LMS/.ralph/worktrees/2026-07-25_074057_normal_run/sfpcl_credit/compliance/search_facade.py", line 4, in <module>
    from sfpcl_credit.compliance.modules import compliance_control_tracker
  File "/Users/amitkallapa/LMS/.ralph/worktrees/2026-07-25_074057_normal_run/sfpcl_credit/compliance/modules/compliance_control_tracker.py", line 14, in <module>
    from sfpcl_credit.identity.modules import auth_service
  File "/Users/amitkallapa/LMS/.ralph/worktrees/2026-07-25_074057_normal_run/sfpcl_credit/identity/modules/auth_service.py", line 18, in <module>
    from sfpcl_credit.identity.modules.tokens import (
  File "/Users/amitkallapa/LMS/.ralph/worktrees/2026-07-25_074057_normal_run/sfpcl_credit/identity/modules/tokens.py", line 13, in <module>
    import jwt
  File "/Users/amitkallapa/LMS/.ralph/venv/lib/python3.11/site-packages/jwt/__init__.py", line 1, in <module>
    from .api_jwk import PyJWK, PyJWKSet
  File "/Users/amitkallapa/LMS/.ralph/venv/lib/python3.11/site-packages/jwt/api_jwk.py", line 7, in <module>
    from .algorithms import get_default_algorithms, has_crypto, requires_cryptography
  File "/Users/amitkallapa/LMS/.ralph/venv/lib/python3.11/site-packages/jwt/algorithms.py", line 11, in <module>
    from .utils import (
  File "/Users/amitkallapa/LMS/.ralph/venv/lib/python3.11/site-packages/jwt/utils.py", line 7, in <module>
    from cryptography.hazmat.primitives.asymmetric.ec import EllipticCurve
  File "/Users/amitkallapa/LMS/.ralph/venv/lib/python3.11/site-packages/cryptography/hazmat/primitives/asymmetric/ec.py", line 11, in <module>
    from cryptography.exceptions import UnsupportedAlgorithm, _Reasons
  File "/Users/amitkallapa/LMS/.ralph/venv/lib/python3.11/site-packages/cryptography/exceptions.py", line 9, in <module>
    from cryptography.hazmat.bindings._rust import exceptions as rust_exceptions
ImportError: dlopen(/Users/amitkallapa/LMS/.ralph/venv/lib/python3.11/site-packages/_cffi_backend.cpython-311-darwin.so, 0x0002): tried: '/Users/amitkallapa/LMS/.ralph/venv/lib/python3.11/site-packages/_cffi_backend.cpython-311-darwin.so' (mach-o file, but is an incompatible architecture (have 'arm64', need 'x86_64')), '/System/Volumes/Preboot/Cryptexes/OS/Users/amitkallapa/LMS/.ralph/venv/lib/python3.11/site-packages/_cffi_backend.cpython-311-darwin.so' (no such file), '/Users/amitkallapa/LMS/.ralph/venv/lib/python3.11/site-packages/_cffi_backend.cpython-311-darwin.so' (mach-o file, but is an incompatible architecture (have 'arm64', need 'x86_64'))
Process SpawnPoolWorker-25:
Traceback (most recent call last):
  File "/Library/Frameworks/Python.framework/Versions/3.11/lib/python3.11/multiprocessing/process.py", line 314, in _bootstrap
    self.run()
  File "/Library/Frameworks/Python.framework/Versions/3.11/lib/python3.11/multiprocessing/process.py", line 108, in run
    self._target(*self._args, **self._kwargs)
  File "/Library/Frameworks/Python.framework/Versions/3.11/lib/python3.11/multiprocessing/pool.py", line 109, in worker
    initializer(*initargs)
  File "/Users/amitkallapa/LMS/.ralph/venv/lib/python3.11/site-packages/django/test/runner.py", line 431, in _init_worker
    django.setup()
  File "/Users/amitkallapa/LMS/.ralph/venv/lib/python3.11/site-packages/django/__init__.py", line 24, in setup
    apps.populate(settings.INSTALLED_APPS)
  File "/Users/amitkallapa/LMS/.ralph/venv/lib/python3.11/site-packages/django/apps/registry.py", line 124, in populate
    app_config.ready()
  File "/Users/amitkallapa/LMS/.ralph/worktrees/2026-07-25_074057_normal_run/sfpcl_credit/compliance/apps.py", line 9, in ready
    from sfpcl_credit.compliance.search_facade import search_compliance_records
  File "/Users/amitkallapa/LMS/.ralph/worktrees/2026-07-25_074057_normal_run/sfpcl_credit/compliance/search_facade.py", line 4, in <module>
    from sfpcl_credit.compliance.modules import compliance_control_tracker
  File "/Users/amitkallapa/LMS/.ralph/worktrees/2026-07-25_074057_normal_run/sfpcl_credit/compliance/modules/compliance_control_tracker.py", line 14, in <module>
    from sfpcl_credit.identity.modules import auth_service
  File "/Users/amitkallapa/LMS/.ralph/worktrees/2026-07-25_074057_normal_run/sfpcl_credit/identity/modules/auth_service.py", line 18, in <module>
    from sfpcl_credit.identity.modules.tokens import (
  File "/Users/amitkallapa/LMS/.ralph/worktrees/2026-07-25_074057_normal_run/sfpcl_credit/identity/modules/tokens.py", line 13, in <module>
    import jwt
  File "/Users/amitkallapa/LMS/.ralph/venv/lib/python3.11/site-packages/jwt/__init__.py", line 1, in <module>
    from .api_jwk import PyJWK, PyJWKSet
  File "/Users/amitkallapa/LMS/.ralph/venv/lib/python3.11/site-packages/jwt/api_jwk.py", line 7, in <module>
    from .algorithms import get_default_algorithms, has_crypto, requires_cryptography
  File "/Users/amitkallapa/LMS/.ralph/venv/lib/python3.11/site-packages/jwt/algorithms.py", line 11, in <module>
    from .utils import (
  File "/Users/amitkallapa/LMS/.ralph/venv/lib/python3.11/site-packages/jwt/utils.py", line 7, in <module>
    from cryptography.hazmat.primitives.asymmetric.ec import EllipticCurve
  File "/Users/amitkallapa/LMS/.ralph/venv/lib/python3.11/site-packages/cryptography/hazmat/primitives/asymmetric/ec.py", line 11, in <module>
    from cryptography.exceptions import UnsupportedAlgorithm, _Reasons
  File "/Users/amitkallapa/LMS/.ralph/venv/lib/python3.11/site-packages/cryptography/exceptions.py", line 9, in <module>
    from cryptography.hazmat.bindings._rust import exceptions as rust_exceptions
ImportError: dlopen(/Users/amitkallapa/LMS/.ralph/venv/lib/python3.11/site-packages/_cffi_backend.cpython-311-darwin.so, 0x0002): tried: '/Users/amitkallapa/LMS/.ralph/venv/lib/python3.11/site-packages/_cffi_backend.cpython-311-darwin.so' (mach-o file, but is an incompatible architecture (have 'arm64', need 'x86_64')), '/System/Volumes/Preboot/Cryptexes/OS/Users/amitkallapa/LMS/.ralph/venv/lib/python3.11/site-packages/_cffi_backend.cpython-311-darwin.so' (no such file), '/Users/amitkallapa/LMS/.ralph/venv/lib/python3.11/site-packages/_cffi_backend.cpython-311-darwin.so' (mach-o file, but is an incompatible architecture (have 'arm64', need 'x86_64'))
Process SpawnPoolWorker-27:
Traceback (most recent call last):
  File "/Library/Frameworks/Python.framework/Versions/3.11/lib/python3.11/multiprocessing/process.py", line 314, in _bootstrap
    self.run()
  File "/Library/Frameworks/Python.framework/Versions/3.11/lib/python3.11/multiprocessing/process.py", line 108, in run
    self._target(*self._args, **self._kwargs)
  File "/Library/Frameworks/Python.framework/Versions/3.11/lib/python3.11/multiprocessing/pool.py", line 109, in worker
    initializer(*initargs)
  File "/Users/amitkallapa/LMS/.ralph/venv/lib/python3.11/site-packages/django/test/runner.py", line 431, in _init_worker
    django.setup()
  File "/Users/amitkallapa/LMS/.ralph/venv/lib/python3.11/site-packages/django/__init__.py", line 24, in setup
    apps.populate(settings.INSTALLED_APPS)
  File "/Users/amitkallapa/LMS/.ralph/venv/lib/python3.11/site-packages/django/apps/registry.py", line 124, in populate
    app_config.ready()
  File "/Users/amitkallapa/LMS/.ralph/worktrees/2026-07-25_074057_normal_run/sfpcl_credit/compliance/apps.py", line 9, in ready
    from sfpcl_credit.compliance.search_facade import search_compliance_records
  File "/Users/amitkallapa/LMS/.ralph/worktrees/2026-07-25_074057_normal_run/sfpcl_credit/compliance/search_facade.py", line 4, in <module>
    from sfpcl_credit.compliance.modules import compliance_control_tracker
  File "/Users/amitkallapa/LMS/.ralph/worktrees/2026-07-25_074057_normal_run/sfpcl_credit/compliance/modules/compliance_control_tracker.py", line 14, in <module>
    from sfpcl_credit.identity.modules import auth_service
  File "/Users/amitkallapa/LMS/.ralph/worktrees/2026-07-25_074057_normal_run/sfpcl_credit/identity/modules/auth_service.py", line 18, in <module>
    from sfpcl_credit.identity.modules.tokens import (
  File "/Users/amitkallapa/LMS/.ralph/worktrees/2026-07-25_074057_normal_run/sfpcl_credit/identity/modules/tokens.py", line 13, in <module>
    import jwt
  File "/Users/amitkallapa/LMS/.ralph/venv/lib/python3.11/site-packages/jwt/__init__.py", line 1, in <module>
    from .api_jwk import PyJWK, PyJWKSet
  File "/Users/amitkallapa/LMS/.ralph/venv/lib/python3.11/site-packages/jwt/api_jwk.py", line 7, in <module>
    from .algorithms import get_default_algorithms, has_crypto, requires_cryptography
  File "/Users/amitkallapa/LMS/.ralph/venv/lib/python3.11/site-packages/jwt/algorithms.py", line 11, in <module>
    from .utils import (
  File "/Users/amitkallapa/LMS/.ralph/venv/lib/python3.11/site-packages/jwt/utils.py", line 7, in <module>
    from cryptography.hazmat.primitives.asymmetric.ec import EllipticCurve
  File "/Users/amitkallapa/LMS/.ralph/venv/lib/python3.11/site-packages/cryptography/hazmat/primitives/asymmetric/ec.py", line 11, in <module>
    from cryptography.exceptions import UnsupportedAlgorithm, _Reasons
  File "/Users/amitkallapa/LMS/.ralph/venv/lib/python3.11/site-packages/cryptography/exceptions.py", line 9, in <module>
    from cryptography.hazmat.bindings._rust import exceptions as rust_exceptions
ImportError: dlopen(/Users/amitkallapa/LMS/.ralph/venv/lib/python3.11/site-packages/_cffi_backend.cpython-311-darwin.so, 0x0002): tried: '/Users/amitkallapa/LMS/.ralph/venv/lib/python3.11/site-packages/_cffi_backend.cpython-311-darwin.so' (mach-o file, but is an incompatible architecture (have 'arm64', need 'x86_64')), '/System/Volumes/Preboot/Cryptexes/OS/Users/amitkallapa/LMS/.ralph/venv/lib/python3.11/site-packages/_cffi_backend.cpython-311-darwin.so' (no such file), '/Users/amitkallapa/LMS/.ralph/venv/lib/python3.11/site-packages/_cffi_backend.cpython-311-darwin.so' (mach-o file, but is an incompatible architecture (have 'arm64', need 'x86_64'))
Process SpawnPoolWorker-28:
Process SpawnPoolWorker-26:
Traceback (most recent call last):
  File "/Library/Frameworks/Python.framework/Versions/3.11/lib/python3.11/multiprocessing/process.py", line 314, in _bootstrap
    self.run()
  File "/Library/Frameworks/Python.framework/Versions/3.11/lib/python3.11/multiprocessing/process.py", line 108, in run
    self._target(*self._args, **self._kwargs)
  File "/Library/Frameworks/Python.framework/Versions/3.11/lib/python3.11/multiprocessing/pool.py", line 109, in worker
    initializer(*initargs)
  File "/Users/amitkallapa/LMS/.ralph/venv/lib/python3.11/site-packages/django/test/runner.py", line 431, in _init_worker
    django.setup()
  File "/Users/amitkallapa/LMS/.ralph/venv/lib/python3.11/site-packages/django/__init__.py", line 24, in setup
    apps.populate(settings.INSTALLED_APPS)
  File "/Users/amitkallapa/LMS/.ralph/venv/lib/python3.11/site-packages/django/apps/registry.py", line 124, in populate
    app_config.ready()
  File "/Users/amitkallapa/LMS/.ralph/worktrees/2026-07-25_074057_normal_run/sfpcl_credit/compliance/apps.py", line 9, in ready
    from sfpcl_credit.compliance.search_facade import search_compliance_records
  File "/Users/amitkallapa/LMS/.ralph/worktrees/2026-07-25_074057_normal_run/sfpcl_credit/compliance/search_facade.py", line 4, in <module>
    from sfpcl_credit.compliance.modules import compliance_control_tracker
  File "/Users/amitkallapa/LMS/.ralph/worktrees/2026-07-25_074057_normal_run/sfpcl_credit/compliance/modules/compliance_control_tracker.py", line 14, in <module>
    from sfpcl_credit.identity.modules import auth_service
  File "/Users/amitkallapa/LMS/.ralph/worktrees/2026-07-25_074057_normal_run/sfpcl_credit/identity/modules/auth_service.py", line 18, in <module>
    from sfpcl_credit.identity.modules.tokens import (
  File "/Users/amitkallapa/LMS/.ralph/worktrees/2026-07-25_074057_normal_run/sfpcl_credit/identity/modules/tokens.py", line 13, in <module>
    import jwt
  File "/Users/amitkallapa/LMS/.ralph/venv/lib/python3.11/site-packages/jwt/__init__.py", line 1, in <module>
    from .api_jwk import PyJWK, PyJWKSet
  File "/Users/amitkallapa/LMS/.ralph/venv/lib/python3.11/site-packages/jwt/api_jwk.py", line 7, in <module>
    from .algorithms import get_default_algorithms, has_crypto, requires_cryptography
  File "/Users/amitkallapa/LMS/.ralph/venv/lib/python3.11/site-packages/jwt/algorithms.py", line 11, in <module>
    from .utils import (
  File "/Users/amitkallapa/LMS/.ralph/venv/lib/python3.11/site-packages/jwt/utils.py", line 7, in <module>
    from cryptography.hazmat.primitives.asymmetric.ec import EllipticCurve
  File "/Users/amitkallapa/LMS/.ralph/venv/lib/python3.11/site-packages/cryptography/hazmat/primitives/asymmetric/ec.py", line 11, in <module>
    from cryptography.exceptions import UnsupportedAlgorithm, _Reasons
  File "/Users/amitkallapa/LMS/.ralph/venv/lib/python3.11/site-packages/cryptography/exceptions.py", line 9, in <module>
    from cryptography.hazmat.bindings._rust import exceptions as rust_exceptions
ImportError: dlopen(/Users/amitkallapa/LMS/.ralph/venv/lib/python3.11/site-packages/_cffi_backend.cpython-311-darwin.so, 0x0002): tried: '/Users/amitkallapa/LMS/.ralph/venv/lib/python3.11/site-packages/_cffi_backend.cpython-311-darwin.so' (mach-o file, but is an incompatible architecture (have 'arm64', need 'x86_64')), '/System/Volumes/Preboot/Cryptexes/OS/Users/amitkallapa/LMS/.ralph/venv/lib/python3.11/site-packages/_cffi_backend.cpython-311-darwin.so' (no such file), '/Users/amitkallapa/LMS/.ralph/venv/lib/python3.11/site-packages/_cffi_backend.cpython-311-darwin.so' (mach-o file, but is an incompatible architecture (have 'arm64', need 'x86_64'))
Traceback (most recent call last):
  File "/Library/Frameworks/Python.framework/Versions/3.11/lib/python3.11/multiprocessing/process.py", line 314, in _bootstrap
    self.run()
  File "/Library/Frameworks/Python.framework/Versions/3.11/lib/python3.11/multiprocessing/process.py", line 108, in run
    self._target(*self._args, **self._kwargs)
  File "/Library/Frameworks/Python.framework/Versions/3.11/lib/python3.11/multiprocessing/pool.py", line 109, in worker
    initializer(*initargs)
  File "/Users/amitkallapa/LMS/.ralph/venv/lib/python3.11/site-packages/django/test/runner.py", line 431, in _init_worker
    django.setup()
  File "/Users/amitkallapa/LMS/.ralph/venv/lib/python3.11/site-packages/django/__init__.py", line 24, in setup
    apps.populate(settings.INSTALLED_APPS)
  File "/Users/amitkallapa/LMS/.ralph/venv/lib/python3.11/site-packages/django/apps/registry.py", line 124, in populate
    app_config.ready()
  File "/Users/amitkallapa/LMS/.ralph/worktrees/2026-07-25_074057_normal_run/sfpcl_credit/compliance/apps.py", line 9, in ready
    from sfpcl_credit.compliance.search_facade import search_compliance_records
  File "/Users/amitkallapa/LMS/.ralph/worktrees/2026-07-25_074057_normal_run/sfpcl_credit/compliance/search_facade.py", line 4, in <module>
    from sfpcl_credit.compliance.modules import compliance_control_tracker
  File "/Users/amitkallapa/LMS/.ralph/worktrees/2026-07-25_074057_normal_run/sfpcl_credit/compliance/modules/compliance_control_tracker.py", line 14, in <module>
    from sfpcl_credit.identity.modules import auth_service
  File "/Users/amitkallapa/LMS/.ralph/worktrees/2026-07-25_074057_normal_run/sfpcl_credit/identity/modules/auth_service.py", line 18, in <module>
    from sfpcl_credit.identity.modules.tokens import (
  File "/Users/amitkallapa/LMS/.ralph/worktrees/2026-07-25_074057_normal_run/sfpcl_credit/identity/modules/tokens.py", line 13, in <module>
    import jwt
  File "/Users/amitkallapa/LMS/.ralph/venv/lib/python3.11/site-packages/jwt/__init__.py", line 1, in <module>
    from .api_jwk import PyJWK, PyJWKSet
  File "/Users/amitkallapa/LMS/.ralph/venv/lib/python3.11/site-packages/jwt/api_jwk.py", line 7, in <module>
    from .algorithms import get_default_algorithms, has_crypto, requires_cryptography
  File "/Users/amitkallapa/LMS/.ralph/venv/lib/python3.11/site-packages/jwt/algorithms.py", line 11, in <module>
    from .utils import (
  File "/Users/amitkallapa/LMS/.ralph/venv/lib/python3.11/site-packages/jwt/utils.py", line 7, in <module>
    from cryptography.hazmat.primitives.asymmetric.ec import EllipticCurve
  File "/Users/amitkallapa/LMS/.ralph/venv/lib/python3.11/site-packages/cryptography/hazmat/primitives/asymmetric/ec.py", line 11, in <module>
    from cryptography.exceptions import UnsupportedAlgorithm, _Reasons
  File "/Users/amitkallapa/LMS/.ralph/venv/lib/python3.11/site-packages/cryptography/exceptions.py", line 9, in <module>
    from cryptography.hazmat.bindings._rust import exceptions as rust_exceptions
ImportError: dlopen(/Users/amitkallapa/LMS/.ralph/venv/lib/python3.11/site-packages/_cffi_backend.cpython-311-darwin.so, 0x0002): tried: '/Users/amitkallapa/LMS/.ralph/venv/lib/python3.11/site-packages/_cffi_backend.cpython-311-darwin.so' (mach-o file, but is an incompatible architecture (have 'arm64', need 'x86_64')), '/System/Volumes/Preboot/Cryptexes/OS/Users/amitkallapa/LMS/.ralph/venv/lib/python3.11/site-packages/_cffi_backend.cpython-311-darwin.so' (no such file), '/Users/amitkallapa/LMS/.ralph/venv/lib/python3.11/site-packages/_cffi_backend.cpython-311-darwin.so' (mach-o file, but is an incompatible architecture (have 'arm64', need 'x86_64'))
Process SpawnPoolWorker-29:
Traceback (most recent call last):
  File "/Library/Frameworks/Python.framework/Versions/3.11/lib/python3.11/multiprocessing/process.py", line 314, in _bootstrap
    self.run()
  File "/Library/Frameworks/Python.framework/Versions/3.11/lib/python3.11/multiprocessing/process.py", line 108, in run
    self._target(*self._args, **self._kwargs)
  File "/Library/Frameworks/Python.framework/Versions/3.11/lib/python3.11/multiprocessing/pool.py", line 109, in worker
    initializer(*initargs)
  File "/Users/amitkallapa/LMS/.ralph/venv/lib/python3.11/site-packages/django/test/runner.py", line 431, in _init_worker
    django.setup()
  File "/Users/amitkallapa/LMS/.ralph/venv/lib/python3.11/site-packages/django/__init__.py", line 24, in setup
    apps.populate(settings.INSTALLED_APPS)
  File "/Users/amitkallapa/LMS/.ralph/venv/lib/python3.11/site-packages/django/apps/registry.py", line 124, in populate
    app_config.ready()
  File "/Users/amitkallapa/LMS/.ralph/worktrees/2026-07-25_074057_normal_run/sfpcl_credit/compliance/apps.py", line 9, in ready
    from sfpcl_credit.compliance.search_facade import search_compliance_records
  File "/Users/amitkallapa/LMS/.ralph/worktrees/2026-07-25_074057_normal_run/sfpcl_credit/compliance/search_facade.py", line 4, in <module>
    from sfpcl_credit.compliance.modules import compliance_control_tracker
  File "/Users/amitkallapa/LMS/.ralph/worktrees/2026-07-25_074057_normal_run/sfpcl_credit/compliance/modules/compliance_control_tracker.py", line 14, in <module>
    from sfpcl_credit.identity.modules import auth_service
  File "/Users/amitkallapa/LMS/.ralph/worktrees/2026-07-25_074057_normal_run/sfpcl_credit/identity/modules/auth_service.py", line 18, in <module>
    from sfpcl_credit.identity.modules.tokens import (
  File "/Users/amitkallapa/LMS/.ralph/worktrees/2026-07-25_074057_normal_run/sfpcl_credit/identity/modules/tokens.py", line 13, in <module>
    import jwt
  File "/Users/amitkallapa/LMS/.ralph/venv/lib/python3.11/site-packages/jwt/__init__.py", line 1, in <module>
    from .api_jwk import PyJWK, PyJWKSet
  File "/Users/amitkallapa/LMS/.ralph/venv/lib/python3.11/site-packages/jwt/api_jwk.py", line 7, in <module>
    from .algorithms import get_default_algorithms, has_crypto, requires_cryptography
  File "/Users/amitkallapa/LMS/.ralph/venv/lib/python3.11/site-packages/jwt/algorithms.py", line 11, in <module>
    from .utils import (
  File "/Users/amitkallapa/LMS/.ralph/venv/lib/python3.11/site-packages/jwt/utils.py", line 7, in <module>
    from cryptography.hazmat.primitives.asymmetric.ec import EllipticCurve
  File "/Users/amitkallapa/LMS/.ralph/venv/lib/python3.11/site-packages/cryptography/hazmat/primitives/asymmetric/ec.py", line 11, in <module>
    from cryptography.exceptions import UnsupportedAlgorithm, _Reasons
  File "/Users/amitkallapa/LMS/.ralph/venv/lib/python3.11/site-packages/cryptography/exceptions.py", line 9, in <module>
    from cryptography.hazmat.bindings._rust import exceptions as rust_exceptions
ImportError: dlopen(/Users/amitkallapa/LMS/.ralph/venv/lib/python3.11/site-packages/_cffi_backend.cpython-311-darwin.so, 0x0002): tried: '/Users/amitkallapa/LMS/.ralph/venv/lib/python3.11/site-packages/_cffi_backend.cpython-311-darwin.so' (mach-o file, but is an incompatible architecture (have 'arm64', need 'x86_64')), '/System/Volumes/Preboot/Cryptexes/OS/Users/amitkallapa/LMS/.ralph/venv/lib/python3.11/site-packages/_cffi_backend.cpython-311-darwin.so' (no such file), '/Users/amitkallapa/LMS/.ralph/venv/lib/python3.11/site-packages/_cffi_backend.cpython-311-darwin.so' (mach-o file, but is an incompatible architecture (have 'arm64', need 'x86_64'))
Process SpawnPoolWorker-30:
Traceback (most recent call last):
  File "/Library/Frameworks/Python.framework/Versions/3.11/lib/python3.11/multiprocessing/process.py", line 314, in _bootstrap
    self.run()
  File "/Library/Frameworks/Python.framework/Versions/3.11/lib/python3.11/multiprocessing/process.py", line 108, in run
    self._target(*self._args, **self._kwargs)
  File "/Library/Frameworks/Python.framework/Versions/3.11/lib/python3.11/multiprocessing/pool.py", line 109, in worker
    initializer(*initargs)
  File "/Users/amitkallapa/LMS/.ralph/venv/lib/python3.11/site-packages/django/test/runner.py", line 431, in _init_worker
    django.setup()
  File "/Users/amitkallapa/LMS/.ralph/venv/lib/python3.11/site-packages/django/__init__.py", line 24, in setup
    apps.populate(settings.INSTALLED_APPS)
  File "/Users/amitkallapa/LMS/.ralph/venv/lib/python3.11/site-packages/django/apps/registry.py", line 124, in populate
    app_config.ready()
  File "/Users/amitkallapa/LMS/.ralph/worktrees/2026-07-25_074057_normal_run/sfpcl_credit/compliance/apps.py", line 9, in ready
    from sfpcl_credit.compliance.search_facade import search_compliance_records
  File "/Users/amitkallapa/LMS/.ralph/worktrees/2026-07-25_074057_normal_run/sfpcl_credit/compliance/search_facade.py", line 4, in <module>
    from sfpcl_credit.compliance.modules import compliance_control_tracker
  File "/Users/amitkallapa/LMS/.ralph/worktrees/2026-07-25_074057_normal_run/sfpcl_credit/compliance/modules/compliance_control_tracker.py", line 14, in <module>
    from sfpcl_credit.identity.modules import auth_service
  File "/Users/amitkallapa/LMS/.ralph/worktrees/2026-07-25_074057_normal_run/sfpcl_credit/identity/modules/auth_service.py", line 18, in <module>
    from sfpcl_credit.identity.modules.tokens import (
  File "/Users/amitkallapa/LMS/.ralph/worktrees/2026-07-25_074057_normal_run/sfpcl_credit/identity/modules/tokens.py", line 13, in <module>
    import jwt
  File "/Users/amitkallapa/LMS/.ralph/venv/lib/python3.11/site-packages/jwt/__init__.py", line 1, in <module>
    from .api_jwk import PyJWK, PyJWKSet
  File "/Users/amitkallapa/LMS/.ralph/venv/lib/python3.11/site-packages/jwt/api_jwk.py", line 7, in <module>
    from .algorithms import get_default_algorithms, has_crypto, requires_cryptography
  File "/Users/amitkallapa/LMS/.ralph/venv/lib/python3.11/site-packages/jwt/algorithms.py", line 11, in <module>
    from .utils import (
  File "/Users/amitkallapa/LMS/.ralph/venv/lib/python3.11/site-packages/jwt/utils.py", line 7, in <module>
    from cryptography.hazmat.primitives.asymmetric.ec import EllipticCurve
  File "/Users/amitkallapa/LMS/.ralph/venv/lib/python3.11/site-packages/cryptography/hazmat/primitives/asymmetric/ec.py", line 11, in <module>
    from cryptography.exceptions import UnsupportedAlgorithm, _Reasons
  File "/Users/amitkallapa/LMS/.ralph/venv/lib/python3.11/site-packages/cryptography/exceptions.py", line 9, in <module>
    from cryptography.hazmat.bindings._rust import exceptions as rust_exceptions
ImportError: dlopen(/Users/amitkallapa/LMS/.ralph/venv/lib/python3.11/site-packages/_cffi_backend.cpython-311-darwin.so, 0x0002): tried: '/Users/amitkallapa/LMS/.ralph/venv/lib/python3.11/site-packages/_cffi_backend.cpython-311-darwin.so' (mach-o file, but is an incompatible architecture (have 'arm64', need 'x86_64')), '/System/Volumes/Preboot/Cryptexes/OS/Users/amitkallapa/LMS/.ralph/venv/lib/python3.11/site-packages/_cffi_backend.cpython-311-darwin.so' (no such file), '/Users/amitkallapa/LMS/.ralph/venv/lib/python3.11/site-packages/_cffi_backend.cpython-311-darwin.so' (mach-o file, but is an incompatible architecture (have 'arm64', need 'x86_64'))
Process SpawnPoolWorker-31:
Traceback (most recent call last):
  File "/Library/Frameworks/Python.framework/Versions/3.11/lib/python3.11/multiprocessing/process.py", line 314, in _bootstrap
    self.run()
  File "/Library/Frameworks/Python.framework/Versions/3.11/lib/python3.11/multiprocessing/process.py", line 108, in run
    self._target(*self._args, **self._kwargs)
  File "/Library/Frameworks/Python.framework/Versions/3.11/lib/python3.11/multiprocessing/pool.py", line 109, in worker
    initializer(*initargs)
  File "/Users/amitkallapa/LMS/.ralph/venv/lib/python3.11/site-packages/django/test/runner.py", line 431, in _init_worker
    django.setup()
  File "/Users/amitkallapa/LMS/.ralph/venv/lib/python3.11/site-packages/django/__init__.py", line 24, in setup
    apps.populate(settings.INSTALLED_APPS)
  File "/Users/amitkallapa/LMS/.ralph/venv/lib/python3.11/site-packages/django/apps/registry.py", line 124, in populate
    app_config.ready()
  File "/Users/amitkallapa/LMS/.ralph/worktrees/2026-07-25_074057_normal_run/sfpcl_credit/compliance/apps.py", line 9, in ready
    from sfpcl_credit.compliance.search_facade import search_compliance_records
  File "/Users/amitkallapa/LMS/.ralph/worktrees/2026-07-25_074057_normal_run/sfpcl_credit/compliance/search_facade.py", line 4, in <module>
    from sfpcl_credit.compliance.modules import compliance_control_tracker
  File "/Users/amitkallapa/LMS/.ralph/worktrees/2026-07-25_074057_normal_run/sfpcl_credit/compliance/modules/compliance_control_tracker.py", line 14, in <module>
    from sfpcl_credit.identity.modules import auth_service
  File "/Users/amitkallapa/LMS/.ralph/worktrees/2026-07-25_074057_normal_run/sfpcl_credit/identity/modules/auth_service.py", line 18, in <module>
    from sfpcl_credit.identity.modules.tokens import (
  File "/Users/amitkallapa/LMS/.ralph/worktrees/2026-07-25_074057_normal_run/sfpcl_credit/identity/modules/tokens.py", line 13, in <module>
    import jwt
  File "/Users/amitkallapa/LMS/.ralph/venv/lib/python3.11/site-packages/jwt/__init__.py", line 1, in <module>
    from .api_jwk import PyJWK, PyJWKSet
  File "/Users/amitkallapa/LMS/.ralph/venv/lib/python3.11/site-packages/jwt/api_jwk.py", line 7, in <module>
    from .algorithms import get_default_algorithms, has_crypto, requires_cryptography
  File "/Users/amitkallapa/LMS/.ralph/venv/lib/python3.11/site-packages/jwt/algorithms.py", line 11, in <module>
    from .utils import (
  File "/Users/amitkallapa/LMS/.ralph/venv/lib/python3.11/site-packages/jwt/utils.py", line 7, in <module>
    from cryptography.hazmat.primitives.asymmetric.ec import EllipticCurve
  File "/Users/amitkallapa/LMS/.ralph/venv/lib/python3.11/site-packages/cryptography/hazmat/primitives/asymmetric/ec.py", line 11, in <module>
    from cryptography.exceptions import UnsupportedAlgorithm, _Reasons
  File "/Users/amitkallapa/LMS/.ralph/venv/lib/python3.11/site-packages/cryptography/exceptions.py", line 9, in <module>
    from cryptography.hazmat.bindings._rust import exceptions as rust_exceptions
ImportError: dlopen(/Users/amitkallapa/LMS/.ralph/venv/lib/python3.11/site-packages/_cffi_backend.cpython-311-darwin.so, 0x0002): tried: '/Users/amitkallapa/LMS/.ralph/venv/lib/python3.11/site-packages/_cffi_backend.cpython-311-darwin.so' (mach-o file, but is an incompatible architecture (have 'arm64', need 'x86_64')), '/System/Volumes/Preboot/Cryptexes/OS/Users/amitkallapa/LMS/.ralph/venv/lib/python3.11/site-packages/_cffi_backend.cpython-311-darwin.so' (no such file), '/Users/amitkallapa/LMS/.ralph/venv/lib/python3.11/site-packages/_cffi_backend.cpython-311-darwin.so' (mach-o file, but is an incompatible architecture (have 'arm64', need 'x86_64'))
Process SpawnPoolWorker-34:
Traceback (most recent call last):
  File "/Library/Frameworks/Python.framework/Versions/3.11/lib/python3.11/multiprocessing/process.py", line 314, in _bootstrap
    self.run()
  File "/Library/Frameworks/Python.framework/Versions/3.11/lib/python3.11/multiprocessing/process.py", line 108, in run
    self._target(*self._args, **self._kwargs)
  File "/Library/Frameworks/Python.framework/Versions/3.11/lib/python3.11/multiprocessing/pool.py", line 109, in worker
    initializer(*initargs)
  File "/Users/amitkallapa/LMS/.ralph/venv/lib/python3.11/site-packages/django/test/runner.py", line 431, in _init_worker
    django.setup()
  File "/Users/amitkallapa/LMS/.ralph/venv/lib/python3.11/site-packages/django/__init__.py", line 24, in setup
    apps.populate(settings.INSTALLED_APPS)
  File "/Users/amitkallapa/LMS/.ralph/venv/lib/python3.11/site-packages/django/apps/registry.py", line 124, in populate
    app_config.ready()
  File "/Users/amitkallapa/LMS/.ralph/worktrees/2026-07-25_074057_normal_run/sfpcl_credit/compliance/apps.py", line 9, in ready
    from sfpcl_credit.compliance.search_facade import search_compliance_records
  File "/Users/amitkallapa/LMS/.ralph/worktrees/2026-07-25_074057_normal_run/sfpcl_credit/compliance/search_facade.py", line 4, in <module>
    from sfpcl_credit.compliance.modules import compliance_control_tracker
  File "/Users/amitkallapa/LMS/.ralph/worktrees/2026-07-25_074057_normal_run/sfpcl_credit/compliance/modules/compliance_control_tracker.py", line 14, in <module>
    from sfpcl_credit.identity.modules import auth_service
  File "/Users/amitkallapa/LMS/.ralph/worktrees/2026-07-25_074057_normal_run/sfpcl_credit/identity/modules/auth_service.py", line 18, in <module>
    from sfpcl_credit.identity.modules.tokens import (
  File "/Users/amitkallapa/LMS/.ralph/worktrees/2026-07-25_074057_normal_run/sfpcl_credit/identity/modules/tokens.py", line 13, in <module>
    import jwt
  File "/Users/amitkallapa/LMS/.ralph/venv/lib/python3.11/site-packages/jwt/__init__.py", line 1, in <module>
    from .api_jwk import PyJWK, PyJWKSet
  File "/Users/amitkallapa/LMS/.ralph/venv/lib/python3.11/site-packages/jwt/api_jwk.py", line 7, in <module>
    from .algorithms import get_default_algorithms, has_crypto, requires_cryptography
  File "/Users/amitkallapa/LMS/.ralph/venv/lib/python3.11/site-packages/jwt/algorithms.py", line 11, in <module>
    from .utils import (
  File "/Users/amitkallapa/LMS/.ralph/venv/lib/python3.11/site-packages/jwt/utils.py", line 7, in <module>
    from cryptography.hazmat.primitives.asymmetric.ec import EllipticCurve
  File "/Users/amitkallapa/LMS/.ralph/venv/lib/python3.11/site-packages/cryptography/hazmat/primitives/asymmetric/ec.py", line 11, in <module>
    from cryptography.exceptions import UnsupportedAlgorithm, _Reasons
  File "/Users/amitkallapa/LMS/.ralph/venv/lib/python3.11/site-packages/cryptography/exceptions.py", line 9, in <module>
    from cryptography.hazmat.bindings._rust import exceptions as rust_exceptions
ImportError: dlopen(/Users/amitkallapa/LMS/.ralph/venv/lib/python3.11/site-packages/_cffi_backend.cpython-311-darwin.so, 0x0002): tried: '/Users/amitkallapa/LMS/.ralph/venv/lib/python3.11/site-packages/_cffi_backend.cpython-311-darwin.so' (mach-o file, but is an incompatible architecture (have 'arm64', need 'x86_64')), '/System/Volumes/Preboot/Cryptexes/OS/Users/amitkallapa/LMS/.ralph/venv/lib/python3.11/site-packages/_cffi_backend.cpython-311-darwin.so' (no such file), '/Users/amitkallapa/LMS/.ralph/venv/lib/python3.11/site-packages/_cffi_backend.cpython-311-darwin.so' (mach-o file, but is an incompatible architecture (have 'arm64', need 'x86_64'))
Process SpawnPoolWorker-32:
Traceback (most recent call last):
  File "/Library/Frameworks/Python.framework/Versions/3.11/lib/python3.11/multiprocessing/process.py", line 314, in _bootstrap
    self.run()
  File "/Library/Frameworks/Python.framework/Versions/3.11/lib/python3.11/multiprocessing/process.py", line 108, in run
    self._target(*self._args, **self._kwargs)
  File "/Library/Frameworks/Python.framework/Versions/3.11/lib/python3.11/multiprocessing/pool.py", line 109, in worker
    initializer(*initargs)
  File "/Users/amitkallapa/LMS/.ralph/venv/lib/python3.11/site-packages/django/test/runner.py", line 431, in _init_worker
    django.setup()
  File "/Users/amitkallapa/LMS/.ralph/venv/lib/python3.11/site-packages/django/__init__.py", line 24, in setup
    apps.populate(settings.INSTALLED_APPS)
  File "/Users/amitkallapa/LMS/.ralph/venv/lib/python3.11/site-packages/django/apps/registry.py", line 124, in populate
    app_config.ready()
  File "/Users/amitkallapa/LMS/.ralph/worktrees/2026-07-25_074057_normal_run/sfpcl_credit/compliance/apps.py", line 9, in ready
    from sfpcl_credit.compliance.search_facade import search_compliance_records
  File "/Users/amitkallapa/LMS/.ralph/worktrees/2026-07-25_074057_normal_run/sfpcl_credit/compliance/search_facade.py", line 4, in <module>
    from sfpcl_credit.compliance.modules import compliance_control_tracker
  File "/Users/amitkallapa/LMS/.ralph/worktrees/2026-07-25_074057_normal_run/sfpcl_credit/compliance/modules/compliance_control_tracker.py", line 14, in <module>
    from sfpcl_credit.identity.modules import auth_service
  File "/Users/amitkallapa/LMS/.ralph/worktrees/2026-07-25_074057_normal_run/sfpcl_credit/identity/modules/auth_service.py", line 18, in <module>
    from sfpcl_credit.identity.modules.tokens import (
  File "/Users/amitkallapa/LMS/.ralph/worktrees/2026-07-25_074057_normal_run/sfpcl_credit/identity/modules/tokens.py", line 13, in <module>
    import jwt
  File "/Users/amitkallapa/LMS/.ralph/venv/lib/python3.11/site-packages/jwt/__init__.py", line 1, in <module>
    from .api_jwk import PyJWK, PyJWKSet
  File "/Users/amitkallapa/LMS/.ralph/venv/lib/python3.11/site-packages/jwt/api_jwk.py", line 7, in <module>
    from .algorithms import get_default_algorithms, has_crypto, requires_cryptography
  File "/Users/amitkallapa/LMS/.ralph/venv/lib/python3.11/site-packages/jwt/algorithms.py", line 11, in <module>
    from .utils import (
  File "/Users/amitkallapa/LMS/.ralph/venv/lib/python3.11/site-packages/jwt/utils.py", line 7, in <module>
    from cryptography.hazmat.primitives.asymmetric.ec import EllipticCurve
  File "/Users/amitkallapa/LMS/.ralph/venv/lib/python3.11/site-packages/cryptography/hazmat/primitives/asymmetric/ec.py", line 11, in <module>
    from cryptography.exceptions import UnsupportedAlgorithm, _Reasons
  File "/Users/amitkallapa/LMS/.ralph/venv/lib/python3.11/site-packages/cryptography/exceptions.py", line 9, in <module>
    from cryptography.hazmat.bindings._rust import exceptions as rust_exceptions
ImportError: dlopen(/Users/amitkallapa/LMS/.ralph/venv/lib/python3.11/site-packages/_cffi_backend.cpython-311-darwin.so, 0x0002): tried: '/Users/amitkallapa/LMS/.ralph/venv/lib/python3.11/site-packages/_cffi_backend.cpython-311-darwin.so' (mach-o file, but is an incompatible architecture (have 'arm64', need 'x86_64')), '/System/Volumes/Preboot/Cryptexes/OS/Users/amitkallapa/LMS/.ralph/venv/lib/python3.11/site-packages/_cffi_backend.cpython-311-darwin.so' (no such file), '/Users/amitkallapa/LMS/.ralph/venv/lib/python3.11/site-packages/_cffi_backend.cpython-311-darwin.so' (mach-o file, but is an incompatible architecture (have 'arm64', need 'x86_64'))
Process SpawnPoolWorker-33:
Traceback (most recent call last):
  File "/Library/Frameworks/Python.framework/Versions/3.11/lib/python3.11/multiprocessing/process.py", line 314, in _bootstrap
    self.run()
  File "/Library/Frameworks/Python.framework/Versions/3.11/lib/python3.11/multiprocessing/process.py", line 108, in run
    self._target(*self._args, **self._kwargs)
  File "/Library/Frameworks/Python.framework/Versions/3.11/lib/python3.11/multiprocessing/pool.py", line 109, in worker
    initializer(*initargs)
  File "/Users/amitkallapa/LMS/.ralph/venv/lib/python3.11/site-packages/django/test/runner.py", line 431, in _init_worker
    django.setup()
  File "/Users/amitkallapa/LMS/.ralph/venv/lib/python3.11/site-packages/django/__init__.py", line 24, in setup
    apps.populate(settings.INSTALLED_APPS)
  File "/Users/amitkallapa/LMS/.ralph/venv/lib/python3.11/site-packages/django/apps/registry.py", line 124, in populate
    app_config.ready()
  File "/Users/amitkallapa/LMS/.ralph/worktrees/2026-07-25_074057_normal_run/sfpcl_credit/compliance/apps.py", line 9, in ready
    from sfpcl_credit.compliance.search_facade import search_compliance_records
  File "/Users/amitkallapa/LMS/.ralph/worktrees/2026-07-25_074057_normal_run/sfpcl_credit/compliance/search_facade.py", line 4, in <module>
    from sfpcl_credit.compliance.modules import compliance_control_tracker
  File "/Users/amitkallapa/LMS/.ralph/worktrees/2026-07-25_074057_normal_run/sfpcl_credit/compliance/modules/compliance_control_tracker.py", line 14, in <module>
    from sfpcl_credit.identity.modules import auth_service
  File "/Users/amitkallapa/LMS/.ralph/worktrees/2026-07-25_074057_normal_run/sfpcl_credit/identity/modules/auth_service.py", line 18, in <module>
    from sfpcl_credit.identity.modules.tokens import (
  File "/Users/amitkallapa/LMS/.ralph/worktrees/2026-07-25_074057_normal_run/sfpcl_credit/identity/modules/tokens.py", line 13, in <module>
    import jwt
  File "/Users/amitkallapa/LMS/.ralph/venv/lib/python3.11/site-packages/jwt/__init__.py", line 1, in <module>
    from .api_jwk import PyJWK, PyJWKSet
  File "/Users/amitkallapa/LMS/.ralph/venv/lib/python3.11/site-packages/jwt/api_jwk.py", line 7, in <module>
    from .algorithms import get_default_algorithms, has_crypto, requires_cryptography
  File "/Users/amitkallapa/LMS/.ralph/venv/lib/python3.11/site-packages/jwt/algorithms.py", line 11, in <module>
    from .utils import (
  File "/Users/amitkallapa/LMS/.ralph/venv/lib/python3.11/site-packages/jwt/utils.py", line 7, in <module>
    from cryptography.hazmat.primitives.asymmetric.ec import EllipticCurve
  File "/Users/amitkallapa/LMS/.ralph/venv/lib/python3.11/site-packages/cryptography/hazmat/primitives/asymmetric/ec.py", line 11, in <module>
    from cryptography.exceptions import UnsupportedAlgorithm, _Reasons
  File "/Users/amitkallapa/LMS/.ralph/venv/lib/python3.11/site-packages/cryptography/exceptions.py", line 9, in <module>
    from cryptography.hazmat.bindings._rust import exceptions as rust_exceptions
ImportError: dlopen(/Users/amitkallapa/LMS/.ralph/venv/lib/python3.11/site-packages/_cffi_backend.cpython-311-darwin.so, 0x0002): tried: '/Users/amitkallapa/LMS/.ralph/venv/lib/python3.11/site-packages/_cffi_backend.cpython-311-darwin.so' (mach-o file, but is an incompatible architecture (have 'arm64', need 'x86_64')), '/System/Volumes/Preboot/Cryptexes/OS/Users/amitkallapa/LMS/.ralph/venv/lib/python3.11/site-packages/_cffi_backend.cpython-311-darwin.so' (no such file), '/Users/amitkallapa/LMS/.ralph/venv/lib/python3.11/site-packages/_cffi_backend.cpython-311-darwin.so' (mach-o file, but is an incompatible architecture (have 'arm64', need 'x86_64'))
Process SpawnPoolWorker-35:
Traceback (most recent call last):
  File "/Library/Frameworks/Python.framework/Versions/3.11/lib/python3.11/multiprocessing/process.py", line 314, in _bootstrap
    self.run()
  File "/Library/Frameworks/Python.framework/Versions/3.11/lib/python3.11/multiprocessing/process.py", line 108, in run
    self._target(*self._args, **self._kwargs)
  File "/Library/Frameworks/Python.framework/Versions/3.11/lib/python3.11/multiprocessing/pool.py", line 109, in worker
    initializer(*initargs)
  File "/Users/amitkallapa/LMS/.ralph/venv/lib/python3.11/site-packages/django/test/runner.py", line 431, in _init_worker
    django.setup()
  File "/Users/amitkallapa/LMS/.ralph/venv/lib/python3.11/site-packages/django/__init__.py", line 24, in setup
    apps.populate(settings.INSTALLED_APPS)
  File "/Users/amitkallapa/LMS/.ralph/venv/lib/python3.11/site-packages/django/apps/registry.py", line 124, in populate
    app_config.ready()
  File "/Users/amitkallapa/LMS/.ralph/worktrees/2026-07-25_074057_normal_run/sfpcl_credit/compliance/apps.py", line 9, in ready
    from sfpcl_credit.compliance.search_facade import search_compliance_records
  File "/Users/amitkallapa/LMS/.ralph/worktrees/2026-07-25_074057_normal_run/sfpcl_credit/compliance/search_facade.py", line 4, in <module>
    from sfpcl_credit.compliance.modules import compliance_control_tracker
  File "/Users/amitkallapa/LMS/.ralph/worktrees/2026-07-25_074057_normal_run/sfpcl_credit/compliance/modules/compliance_control_tracker.py", line 14, in <module>
    from sfpcl_credit.identity.modules import auth_service
  File "/Users/amitkallapa/LMS/.ralph/worktrees/2026-07-25_074057_normal_run/sfpcl_credit/identity/modules/auth_service.py", line 18, in <module>
    from sfpcl_credit.identity.modules.tokens import (
  File "/Users/amitkallapa/LMS/.ralph/worktrees/2026-07-25_074057_normal_run/sfpcl_credit/identity/modules/tokens.py", line 13, in <module>
    import jwt
  File "/Users/amitkallapa/LMS/.ralph/venv/lib/python3.11/site-packages/jwt/__init__.py", line 1, in <module>
    from .api_jwk import PyJWK, PyJWKSet
  File "/Users/amitkallapa/LMS/.ralph/venv/lib/python3.11/site-packages/jwt/api_jwk.py", line 7, in <module>
    from .algorithms import get_default_algorithms, has_crypto, requires_cryptography
  File "/Users/amitkallapa/LMS/.ralph/venv/lib/python3.11/site-packages/jwt/algorithms.py", line 11, in <module>
    from .utils import (
  File "/Users/amitkallapa/LMS/.ralph/venv/lib/python3.11/site-packages/jwt/utils.py", line 7, in <module>
    from cryptography.hazmat.primitives.asymmetric.ec import EllipticCurve
  File "/Users/amitkallapa/LMS/.ralph/venv/lib/python3.11/site-packages/cryptography/hazmat/primitives/asymmetric/ec.py", line 11, in <module>
    from cryptography.exceptions import UnsupportedAlgorithm, _Reasons
  File "/Users/amitkallapa/LMS/.ralph/venv/lib/python3.11/site-packages/cryptography/exceptions.py", line 9, in <module>
    from cryptography.hazmat.bindings._rust import exceptions as rust_exceptions
ImportError: dlopen(/Users/amitkallapa/LMS/.ralph/venv/lib/python3.11/site-packages/_cffi_backend.cpython-311-darwin.so, 0x0002): tried: '/Users/amitkallapa/LMS/.ralph/venv/lib/python3.11/site-packages/_cffi_backend.cpython-311-darwin.so' (mach-o file, but is an incompatible architecture (have 'arm64', need 'x86_64')), '/System/Volumes/Preboot/Cryptexes/OS/Users/amitkallapa/LMS/.ralph/venv/lib/python3.11/site-packages/_cffi_backend.cpython-311-darwin.so' (no such file), '/Users/amitkallapa/LMS/.ralph/venv/lib/python3.11/site-packages/_cffi_backend.cpython-311-darwin.so' (mach-o file, but is an incompatible architecture (have 'arm64', need 'x86_64'))
Process SpawnPoolWorker-36:
Traceback (most recent call last):
  File "/Library/Frameworks/Python.framework/Versions/3.11/lib/python3.11/multiprocessing/process.py", line 314, in _bootstrap
    self.run()
  File "/Library/Frameworks/Python.framework/Versions/3.11/lib/python3.11/multiprocessing/process.py", line 108, in run
    self._target(*self._args, **self._kwargs)
  File "/Library/Frameworks/Python.framework/Versions/3.11/lib/python3.11/multiprocessing/pool.py", line 109, in worker
    initializer(*initargs)
  File "/Users/amitkallapa/LMS/.ralph/venv/lib/python3.11/site-packages/django/test/runner.py", line 431, in _init_worker
    django.setup()
  File "/Users/amitkallapa/LMS/.ralph/venv/lib/python3.11/site-packages/django/__init__.py", line 24, in setup
    apps.populate(settings.INSTALLED_APPS)
  File "/Users/amitkallapa/LMS/.ralph/venv/lib/python3.11/site-packages/django/apps/registry.py", line 124, in populate
    app_config.ready()
  File "/Users/amitkallapa/LMS/.ralph/worktrees/2026-07-25_074057_normal_run/sfpcl_credit/compliance/apps.py", line 9, in ready
    from sfpcl_credit.compliance.search_facade import search_compliance_records
  File "/Users/amitkallapa/LMS/.ralph/worktrees/2026-07-25_074057_normal_run/sfpcl_credit/compliance/search_facade.py", line 4, in <module>
    from sfpcl_credit.compliance.modules import compliance_control_tracker
  File "/Users/amitkallapa/LMS/.ralph/worktrees/2026-07-25_074057_normal_run/sfpcl_credit/compliance/modules/compliance_control_tracker.py", line 14, in <module>
    from sfpcl_credit.identity.modules import auth_service
  File "/Users/amitkallapa/LMS/.ralph/worktrees/2026-07-25_074057_normal_run/sfpcl_credit/identity/modules/auth_service.py", line 18, in <module>
    from sfpcl_credit.identity.modules.tokens import (
  File "/Users/amitkallapa/LMS/.ralph/worktrees/2026-07-25_074057_normal_run/sfpcl_credit/identity/modules/tokens.py", line 13, in <module>
    import jwt
  File "/Users/amitkallapa/LMS/.ralph/venv/lib/python3.11/site-packages/jwt/__init__.py", line 1, in <module>
    from .api_jwk import PyJWK, PyJWKSet
  File "/Users/amitkallapa/LMS/.ralph/venv/lib/python3.11/site-packages/jwt/api_jwk.py", line 7, in <module>
    from .algorithms import get_default_algorithms, has_crypto, requires_cryptography
  File "/Users/amitkallapa/LMS/.ralph/venv/lib/python3.11/site-packages/jwt/algorithms.py", line 11, in <module>
    from .utils import (
  File "/Users/amitkallapa/LMS/.ralph/venv/lib/python3.11/site-packages/jwt/utils.py", line 7, in <module>
    from cryptography.hazmat.primitives.asymmetric.ec import EllipticCurve
  File "/Users/amitkallapa/LMS/.ralph/venv/lib/python3.11/site-packages/cryptography/hazmat/primitives/asymmetric/ec.py", line 11, in <module>
    from cryptography.exceptions import UnsupportedAlgorithm, _Reasons
  File "/Users/amitkallapa/LMS/.ralph/venv/lib/python3.11/site-packages/cryptography/exceptions.py", line 9, in <module>
    from cryptography.hazmat.bindings._rust import exceptions as rust_exceptions
ImportError: dlopen(/Users/amitkallapa/LMS/.ralph/venv/lib/python3.11/site-packages/_cffi_backend.cpython-311-darwin.so, 0x0002): tried: '/Users/amitkallapa/LMS/.ralph/venv/lib/python3.11/site-packages/_cffi_backend.cpython-311-darwin.so' (mach-o file, but is an incompatible architecture (have 'arm64', need 'x86_64')), '/System/Volumes/Preboot/Cryptexes/OS/Users/amitkallapa/LMS/.ralph/venv/lib/python3.11/site-packages/_cffi_backend.cpython-311-darwin.so' (no such file), '/Users/amitkallapa/LMS/.ralph/venv/lib/python3.11/site-packages/_cffi_backend.cpython-311-darwin.so' (mach-o file, but is an incompatible architecture (have 'arm64', need 'x86_64'))
Process SpawnPoolWorker-37:
Traceback (most recent call last):
  File "/Library/Frameworks/Python.framework/Versions/3.11/lib/python3.11/multiprocessing/process.py", line 314, in _bootstrap
    self.run()
  File "/Library/Frameworks/Python.framework/Versions/3.11/lib/python3.11/multiprocessing/process.py", line 108, in run
    self._target(*self._args, **self._kwargs)
  File "/Library/Frameworks/Python.framework/Versions/3.11/lib/python3.11/multiprocessing/pool.py", line 109, in worker
    initializer(*initargs)
  File "/Users/amitkallapa/LMS/.ralph/venv/lib/python3.11/site-packages/django/test/runner.py", line 431, in _init_worker
    django.setup()
  File "/Users/amitkallapa/LMS/.ralph/venv/lib/python3.11/site-packages/django/__init__.py", line 24, in setup
    apps.populate(settings.INSTALLED_APPS)
  File "/Users/amitkallapa/LMS/.ralph/venv/lib/python3.11/site-packages/django/apps/registry.py", line 124, in populate
    app_config.ready()
  File "/Users/amitkallapa/LMS/.ralph/worktrees/2026-07-25_074057_normal_run/sfpcl_credit/compliance/apps.py", line 9, in ready
    from sfpcl_credit.compliance.search_facade import search_compliance_records
  File "/Users/amitkallapa/LMS/.ralph/worktrees/2026-07-25_074057_normal_run/sfpcl_credit/compliance/search_facade.py", line 4, in <module>
    from sfpcl_credit.compliance.modules import compliance_control_tracker
  File "/Users/amitkallapa/LMS/.ralph/worktrees/2026-07-25_074057_normal_run/sfpcl_credit/compliance/modules/compliance_control_tracker.py", line 14, in <module>
    from sfpcl_credit.identity.modules import auth_service
  File "/Users/amitkallapa/LMS/.ralph/worktrees/2026-07-25_074057_normal_run/sfpcl_credit/identity/modules/auth_service.py", line 18, in <module>
    from sfpcl_credit.identity.modules.tokens import (
  File "/Users/amitkallapa/LMS/.ralph/worktrees/2026-07-25_074057_normal_run/sfpcl_credit/identity/modules/tokens.py", line 13, in <module>
    import jwt
  File "/Users/amitkallapa/LMS/.ralph/venv/lib/python3.11/site-packages/jwt/__init__.py", line 1, in <module>
    from .api_jwk import PyJWK, PyJWKSet
  File "/Users/amitkallapa/LMS/.ralph/venv/lib/python3.11/site-packages/jwt/api_jwk.py", line 7, in <module>
    from .algorithms import get_default_algorithms, has_crypto, requires_cryptography
  File "/Users/amitkallapa/LMS/.ralph/venv/lib/python3.11/site-packages/jwt/algorithms.py", line 11, in <module>
    from .utils import (
  File "/Users/amitkallapa/LMS/.ralph/venv/lib/python3.11/site-packages/jwt/utils.py", line 7, in <module>
    from cryptography.hazmat.primitives.asymmetric.ec import EllipticCurve
  File "/Users/amitkallapa/LMS/.ralph/venv/lib/python3.11/site-packages/cryptography/hazmat/primitives/asymmetric/ec.py", line 11, in <module>
    from cryptography.exceptions import UnsupportedAlgorithm, _Reasons
  File "/Users/amitkallapa/LMS/.ralph/venv/lib/python3.11/site-packages/cryptography/exceptions.py", line 9, in <module>
    from cryptography.hazmat.bindings._rust import exceptions as rust_exceptions
ImportError: dlopen(/Users/amitkallapa/LMS/.ralph/venv/lib/python3.11/site-packages/_cffi_backend.cpython-311-darwin.so, 0x0002): tried: '/Users/amitkallapa/LMS/.ralph/venv/lib/python3.11/site-packages/_cffi_backend.cpython-311-darwin.so' (mach-o file, but is an incompatible architecture (have 'arm64', need 'x86_64')), '/System/Volumes/Preboot/Cryptexes/OS/Users/amitkallapa/LMS/.ralph/venv/lib/python3.11/site-packages/_cffi_backend.cpython-311-darwin.so' (no such file), '/Users/amitkallapa/LMS/.ralph/venv/lib/python3.11/site-packages/_cffi_backend.cpython-311-darwin.so' (mach-o file, but is an incompatible architecture (have 'arm64', need 'x86_64'))
Process SpawnPoolWorker-39:
Traceback (most recent call last):
  File "/Library/Frameworks/Python.framework/Versions/3.11/lib/python3.11/multiprocessing/process.py", line 314, in _bootstrap
    self.run()
  File "/Library/Frameworks/Python.framework/Versions/3.11/lib/python3.11/multiprocessing/process.py", line 108, in run
    self._target(*self._args, **self._kwargs)
  File "/Library/Frameworks/Python.framework/Versions/3.11/lib/python3.11/multiprocessing/pool.py", line 109, in worker
    initializer(*initargs)
  File "/Users/amitkallapa/LMS/.ralph/venv/lib/python3.11/site-packages/django/test/runner.py", line 431, in _init_worker
    django.setup()
  File "/Users/amitkallapa/LMS/.ralph/venv/lib/python3.11/site-packages/django/__init__.py", line 24, in setup
    apps.populate(settings.INSTALLED_APPS)
  File "/Users/amitkallapa/LMS/.ralph/venv/lib/python3.11/site-packages/django/apps/registry.py", line 124, in populate
    app_config.ready()
  File "/Users/amitkallapa/LMS/.ralph/worktrees/2026-07-25_074057_normal_run/sfpcl_credit/compliance/apps.py", line 9, in ready
    from sfpcl_credit.compliance.search_facade import search_compliance_records
  File "/Users/amitkallapa/LMS/.ralph/worktrees/2026-07-25_074057_normal_run/sfpcl_credit/compliance/search_facade.py", line 4, in <module>
    from sfpcl_credit.compliance.modules import compliance_control_tracker
  File "/Users/amitkallapa/LMS/.ralph/worktrees/2026-07-25_074057_normal_run/sfpcl_credit/compliance/modules/compliance_control_tracker.py", line 14, in <module>
    from sfpcl_credit.identity.modules import auth_service
  File "/Users/amitkallapa/LMS/.ralph/worktrees/2026-07-25_074057_normal_run/sfpcl_credit/identity/modules/auth_service.py", line 18, in <module>
    from sfpcl_credit.identity.modules.tokens import (
  File "/Users/amitkallapa/LMS/.ralph/worktrees/2026-07-25_074057_normal_run/sfpcl_credit/identity/modules/tokens.py", line 13, in <module>
    import jwt
  File "/Users/amitkallapa/LMS/.ralph/venv/lib/python3.11/site-packages/jwt/__init__.py", line 1, in <module>
    from .api_jwk import PyJWK, PyJWKSet
  File "/Users/amitkallapa/LMS/.ralph/venv/lib/python3.11/site-packages/jwt/api_jwk.py", line 7, in <module>
    from .algorithms import get_default_algorithms, has_crypto, requires_cryptography
  File "/Users/amitkallapa/LMS/.ralph/venv/lib/python3.11/site-packages/jwt/algorithms.py", line 11, in <module>
    from .utils import (
  File "/Users/amitkallapa/LMS/.ralph/venv/lib/python3.11/site-packages/jwt/utils.py", line 7, in <module>
    from cryptography.hazmat.primitives.asymmetric.ec import EllipticCurve
  File "/Users/amitkallapa/LMS/.ralph/venv/lib/python3.11/site-packages/cryptography/hazmat/primitives/asymmetric/ec.py", line 11, in <module>
    from cryptography.exceptions import UnsupportedAlgorithm, _Reasons
  File "/Users/amitkallapa/LMS/.ralph/venv/lib/python3.11/site-packages/cryptography/exceptions.py", line 9, in <module>
    from cryptography.hazmat.bindings._rust import exceptions as rust_exceptions
ImportError: dlopen(/Users/amitkallapa/LMS/.ralph/venv/lib/python3.11/site-packages/_cffi_backend.cpython-311-darwin.so, 0x0002): tried: '/Users/amitkallapa/LMS/.ralph/venv/lib/python3.11/site-packages/_cffi_backend.cpython-311-darwin.so' (mach-o file, but is an incompatible architecture (have 'arm64', need 'x86_64')), '/System/Volumes/Preboot/Cryptexes/OS/Users/amitkallapa/LMS/.ralph/venv/lib/python3.11/site-packages/_cffi_backend.cpython-311-darwin.so' (no such file), '/Users/amitkallapa/LMS/.ralph/venv/lib/python3.11/site-packages/_cffi_backend.cpython-311-darwin.so' (mach-o file, but is an incompatible architecture (have 'arm64', need 'x86_64'))
Process SpawnPoolWorker-38:
Traceback (most recent call last):
  File "/Library/Frameworks/Python.framework/Versions/3.11/lib/python3.11/multiprocessing/process.py", line 314, in _bootstrap
    self.run()
  File "/Library/Frameworks/Python.framework/Versions/3.11/lib/python3.11/multiprocessing/process.py", line 108, in run
    self._target(*self._args, **self._kwargs)
  File "/Library/Frameworks/Python.framework/Versions/3.11/lib/python3.11/multiprocessing/pool.py", line 109, in worker
    initializer(*initargs)
  File "/Users/amitkallapa/LMS/.ralph/venv/lib/python3.11/site-packages/django/test/runner.py", line 431, in _init_worker
    django.setup()
  File "/Users/amitkallapa/LMS/.ralph/venv/lib/python3.11/site-packages/django/__init__.py", line 24, in setup
    apps.populate(settings.INSTALLED_APPS)
  File "/Users/amitkallapa/LMS/.ralph/venv/lib/python3.11/site-packages/django/apps/registry.py", line 124, in populate
    app_config.ready()
  File "/Users/amitkallapa/LMS/.ralph/worktrees/2026-07-25_074057_normal_run/sfpcl_credit/compliance/apps.py", line 9, in ready
    from sfpcl_credit.compliance.search_facade import search_compliance_records
  File "/Users/amitkallapa/LMS/.ralph/worktrees/2026-07-25_074057_normal_run/sfpcl_credit/compliance/search_facade.py", line 4, in <module>
    from sfpcl_credit.compliance.modules import compliance_control_tracker
  File "/Users/amitkallapa/LMS/.ralph/worktrees/2026-07-25_074057_normal_run/sfpcl_credit/compliance/modules/compliance_control_tracker.py", line 14, in <module>
    from sfpcl_credit.identity.modules import auth_service
  File "/Users/amitkallapa/LMS/.ralph/worktrees/2026-07-25_074057_normal_run/sfpcl_credit/identity/modules/auth_service.py", line 18, in <module>
    from sfpcl_credit.identity.modules.tokens import (
  File "/Users/amitkallapa/LMS/.ralph/worktrees/2026-07-25_074057_normal_run/sfpcl_credit/identity/modules/tokens.py", line 13, in <module>
    import jwt
  File "/Users/amitkallapa/LMS/.ralph/venv/lib/python3.11/site-packages/jwt/__init__.py", line 1, in <module>
    from .api_jwk import PyJWK, PyJWKSet
  File "/Users/amitkallapa/LMS/.ralph/venv/lib/python3.11/site-packages/jwt/api_jwk.py", line 7, in <module>
    from .algorithms import get_default_algorithms, has_crypto, requires_cryptography
  File "/Users/amitkallapa/LMS/.ralph/venv/lib/python3.11/site-packages/jwt/algorithms.py", line 11, in <module>
    from .utils import (
  File "/Users/amitkallapa/LMS/.ralph/venv/lib/python3.11/site-packages/jwt/utils.py", line 7, in <module>
    from cryptography.hazmat.primitives.asymmetric.ec import EllipticCurve
  File "/Users/amitkallapa/LMS/.ralph/venv/lib/python3.11/site-packages/cryptography/hazmat/primitives/asymmetric/ec.py", line 11, in <module>
    from cryptography.exceptions import UnsupportedAlgorithm, _Reasons
  File "/Users/amitkallapa/LMS/.ralph/venv/lib/python3.11/site-packages/cryptography/exceptions.py", line 9, in <module>
    from cryptography.hazmat.bindings._rust import exceptions as rust_exceptions
ImportError: dlopen(/Users/amitkallapa/LMS/.ralph/venv/lib/python3.11/site-packages/_cffi_backend.cpython-311-darwin.so, 0x0002): tried: '/Users/amitkallapa/LMS/.ralph/venv/lib/python3.11/site-packages/_cffi_backend.cpython-311-darwin.so' (mach-o file, but is an incompatible architecture (have 'arm64', need 'x86_64')), '/System/Volumes/Preboot/Cryptexes/OS/Users/amitkallapa/LMS/.ralph/venv/lib/python3.11/site-packages/_cffi_backend.cpython-311-darwin.so' (no such file), '/Users/amitkallapa/LMS/.ralph/venv/lib/python3.11/site-packages/_cffi_backend.cpython-311-darwin.so' (mach-o file, but is an incompatible architecture (have 'arm64', need 'x86_64'))
Process SpawnPoolWorker-40:
Traceback (most recent call last):
  File "/Library/Frameworks/Python.framework/Versions/3.11/lib/python3.11/multiprocessing/process.py", line 314, in _bootstrap
    self.run()
  File "/Library/Frameworks/Python.framework/Versions/3.11/lib/python3.11/multiprocessing/process.py", line 108, in run
    self._target(*self._args, **self._kwargs)
  File "/Library/Frameworks/Python.framework/Versions/3.11/lib/python3.11/multiprocessing/pool.py", line 109, in worker
    initializer(*initargs)
  File "/Users/amitkallapa/LMS/.ralph/venv/lib/python3.11/site-packages/django/test/runner.py", line 431, in _init_worker
    django.setup()
  File "/Users/amitkallapa/LMS/.ralph/venv/lib/python3.11/site-packages/django/__init__.py", line 24, in setup
    apps.populate(settings.INSTALLED_APPS)
  File "/Users/amitkallapa/LMS/.ralph/venv/lib/python3.11/site-packages/django/apps/registry.py", line 124, in populate
    app_config.ready()
  File "/Users/amitkallapa/LMS/.ralph/worktrees/2026-07-25_074057_normal_run/sfpcl_credit/compliance/apps.py", line 9, in ready
    from sfpcl_credit.compliance.search_facade import search_compliance_records
  File "/Users/amitkallapa/LMS/.ralph/worktrees/2026-07-25_074057_normal_run/sfpcl_credit/compliance/search_facade.py", line 4, in <module>
    from sfpcl_credit.compliance.modules import compliance_control_tracker
  File "/Users/amitkallapa/LMS/.ralph/worktrees/2026-07-25_074057_normal_run/sfpcl_credit/compliance/modules/compliance_control_tracker.py", line 14, in <module>
    from sfpcl_credit.identity.modules import auth_service
  File "/Users/amitkallapa/LMS/.ralph/worktrees/2026-07-25_074057_normal_run/sfpcl_credit/identity/modules/auth_service.py", line 18, in <module>
    from sfpcl_credit.identity.modules.tokens import (
  File "/Users/amitkallapa/LMS/.ralph/worktrees/2026-07-25_074057_normal_run/sfpcl_credit/identity/modules/tokens.py", line 13, in <module>
    import jwt
  File "/Users/amitkallapa/LMS/.ralph/venv/lib/python3.11/site-packages/jwt/__init__.py", line 1, in <module>
    from .api_jwk import PyJWK, PyJWKSet
  File "/Users/amitkallapa/LMS/.ralph/venv/lib/python3.11/site-packages/jwt/api_jwk.py", line 7, in <module>
    from .algorithms import get_default_algorithms, has_crypto, requires_cryptography
  File "/Users/amitkallapa/LMS/.ralph/venv/lib/python3.11/site-packages/jwt/algorithms.py", line 11, in <module>
    from .utils import (
  File "/Users/amitkallapa/LMS/.ralph/venv/lib/python3.11/site-packages/jwt/utils.py", line 7, in <module>
    from cryptography.hazmat.primitives.asymmetric.ec import EllipticCurve
  File "/Users/amitkallapa/LMS/.ralph/venv/lib/python3.11/site-packages/cryptography/hazmat/primitives/asymmetric/ec.py", line 11, in <module>
    from cryptography.exceptions import UnsupportedAlgorithm, _Reasons
  File "/Users/amitkallapa/LMS/.ralph/venv/lib/python3.11/site-packages/cryptography/exceptions.py", line 9, in <module>
    from cryptography.hazmat.bindings._rust import exceptions as rust_exceptions
ImportError: dlopen(/Users/amitkallapa/LMS/.ralph/venv/lib/python3.11/site-packages/_cffi_backend.cpython-311-darwin.so, 0x0002): tried: '/Users/amitkallapa/LMS/.ralph/venv/lib/python3.11/site-packages/_cffi_backend.cpython-311-darwin.so' (mach-o file, but is an incompatible architecture (have 'arm64', need 'x86_64')), '/System/Volumes/Preboot/Cryptexes/OS/Users/amitkallapa/LMS/.ralph/venv/lib/python3.11/site-packages/_cffi_backend.cpython-311-darwin.so' (no such file), '/Users/amitkallapa/LMS/.ralph/venv/lib/python3.11/site-packages/_cffi_backend.cpython-311-darwin.so' (mach-o file, but is an incompatible architecture (have 'arm64', need 'x86_64'))
Process SpawnPoolWorker-41:
Traceback (most recent call last):
  File "/Library/Frameworks/Python.framework/Versions/3.11/lib/python3.11/multiprocessing/process.py", line 314, in _bootstrap
    self.run()
  File "/Library/Frameworks/Python.framework/Versions/3.11/lib/python3.11/multiprocessing/process.py", line 108, in run
    self._target(*self._args, **self._kwargs)
  File "/Library/Frameworks/Python.framework/Versions/3.11/lib/python3.11/multiprocessing/pool.py", line 109, in worker
    initializer(*initargs)
  File "/Users/amitkallapa/LMS/.ralph/venv/lib/python3.11/site-packages/django/test/runner.py", line 431, in _init_worker
    django.setup()
  File "/Users/amitkallapa/LMS/.ralph/venv/lib/python3.11/site-packages/django/__init__.py", line 24, in setup
    apps.populate(settings.INSTALLED_APPS)
  File "/Users/amitkallapa/LMS/.ralph/venv/lib/python3.11/site-packages/django/apps/registry.py", line 124, in populate
    app_config.ready()
  File "/Users/amitkallapa/LMS/.ralph/worktrees/2026-07-25_074057_normal_run/sfpcl_credit/compliance/apps.py", line 9, in ready
    from sfpcl_credit.compliance.search_facade import search_compliance_records
  File "/Users/amitkallapa/LMS/.ralph/worktrees/2026-07-25_074057_normal_run/sfpcl_credit/compliance/search_facade.py", line 4, in <module>
    from sfpcl_credit.compliance.modules import compliance_control_tracker
  File "/Users/amitkallapa/LMS/.ralph/worktrees/2026-07-25_074057_normal_run/sfpcl_credit/compliance/modules/compliance_control_tracker.py", line 14, in <module>
    from sfpcl_credit.identity.modules import auth_service
  File "/Users/amitkallapa/LMS/.ralph/worktrees/2026-07-25_074057_normal_run/sfpcl_credit/identity/modules/auth_service.py", line 18, in <module>
    from sfpcl_credit.identity.modules.tokens import (
  File "/Users/amitkallapa/LMS/.ralph/worktrees/2026-07-25_074057_normal_run/sfpcl_credit/identity/modules/tokens.py", line 13, in <module>
    import jwt
  File "/Users/amitkallapa/LMS/.ralph/venv/lib/python3.11/site-packages/jwt/__init__.py", line 1, in <module>
    from .api_jwk import PyJWK, PyJWKSet
  File "/Users/amitkallapa/LMS/.ralph/venv/lib/python3.11/site-packages/jwt/api_jwk.py", line 7, in <module>
    from .algorithms import get_default_algorithms, has_crypto, requires_cryptography
  File "/Users/amitkallapa/LMS/.ralph/venv/lib/python3.11/site-packages/jwt/algorithms.py", line 11, in <module>
    from .utils import (
  File "/Users/amitkallapa/LMS/.ralph/venv/lib/python3.11/site-packages/jwt/utils.py", line 7, in <module>
    from cryptography.hazmat.primitives.asymmetric.ec import EllipticCurve
  File "/Users/amitkallapa/LMS/.ralph/venv/lib/python3.11/site-packages/cryptography/hazmat/primitives/asymmetric/ec.py", line 11, in <module>
    from cryptography.exceptions import UnsupportedAlgorithm, _Reasons
  File "/Users/amitkallapa/LMS/.ralph/venv/lib/python3.11/site-packages/cryptography/exceptions.py", line 9, in <module>
    from cryptography.hazmat.bindings._rust import exceptions as rust_exceptions
ImportError: dlopen(/Users/amitkallapa/LMS/.ralph/venv/lib/python3.11/site-packages/_cffi_backend.cpython-311-darwin.so, 0x0002): tried: '/Users/amitkallapa/LMS/.ralph/venv/lib/python3.11/site-packages/_cffi_backend.cpython-311-darwin.so' (mach-o file, but is an incompatible architecture (have 'arm64', need 'x86_64')), '/System/Volumes/Preboot/Cryptexes/OS/Users/amitkallapa/LMS/.ralph/venv/lib/python3.11/site-packages/_cffi_backend.cpython-311-darwin.so' (no such file), '/Users/amitkallapa/LMS/.ralph/venv/lib/python3.11/site-packages/_cffi_backend.cpython-311-darwin.so' (mach-o file, but is an incompatible architecture (have 'arm64', need 'x86_64'))
Process SpawnPoolWorker-42:
Traceback (most recent call last):
  File "/Library/Frameworks/Python.framework/Versions/3.11/lib/python3.11/multiprocessing/process.py", line 314, in _bootstrap
    self.run()
  File "/Library/Frameworks/Python.framework/Versions/3.11/lib/python3.11/multiprocessing/process.py", line 108, in run
    self._target(*self._args, **self._kwargs)
  File "/Library/Frameworks/Python.framework/Versions/3.11/lib/python3.11/multiprocessing/pool.py", line 109, in worker
    initializer(*initargs)
  File "/Users/amitkallapa/LMS/.ralph/venv/lib/python3.11/site-packages/django/test/runner.py", line 431, in _init_worker
    django.setup()
  File "/Users/amitkallapa/LMS/.ralph/venv/lib/python3.11/site-packages/django/__init__.py", line 24, in setup
    apps.populate(settings.INSTALLED_APPS)
  File "/Users/amitkallapa/LMS/.ralph/venv/lib/python3.11/site-packages/django/apps/registry.py", line 124, in populate
    app_config.ready()
  File "/Users/amitkallapa/LMS/.ralph/worktrees/2026-07-25_074057_normal_run/sfpcl_credit/compliance/apps.py", line 9, in ready
    from sfpcl_credit.compliance.search_facade import search_compliance_records
  File "/Users/amitkallapa/LMS/.ralph/worktrees/2026-07-25_074057_normal_run/sfpcl_credit/compliance/search_facade.py", line 4, in <module>
    from sfpcl_credit.compliance.modules import compliance_control_tracker
  File "/Users/amitkallapa/LMS/.ralph/worktrees/2026-07-25_074057_normal_run/sfpcl_credit/compliance/modules/compliance_control_tracker.py", line 14, in <module>
    from sfpcl_credit.identity.modules import auth_service
  File "/Users/amitkallapa/LMS/.ralph/worktrees/2026-07-25_074057_normal_run/sfpcl_credit/identity/modules/auth_service.py", line 18, in <module>
    from sfpcl_credit.identity.modules.tokens import (
  File "/Users/amitkallapa/LMS/.ralph/worktrees/2026-07-25_074057_normal_run/sfpcl_credit/identity/modules/tokens.py", line 13, in <module>
    import jwt
  File "/Users/amitkallapa/LMS/.ralph/venv/lib/python3.11/site-packages/jwt/__init__.py", line 1, in <module>
    from .api_jwk import PyJWK, PyJWKSet
  File "/Users/amitkallapa/LMS/.ralph/venv/lib/python3.11/site-packages/jwt/api_jwk.py", line 7, in <module>
    from .algorithms import get_default_algorithms, has_crypto, requires_cryptography
  File "/Users/amitkallapa/LMS/.ralph/venv/lib/python3.11/site-packages/jwt/algorithms.py", line 11, in <module>
    from .utils import (
  File "/Users/amitkallapa/LMS/.ralph/venv/lib/python3.11/site-packages/jwt/utils.py", line 7, in <module>
    from cryptography.hazmat.primitives.asymmetric.ec import EllipticCurve
  File "/Users/amitkallapa/LMS/.ralph/venv/lib/python3.11/site-packages/cryptography/hazmat/primitives/asymmetric/ec.py", line 11, in <module>
    from cryptography.exceptions import UnsupportedAlgorithm, _Reasons
  File "/Users/amitkallapa/LMS/.ralph/venv/lib/python3.11/site-packages/cryptography/exceptions.py", line 9, in <module>
    from cryptography.hazmat.bindings._rust import exceptions as rust_exceptions
ImportError: dlopen(/Users/amitkallapa/LMS/.ralph/venv/lib/python3.11/site-packages/_cffi_backend.cpython-311-darwin.so, 0x0002): tried: '/Users/amitkallapa/LMS/.ralph/venv/lib/python3.11/site-packages/_cffi_backend.cpython-311-darwin.so' (mach-o file, but is an incompatible architecture (have 'arm64', need 'x86_64')), '/System/Volumes/Preboot/Cryptexes/OS/Users/amitkallapa/LMS/.ralph/venv/lib/python3.11/site-packages/_cffi_backend.cpython-311-darwin.so' (no such file), '/Users/amitkallapa/LMS/.ralph/venv/lib/python3.11/site-packages/_cffi_backend.cpython-311-darwin.so' (mach-o file, but is an incompatible architecture (have 'arm64', need 'x86_64'))
Process SpawnPoolWorker-43:
Traceback (most recent call last):
  File "/Library/Frameworks/Python.framework/Versions/3.11/lib/python3.11/multiprocessing/process.py", line 314, in _bootstrap
    self.run()
  File "/Library/Frameworks/Python.framework/Versions/3.11/lib/python3.11/multiprocessing/process.py", line 108, in run
    self._target(*self._args, **self._kwargs)
  File "/Library/Frameworks/Python.framework/Versions/3.11/lib/python3.11/multiprocessing/pool.py", line 109, in worker
    initializer(*initargs)
  File "/Users/amitkallapa/LMS/.ralph/venv/lib/python3.11/site-packages/django/test/runner.py", line 431, in _init_worker
    django.setup()
  File "/Users/amitkallapa/LMS/.ralph/venv/lib/python3.11/site-packages/django/__init__.py", line 24, in setup
    apps.populate(settings.INSTALLED_APPS)
  File "/Users/amitkallapa/LMS/.ralph/venv/lib/python3.11/site-packages/django/apps/registry.py", line 124, in populate
    app_config.ready()
  File "/Users/amitkallapa/LMS/.ralph/worktrees/2026-07-25_074057_normal_run/sfpcl_credit/compliance/apps.py", line 9, in ready
    from sfpcl_credit.compliance.search_facade import search_compliance_records
  File "/Users/amitkallapa/LMS/.ralph/worktrees/2026-07-25_074057_normal_run/sfpcl_credit/compliance/search_facade.py", line 4, in <module>
    from sfpcl_credit.compliance.modules import compliance_control_tracker
  File "/Users/amitkallapa/LMS/.ralph/worktrees/2026-07-25_074057_normal_run/sfpcl_credit/compliance/modules/compliance_control_tracker.py", line 14, in <module>
    from sfpcl_credit.identity.modules import auth_service
  File "/Users/amitkallapa/LMS/.ralph/worktrees/2026-07-25_074057_normal_run/sfpcl_credit/identity/modules/auth_service.py", line 18, in <module>
    from sfpcl_credit.identity.modules.tokens import (
  File "/Users/amitkallapa/LMS/.ralph/worktrees/2026-07-25_074057_normal_run/sfpcl_credit/identity/modules/tokens.py", line 13, in <module>
    import jwt
  File "/Users/amitkallapa/LMS/.ralph/venv/lib/python3.11/site-packages/jwt/__init__.py", line 1, in <module>
    from .api_jwk import PyJWK, PyJWKSet
  File "/Users/amitkallapa/LMS/.ralph/venv/lib/python3.11/site-packages/jwt/api_jwk.py", line 7, in <module>
    from .algorithms import get_default_algorithms, has_crypto, requires_cryptography
  File "/Users/amitkallapa/LMS/.ralph/venv/lib/python3.11/site-packages/jwt/algorithms.py", line 11, in <module>
    from .utils import (
  File "/Users/amitkallapa/LMS/.ralph/venv/lib/python3.11/site-packages/jwt/utils.py", line 7, in <module>
    from cryptography.hazmat.primitives.asymmetric.ec import EllipticCurve
  File "/Users/amitkallapa/LMS/.ralph/venv/lib/python3.11/site-packages/cryptography/hazmat/primitives/asymmetric/ec.py", line 11, in <module>
    from cryptography.exceptions import UnsupportedAlgorithm, _Reasons
  File "/Users/amitkallapa/LMS/.ralph/venv/lib/python3.11/site-packages/cryptography/exceptions.py", line 9, in <module>
    from cryptography.hazmat.bindings._rust import exceptions as rust_exceptions
ImportError: dlopen(/Users/amitkallapa/LMS/.ralph/venv/lib/python3.11/site-packages/_cffi_backend.cpython-311-darwin.so, 0x0002): tried: '/Users/amitkallapa/LMS/.ralph/venv/lib/python3.11/site-packages/_cffi_backend.cpython-311-darwin.so' (mach-o file, but is an incompatible architecture (have 'arm64', need 'x86_64')), '/System/Volumes/Preboot/Cryptexes/OS/Users/amitkallapa/LMS/.ralph/venv/lib/python3.11/site-packages/_cffi_backend.cpython-311-darwin.so' (no such file), '/Users/amitkallapa/LMS/.ralph/venv/lib/python3.11/site-packages/_cffi_backend.cpython-311-darwin.so' (mach-o file, but is an incompatible architecture (have 'arm64', need 'x86_64'))
Process SpawnPoolWorker-45:
Traceback (most recent call last):
  File "/Library/Frameworks/Python.framework/Versions/3.11/lib/python3.11/multiprocessing/process.py", line 314, in _bootstrap
    self.run()
  File "/Library/Frameworks/Python.framework/Versions/3.11/lib/python3.11/multiprocessing/process.py", line 108, in run
    self._target(*self._args, **self._kwargs)
  File "/Library/Frameworks/Python.framework/Versions/3.11/lib/python3.11/multiprocessing/pool.py", line 109, in worker
    initializer(*initargs)
  File "/Users/amitkallapa/LMS/.ralph/venv/lib/python3.11/site-packages/django/test/runner.py", line 431, in _init_worker
    django.setup()
  File "/Users/amitkallapa/LMS/.ralph/venv/lib/python3.11/site-packages/django/__init__.py", line 24, in setup
    apps.populate(settings.INSTALLED_APPS)
  File "/Users/amitkallapa/LMS/.ralph/venv/lib/python3.11/site-packages/django/apps/registry.py", line 124, in populate
    app_config.ready()
  File "/Users/amitkallapa/LMS/.ralph/worktrees/2026-07-25_074057_normal_run/sfpcl_credit/compliance/apps.py", line 9, in ready
    from sfpcl_credit.compliance.search_facade import search_compliance_records
  File "/Users/amitkallapa/LMS/.ralph/worktrees/2026-07-25_074057_normal_run/sfpcl_credit/compliance/search_facade.py", line 4, in <module>
    from sfpcl_credit.compliance.modules import compliance_control_tracker
  File "/Users/amitkallapa/LMS/.ralph/worktrees/2026-07-25_074057_normal_run/sfpcl_credit/compliance/modules/compliance_control_tracker.py", line 14, in <module>
    from sfpcl_credit.identity.modules import auth_service
  File "/Users/amitkallapa/LMS/.ralph/worktrees/2026-07-25_074057_normal_run/sfpcl_credit/identity/modules/auth_service.py", line 18, in <module>
    from sfpcl_credit.identity.modules.tokens import (
  File "/Users/amitkallapa/LMS/.ralph/worktrees/2026-07-25_074057_normal_run/sfpcl_credit/identity/modules/tokens.py", line 13, in <module>
    import jwt
  File "/Users/amitkallapa/LMS/.ralph/venv/lib/python3.11/site-packages/jwt/__init__.py", line 1, in <module>
    from .api_jwk import PyJWK, PyJWKSet
  File "/Users/amitkallapa/LMS/.ralph/venv/lib/python3.11/site-packages/jwt/api_jwk.py", line 7, in <module>
    from .algorithms import get_default_algorithms, has_crypto, requires_cryptography
  File "/Users/amitkallapa/LMS/.ralph/venv/lib/python3.11/site-packages/jwt/algorithms.py", line 11, in <module>
    from .utils import (
  File "/Users/amitkallapa/LMS/.ralph/venv/lib/python3.11/site-packages/jwt/utils.py", line 7, in <module>
    from cryptography.hazmat.primitives.asymmetric.ec import EllipticCurve
  File "/Users/amitkallapa/LMS/.ralph/venv/lib/python3.11/site-packages/cryptography/hazmat/primitives/asymmetric/ec.py", line 11, in <module>
    from cryptography.exceptions import UnsupportedAlgorithm, _Reasons
  File "/Users/amitkallapa/LMS/.ralph/venv/lib/python3.11/site-packages/cryptography/exceptions.py", line 9, in <module>
    from cryptography.hazmat.bindings._rust import exceptions as rust_exceptions
ImportError: dlopen(/Users/amitkallapa/LMS/.ralph/venv/lib/python3.11/site-packages/_cffi_backend.cpython-311-darwin.so, 0x0002): tried: '/Users/amitkallapa/LMS/.ralph/venv/lib/python3.11/site-packages/_cffi_backend.cpython-311-darwin.so' (mach-o file, but is an incompatible architecture (have 'arm64', need 'x86_64')), '/System/Volumes/Preboot/Cryptexes/OS/Users/amitkallapa/LMS/.ralph/venv/lib/python3.11/site-packages/_cffi_backend.cpython-311-darwin.so' (no such file), '/Users/amitkallapa/LMS/.ralph/venv/lib/python3.11/site-packages/_cffi_backend.cpython-311-darwin.so' (mach-o file, but is an incompatible architecture (have 'arm64', need 'x86_64'))
Process SpawnPoolWorker-44:
Traceback (most recent call last):
  File "/Library/Frameworks/Python.framework/Versions/3.11/lib/python3.11/multiprocessing/process.py", line 314, in _bootstrap
    self.run()
  File "/Library/Frameworks/Python.framework/Versions/3.11/lib/python3.11/multiprocessing/process.py", line 108, in run
    self._target(*self._args, **self._kwargs)
  File "/Library/Frameworks/Python.framework/Versions/3.11/lib/python3.11/multiprocessing/pool.py", line 109, in worker
    initializer(*initargs)
  File "/Users/amitkallapa/LMS/.ralph/venv/lib/python3.11/site-packages/django/test/runner.py", line 431, in _init_worker
    django.setup()
  File "/Users/amitkallapa/LMS/.ralph/venv/lib/python3.11/site-packages/django/__init__.py", line 24, in setup
    apps.populate(settings.INSTALLED_APPS)
  File "/Users/amitkallapa/LMS/.ralph/venv/lib/python3.11/site-packages/django/apps/registry.py", line 124, in populate
    app_config.ready()
  File "/Users/amitkallapa/LMS/.ralph/worktrees/2026-07-25_074057_normal_run/sfpcl_credit/compliance/apps.py", line 9, in ready
    from sfpcl_credit.compliance.search_facade import search_compliance_records
  File "/Users/amitkallapa/LMS/.ralph/worktrees/2026-07-25_074057_normal_run/sfpcl_credit/compliance/search_facade.py", line 4, in <module>
    from sfpcl_credit.compliance.modules import compliance_control_tracker
  File "/Users/amitkallapa/LMS/.ralph/worktrees/2026-07-25_074057_normal_run/sfpcl_credit/compliance/modules/compliance_control_tracker.py", line 14, in <module>
    from sfpcl_credit.identity.modules import auth_service
  File "/Users/amitkallapa/LMS/.ralph/worktrees/2026-07-25_074057_normal_run/sfpcl_credit/identity/modules/auth_service.py", line 18, in <module>
    from sfpcl_credit.identity.modules.tokens import (
  File "/Users/amitkallapa/LMS/.ralph/worktrees/2026-07-25_074057_normal_run/sfpcl_credit/identity/modules/tokens.py", line 13, in <module>
    import jwt
  File "/Users/amitkallapa/LMS/.ralph/venv/lib/python3.11/site-packages/jwt/__init__.py", line 1, in <module>
    from .api_jwk import PyJWK, PyJWKSet
  File "/Users/amitkallapa/LMS/.ralph/venv/lib/python3.11/site-packages/jwt/api_jwk.py", line 7, in <module>
    from .algorithms import get_default_algorithms, has_crypto, requires_cryptography
  File "/Users/amitkallapa/LMS/.ralph/venv/lib/python3.11/site-packages/jwt/algorithms.py", line 11, in <module>
    from .utils import (
  File "/Users/amitkallapa/LMS/.ralph/venv/lib/python3.11/site-packages/jwt/utils.py", line 7, in <module>
    from cryptography.hazmat.primitives.asymmetric.ec import EllipticCurve
  File "/Users/amitkallapa/LMS/.ralph/venv/lib/python3.11/site-packages/cryptography/hazmat/primitives/asymmetric/ec.py", line 11, in <module>
    from cryptography.exceptions import UnsupportedAlgorithm, _Reasons
  File "/Users/amitkallapa/LMS/.ralph/venv/lib/python3.11/site-packages/cryptography/exceptions.py", line 9, in <module>
    from cryptography.hazmat.bindings._rust import exceptions as rust_exceptions
ImportError: dlopen(/Users/amitkallapa/LMS/.ralph/venv/lib/python3.11/site-packages/_cffi_backend.cpython-311-darwin.so, 0x0002): tried: '/Users/amitkallapa/LMS/.ralph/venv/lib/python3.11/site-packages/_cffi_backend.cpython-311-darwin.so' (mach-o file, but is an incompatible architecture (have 'arm64', need 'x86_64')), '/System/Volumes/Preboot/Cryptexes/OS/Users/amitkallapa/LMS/.ralph/venv/lib/python3.11/site-packages/_cffi_backend.cpython-311-darwin.so' (no such file), '/Users/amitkallapa/LMS/.ralph/venv/lib/python3.11/site-packages/_cffi_backend.cpython-311-darwin.so' (mach-o file, but is an incompatible architecture (have 'arm64', need 'x86_64'))
Process SpawnPoolWorker-46:
Traceback (most recent call last):
  File "/Library/Frameworks/Python.framework/Versions/3.11/lib/python3.11/multiprocessing/process.py", line 314, in _bootstrap
    self.run()
  File "/Library/Frameworks/Python.framework/Versions/3.11/lib/python3.11/multiprocessing/process.py", line 108, in run
    self._target(*self._args, **self._kwargs)
  File "/Library/Frameworks/Python.framework/Versions/3.11/lib/python3.11/multiprocessing/pool.py", line 109, in worker
    initializer(*initargs)
  File "/Users/amitkallapa/LMS/.ralph/venv/lib/python3.11/site-packages/django/test/runner.py", line 431, in _init_worker
    django.setup()
  File "/Users/amitkallapa/LMS/.ralph/venv/lib/python3.11/site-packages/django/__init__.py", line 24, in setup
    apps.populate(settings.INSTALLED_APPS)
  File "/Users/amitkallapa/LMS/.ralph/venv/lib/python3.11/site-packages/django/apps/registry.py", line 124, in populate
    app_config.ready()
  File "/Users/amitkallapa/LMS/.ralph/worktrees/2026-07-25_074057_normal_run/sfpcl_credit/compliance/apps.py", line 9, in ready
    from sfpcl_credit.compliance.search_facade import search_compliance_records
  File "/Users/amitkallapa/LMS/.ralph/worktrees/2026-07-25_074057_normal_run/sfpcl_credit/compliance/search_facade.py", line 4, in <module>
    from sfpcl_credit.compliance.modules import compliance_control_tracker
  File "/Users/amitkallapa/LMS/.ralph/worktrees/2026-07-25_074057_normal_run/sfpcl_credit/compliance/modules/compliance_control_tracker.py", line 14, in <module>
    from sfpcl_credit.identity.modules import auth_service
  File "/Users/amitkallapa/LMS/.ralph/worktrees/2026-07-25_074057_normal_run/sfpcl_credit/identity/modules/auth_service.py", line 18, in <module>
    from sfpcl_credit.identity.modules.tokens import (
  File "/Users/amitkallapa/LMS/.ralph/worktrees/2026-07-25_074057_normal_run/sfpcl_credit/identity/modules/tokens.py", line 13, in <module>
    import jwt
  File "/Users/amitkallapa/LMS/.ralph/venv/lib/python3.11/site-packages/jwt/__init__.py", line 1, in <module>
    from .api_jwk import PyJWK, PyJWKSet
  File "/Users/amitkallapa/LMS/.ralph/venv/lib/python3.11/site-packages/jwt/api_jwk.py", line 7, in <module>
    from .algorithms import get_default_algorithms, has_crypto, requires_cryptography
  File "/Users/amitkallapa/LMS/.ralph/venv/lib/python3.11/site-packages/jwt/algorithms.py", line 11, in <module>
    from .utils import (
  File "/Users/amitkallapa/LMS/.ralph/venv/lib/python3.11/site-packages/jwt/utils.py", line 7, in <module>
    from cryptography.hazmat.primitives.asymmetric.ec import EllipticCurve
  File "/Users/amitkallapa/LMS/.ralph/venv/lib/python3.11/site-packages/cryptography/hazmat/primitives/asymmetric/ec.py", line 11, in <module>
    from cryptography.exceptions import UnsupportedAlgorithm, _Reasons
  File "/Users/amitkallapa/LMS/.ralph/venv/lib/python3.11/site-packages/cryptography/exceptions.py", line 9, in <module>
    from cryptography.hazmat.bindings._rust import exceptions as rust_exceptions
ImportError: dlopen(/Users/amitkallapa/LMS/.ralph/venv/lib/python3.11/site-packages/_cffi_backend.cpython-311-darwin.so, 0x0002): tried: '/Users/amitkallapa/LMS/.ralph/venv/lib/python3.11/site-packages/_cffi_backend.cpython-311-darwin.so' (mach-o file, but is an incompatible architecture (have 'arm64', need 'x86_64')), '/System/Volumes/Preboot/Cryptexes/OS/Users/amitkallapa/LMS/.ralph/venv/lib/python3.11/site-packages/_cffi_backend.cpython-311-darwin.so' (no such file), '/Users/amitkallapa/LMS/.ralph/venv/lib/python3.11/site-packages/_cffi_backend.cpython-311-darwin.so' (mach-o file, but is an incompatible architecture (have 'arm64', need 'x86_64'))
Process SpawnPoolWorker-47:
Traceback (most recent call last):
  File "/Library/Frameworks/Python.framework/Versions/3.11/lib/python3.11/multiprocessing/process.py", line 314, in _bootstrap
    self.run()
  File "/Library/Frameworks/Python.framework/Versions/3.11/lib/python3.11/multiprocessing/process.py", line 108, in run
    self._target(*self._args, **self._kwargs)
  File "/Library/Frameworks/Python.framework/Versions/3.11/lib/python3.11/multiprocessing/pool.py", line 109, in worker
    initializer(*initargs)
  File "/Users/amitkallapa/LMS/.ralph/venv/lib/python3.11/site-packages/django/test/runner.py", line 431, in _init_worker
    django.setup()
  File "/Users/amitkallapa/LMS/.ralph/venv/lib/python3.11/site-packages/django/__init__.py", line 24, in setup
    apps.populate(settings.INSTALLED_APPS)
  File "/Users/amitkallapa/LMS/.ralph/venv/lib/python3.11/site-packages/django/apps/registry.py", line 124, in populate
    app_config.ready()
  File "/Users/amitkallapa/LMS/.ralph/worktrees/2026-07-25_074057_normal_run/sfpcl_credit/compliance/apps.py", line 9, in ready
    from sfpcl_credit.compliance.search_facade import search_compliance_records
  File "/Users/amitkallapa/LMS/.ralph/worktrees/2026-07-25_074057_normal_run/sfpcl_credit/compliance/search_facade.py", line 4, in <module>
    from sfpcl_credit.compliance.modules import compliance_control_tracker
  File "/Users/amitkallapa/LMS/.ralph/worktrees/2026-07-25_074057_normal_run/sfpcl_credit/compliance/modules/compliance_control_tracker.py", line 14, in <module>
    from sfpcl_credit.identity.modules import auth_service
  File "/Users/amitkallapa/LMS/.ralph/worktrees/2026-07-25_074057_normal_run/sfpcl_credit/identity/modules/auth_service.py", line 18, in <module>
    from sfpcl_credit.identity.modules.tokens import (
  File "/Users/amitkallapa/LMS/.ralph/worktrees/2026-07-25_074057_normal_run/sfpcl_credit/identity/modules/tokens.py", line 13, in <module>
    import jwt
  File "/Users/amitkallapa/LMS/.ralph/venv/lib/python3.11/site-packages/jwt/__init__.py", line 1, in <module>
    from .api_jwk import PyJWK, PyJWKSet
  File "/Users/amitkallapa/LMS/.ralph/venv/lib/python3.11/site-packages/jwt/api_jwk.py", line 7, in <module>
    from .algorithms import get_default_algorithms, has_crypto, requires_cryptography
  File "/Users/amitkallapa/LMS/.ralph/venv/lib/python3.11/site-packages/jwt/algorithms.py", line 11, in <module>
    from .utils import (
  File "/Users/amitkallapa/LMS/.ralph/venv/lib/python3.11/site-packages/jwt/utils.py", line 7, in <module>
    from cryptography.hazmat.primitives.asymmetric.ec import EllipticCurve
  File "/Users/amitkallapa/LMS/.ralph/venv/lib/python3.11/site-packages/cryptography/hazmat/primitives/asymmetric/ec.py", line 11, in <module>
    from cryptography.exceptions import UnsupportedAlgorithm, _Reasons
  File "/Users/amitkallapa/LMS/.ralph/venv/lib/python3.11/site-packages/cryptography/exceptions.py", line 9, in <module>
    from cryptography.hazmat.bindings._rust import exceptions as rust_exceptions
ImportError: dlopen(/Users/amitkallapa/LMS/.ralph/venv/lib/python3.11/site-packages/_cffi_backend.cpython-311-darwin.so, 0x0002): tried: '/Users/amitkallapa/LMS/.ralph/venv/lib/python3.11/site-packages/_cffi_backend.cpython-311-darwin.so' (mach-o file, but is an incompatible architecture (have 'arm64', need 'x86_64')), '/System/Volumes/Preboot/Cryptexes/OS/Users/amitkallapa/LMS/.ralph/venv/lib/python3.11/site-packages/_cffi_backend.cpython-311-darwin.so' (no such file), '/Users/amitkallapa/LMS/.ralph/venv/lib/python3.11/site-packages/_cffi_backend.cpython-311-darwin.so' (mach-o file, but is an incompatible architecture (have 'arm64', need 'x86_64'))
Process SpawnPoolWorker-48:
Traceback (most recent call last):
  File "/Library/Frameworks/Python.framework/Versions/3.11/lib/python3.11/multiprocessing/process.py", line 314, in _bootstrap
    self.run()
  File "/Library/Frameworks/Python.framework/Versions/3.11/lib/python3.11/multiprocessing/process.py", line 108, in run
    self._target(*self._args, **self._kwargs)
  File "/Library/Frameworks/Python.framework/Versions/3.11/lib/python3.11/multiprocessing/pool.py", line 109, in worker
    initializer(*initargs)
  File "/Users/amitkallapa/LMS/.ralph/venv/lib/python3.11/site-packages/django/test/runner.py", line 431, in _init_worker
    django.setup()
  File "/Users/amitkallapa/LMS/.ralph/venv/lib/python3.11/site-packages/django/__init__.py", line 24, in setup
    apps.populate(settings.INSTALLED_APPS)
  File "/Users/amitkallapa/LMS/.ralph/venv/lib/python3.11/site-packages/django/apps/registry.py", line 124, in populate
    app_config.ready()
  File "/Users/amitkallapa/LMS/.ralph/worktrees/2026-07-25_074057_normal_run/sfpcl_credit/compliance/apps.py", line 9, in ready
    from sfpcl_credit.compliance.search_facade import search_compliance_records
  File "/Users/amitkallapa/LMS/.ralph/worktrees/2026-07-25_074057_normal_run/sfpcl_credit/compliance/search_facade.py", line 4, in <module>
    from sfpcl_credit.compliance.modules import compliance_control_tracker
  File "/Users/amitkallapa/LMS/.ralph/worktrees/2026-07-25_074057_normal_run/sfpcl_credit/compliance/modules/compliance_control_tracker.py", line 14, in <module>
    from sfpcl_credit.identity.modules import auth_service
  File "/Users/amitkallapa/LMS/.ralph/worktrees/2026-07-25_074057_normal_run/sfpcl_credit/identity/modules/auth_service.py", line 18, in <module>
    from sfpcl_credit.identity.modules.tokens import (
  File "/Users/amitkallapa/LMS/.ralph/worktrees/2026-07-25_074057_normal_run/sfpcl_credit/identity/modules/tokens.py", line 13, in <module>
    import jwt
  File "/Users/amitkallapa/LMS/.ralph/venv/lib/python3.11/site-packages/jwt/__init__.py", line 1, in <module>
    from .api_jwk import PyJWK, PyJWKSet
  File "/Users/amitkallapa/LMS/.ralph/venv/lib/python3.11/site-packages/jwt/api_jwk.py", line 7, in <module>
    from .algorithms import get_default_algorithms, has_crypto, requires_cryptography
  File "/Users/amitkallapa/LMS/.ralph/venv/lib/python3.11/site-packages/jwt/algorithms.py", line 11, in <module>
    from .utils import (
  File "/Users/amitkallapa/LMS/.ralph/venv/lib/python3.11/site-packages/jwt/utils.py", line 7, in <module>
    from cryptography.hazmat.primitives.asymmetric.ec import EllipticCurve
  File "/Users/amitkallapa/LMS/.ralph/venv/lib/python3.11/site-packages/cryptography/hazmat/primitives/asymmetric/ec.py", line 11, in <module>
    from cryptography.exceptions import UnsupportedAlgorithm, _Reasons
  File "/Users/amitkallapa/LMS/.ralph/venv/lib/python3.11/site-packages/cryptography/exceptions.py", line 9, in <module>
    from cryptography.hazmat.bindings._rust import exceptions as rust_exceptions
ImportError: dlopen(/Users/amitkallapa/LMS/.ralph/venv/lib/python3.11/site-packages/_cffi_backend.cpython-311-darwin.so, 0x0002): tried: '/Users/amitkallapa/LMS/.ralph/venv/lib/python3.11/site-packages/_cffi_backend.cpython-311-darwin.so' (mach-o file, but is an incompatible architecture (have 'arm64', need 'x86_64')), '/System/Volumes/Preboot/Cryptexes/OS/Users/amitkallapa/LMS/.ralph/venv/lib/python3.11/site-packages/_cffi_backend.cpython-311-darwin.so' (no such file), '/Users/amitkallapa/LMS/.ralph/venv/lib/python3.11/site-packages/_cffi_backend.cpython-311-darwin.so' (mach-o file, but is an incompatible architecture (have 'arm64', need 'x86_64'))
Process SpawnPoolWorker-49:
Traceback (most recent call last):
  File "/Library/Frameworks/Python.framework/Versions/3.11/lib/python3.11/multiprocessing/process.py", line 314, in _bootstrap
    self.run()
  File "/Library/Frameworks/Python.framework/Versions/3.11/lib/python3.11/multiprocessing/process.py", line 108, in run
    self._target(*self._args, **self._kwargs)
  File "/Library/Frameworks/Python.framework/Versions/3.11/lib/python3.11/multiprocessing/pool.py", line 109, in worker
    initializer(*initargs)
  File "/Users/amitkallapa/LMS/.ralph/venv/lib/python3.11/site-packages/django/test/runner.py", line 431, in _init_worker
    django.setup()
  File "/Users/amitkallapa/LMS/.ralph/venv/lib/python3.11/site-packages/django/__init__.py", line 24, in setup
    apps.populate(settings.INSTALLED_APPS)
  File "/Users/amitkallapa/LMS/.ralph/venv/lib/python3.11/site-packages/django/apps/registry.py", line 124, in populate
    app_config.ready()
  File "/Users/amitkallapa/LMS/.ralph/worktrees/2026-07-25_074057_normal_run/sfpcl_credit/compliance/apps.py", line 9, in ready
    from sfpcl_credit.compliance.search_facade import search_compliance_records
  File "/Users/amitkallapa/LMS/.ralph/worktrees/2026-07-25_074057_normal_run/sfpcl_credit/compliance/search_facade.py", line 4, in <module>
    from sfpcl_credit.compliance.modules import compliance_control_tracker
  File "/Users/amitkallapa/LMS/.ralph/worktrees/2026-07-25_074057_normal_run/sfpcl_credit/compliance/modules/compliance_control_tracker.py", line 14, in <module>
    from sfpcl_credit.identity.modules import auth_service
  File "/Users/amitkallapa/LMS/.ralph/worktrees/2026-07-25_074057_normal_run/sfpcl_credit/identity/modules/auth_service.py", line 18, in <module>
    from sfpcl_credit.identity.modules.tokens import (
  File "/Users/amitkallapa/LMS/.ralph/worktrees/2026-07-25_074057_normal_run/sfpcl_credit/identity/modules/tokens.py", line 13, in <module>
    import jwt
  File "/Users/amitkallapa/LMS/.ralph/venv/lib/python3.11/site-packages/jwt/__init__.py", line 1, in <module>
    from .api_jwk import PyJWK, PyJWKSet
  File "/Users/amitkallapa/LMS/.ralph/venv/lib/python3.11/site-packages/jwt/api_jwk.py", line 7, in <module>
    from .algorithms import get_default_algorithms, has_crypto, requires_cryptography
  File "/Users/amitkallapa/LMS/.ralph/venv/lib/python3.11/site-packages/jwt/algorithms.py", line 11, in <module>
    from .utils import (
  File "/Users/amitkallapa/LMS/.ralph/venv/lib/python3.11/site-packages/jwt/utils.py", line 7, in <module>
    from cryptography.hazmat.primitives.asymmetric.ec import EllipticCurve
  File "/Users/amitkallapa/LMS/.ralph/venv/lib/python3.11/site-packages/cryptography/hazmat/primitives/asymmetric/ec.py", line 11, in <module>
    from cryptography.exceptions import UnsupportedAlgorithm, _Reasons
  File "/Users/amitkallapa/LMS/.ralph/venv/lib/python3.11/site-packages/cryptography/exceptions.py", line 9, in <module>
    from cryptography.hazmat.bindings._rust import exceptions as rust_exceptions
ImportError: dlopen(/Users/amitkallapa/LMS/.ralph/venv/lib/python3.11/site-packages/_cffi_backend.cpython-311-darwin.so, 0x0002): tried: '/Users/amitkallapa/LMS/.ralph/venv/lib/python3.11/site-packages/_cffi_backend.cpython-311-darwin.so' (mach-o file, but is an incompatible architecture (have 'arm64', need 'x86_64')), '/System/Volumes/Preboot/Cryptexes/OS/Users/amitkallapa/LMS/.ralph/venv/lib/python3.11/site-packages/_cffi_backend.cpython-311-darwin.so' (no such file), '/Users/amitkallapa/LMS/.ralph/venv/lib/python3.11/site-packages/_cffi_backend.cpython-311-darwin.so' (mach-o file, but is an incompatible architecture (have 'arm64', need 'x86_64'))
Process SpawnPoolWorker-50:
Traceback (most recent call last):
  File "/Library/Frameworks/Python.framework/Versions/3.11/lib/python3.11/multiprocessing/process.py", line 314, in _bootstrap
    self.run()
  File "/Library/Frameworks/Python.framework/Versions/3.11/lib/python3.11/multiprocessing/process.py", line 108, in run
    self._target(*self._args, **self._kwargs)
  File "/Library/Frameworks/Python.framework/Versions/3.11/lib/python3.11/multiprocessing/pool.py", line 109, in worker
    initializer(*initargs)
  File "/Users/amitkallapa/LMS/.ralph/venv/lib/python3.11/site-packages/django/test/runner.py", line 431, in _init_worker
    django.setup()
  File "/Users/amitkallapa/LMS/.ralph/venv/lib/python3.11/site-packages/django/__init__.py", line 24, in setup
    apps.populate(settings.INSTALLED_APPS)
  File "/Users/amitkallapa/LMS/.ralph/venv/lib/python3.11/site-packages/django/apps/registry.py", line 124, in populate
    app_config.ready()
  File "/Users/amitkallapa/LMS/.ralph/worktrees/2026-07-25_074057_normal_run/sfpcl_credit/compliance/apps.py", line 9, in ready
    from sfpcl_credit.compliance.search_facade import search_compliance_records
  File "/Users/amitkallapa/LMS/.ralph/worktrees/2026-07-25_074057_normal_run/sfpcl_credit/compliance/search_facade.py", line 4, in <module>
    from sfpcl_credit.compliance.modules import compliance_control_tracker
  File "/Users/amitkallapa/LMS/.ralph/worktrees/2026-07-25_074057_normal_run/sfpcl_credit/compliance/modules/compliance_control_tracker.py", line 14, in <module>
    from sfpcl_credit.identity.modules import auth_service
  File "/Users/amitkallapa/LMS/.ralph/worktrees/2026-07-25_074057_normal_run/sfpcl_credit/identity/modules/auth_service.py", line 18, in <module>
    from sfpcl_credit.identity.modules.tokens import (
  File "/Users/amitkallapa/LMS/.ralph/worktrees/2026-07-25_074057_normal_run/sfpcl_credit/identity/modules/tokens.py", line 13, in <module>
    import jwt
  File "/Users/amitkallapa/LMS/.ralph/venv/lib/python3.11/site-packages/jwt/__init__.py", line 1, in <module>
    from .api_jwk import PyJWK, PyJWKSet
  File "/Users/amitkallapa/LMS/.ralph/venv/lib/python3.11/site-packages/jwt/api_jwk.py", line 7, in <module>
    from .algorithms import get_default_algorithms, has_crypto, requires_cryptography
  File "/Users/amitkallapa/LMS/.ralph/venv/lib/python3.11/site-packages/jwt/algorithms.py", line 11, in <module>
    from .utils import (
  File "/Users/amitkallapa/LMS/.ralph/venv/lib/python3.11/site-packages/jwt/utils.py", line 7, in <module>
    from cryptography.hazmat.primitives.asymmetric.ec import EllipticCurve
  File "/Users/amitkallapa/LMS/.ralph/venv/lib/python3.11/site-packages/cryptography/hazmat/primitives/asymmetric/ec.py", line 11, in <module>
    from cryptography.exceptions import UnsupportedAlgorithm, _Reasons
  File "/Users/amitkallapa/LMS/.ralph/venv/lib/python3.11/site-packages/cryptography/exceptions.py", line 9, in <module>
    from cryptography.hazmat.bindings._rust import exceptions as rust_exceptions
ImportError: dlopen(/Users/amitkallapa/LMS/.ralph/venv/lib/python3.11/site-packages/_cffi_backend.cpython-311-darwin.so, 0x0002): tried: '/Users/amitkallapa/LMS/.ralph/venv/lib/python3.11/site-packages/_cffi_backend.cpython-311-darwin.so' (mach-o file, but is an incompatible architecture (have 'arm64', need 'x86_64')), '/System/Volumes/Preboot/Cryptexes/OS/Users/amitkallapa/LMS/.ralph/venv/lib/python3.11/site-packages/_cffi_backend.cpython-311-darwin.so' (no such file), '/Users/amitkallapa/LMS/.ralph/venv/lib/python3.11/site-packages/_cffi_backend.cpython-311-darwin.so' (mach-o file, but is an incompatible architecture (have 'arm64', need 'x86_64'))
Process SpawnPoolWorker-51:
Traceback (most recent call last):
  File "/Library/Frameworks/Python.framework/Versions/3.11/lib/python3.11/multiprocessing/process.py", line 314, in _bootstrap
    self.run()
  File "/Library/Frameworks/Python.framework/Versions/3.11/lib/python3.11/multiprocessing/process.py", line 108, in run
    self._target(*self._args, **self._kwargs)
  File "/Library/Frameworks/Python.framework/Versions/3.11/lib/python3.11/multiprocessing/pool.py", line 109, in worker
    initializer(*initargs)
  File "/Users/amitkallapa/LMS/.ralph/venv/lib/python3.11/site-packages/django/test/runner.py", line 431, in _init_worker
    django.setup()
  File "/Users/amitkallapa/LMS/.ralph/venv/lib/python3.11/site-packages/django/__init__.py", line 24, in setup
    apps.populate(settings.INSTALLED_APPS)
  File "/Users/amitkallapa/LMS/.ralph/venv/lib/python3.11/site-packages/django/apps/registry.py", line 124, in populate
    app_config.ready()
  File "/Users/amitkallapa/LMS/.ralph/worktrees/2026-07-25_074057_normal_run/sfpcl_credit/compliance/apps.py", line 9, in ready
    from sfpcl_credit.compliance.search_facade import search_compliance_records
  File "/Users/amitkallapa/LMS/.ralph/worktrees/2026-07-25_074057_normal_run/sfpcl_credit/compliance/search_facade.py", line 4, in <module>
    from sfpcl_credit.compliance.modules import compliance_control_tracker
  File "/Users/amitkallapa/LMS/.ralph/worktrees/2026-07-25_074057_normal_run/sfpcl_credit/compliance/modules/compliance_control_tracker.py", line 14, in <module>
    from sfpcl_credit.identity.modules import auth_service
  File "/Users/amitkallapa/LMS/.ralph/worktrees/2026-07-25_074057_normal_run/sfpcl_credit/identity/modules/auth_service.py", line 18, in <module>
    from sfpcl_credit.identity.modules.tokens import (
  File "/Users/amitkallapa/LMS/.ralph/worktrees/2026-07-25_074057_normal_run/sfpcl_credit/identity/modules/tokens.py", line 13, in <module>
    import jwt
  File "/Users/amitkallapa/LMS/.ralph/venv/lib/python3.11/site-packages/jwt/__init__.py", line 1, in <module>
    from .api_jwk import PyJWK, PyJWKSet
  File "/Users/amitkallapa/LMS/.ralph/venv/lib/python3.11/site-packages/jwt/api_jwk.py", line 7, in <module>
    from .algorithms import get_default_algorithms, has_crypto, requires_cryptography
  File "/Users/amitkallapa/LMS/.ralph/venv/lib/python3.11/site-packages/jwt/algorithms.py", line 11, in <module>
    from .utils import (
  File "/Users/amitkallapa/LMS/.ralph/venv/lib/python3.11/site-packages/jwt/utils.py", line 7, in <module>
    from cryptography.hazmat.primitives.asymmetric.ec import EllipticCurve
  File "/Users/amitkallapa/LMS/.ralph/venv/lib/python3.11/site-packages/cryptography/hazmat/primitives/asymmetric/ec.py", line 11, in <module>
    from cryptography.exceptions import UnsupportedAlgorithm, _Reasons
  File "/Users/amitkallapa/LMS/.ralph/venv/lib/python3.11/site-packages/cryptography/exceptions.py", line 9, in <module>
    from cryptography.hazmat.bindings._rust import exceptions as rust_exceptions
ImportError: dlopen(/Users/amitkallapa/LMS/.ralph/venv/lib/python3.11/site-packages/_cffi_backend.cpython-311-darwin.so, 0x0002): tried: '/Users/amitkallapa/LMS/.ralph/venv/lib/python3.11/site-packages/_cffi_backend.cpython-311-darwin.so' (mach-o file, but is an incompatible architecture (have 'arm64', need 'x86_64')), '/System/Volumes/Preboot/Cryptexes/OS/Users/amitkallapa/LMS/.ralph/venv/lib/python3.11/site-packages/_cffi_backend.cpython-311-darwin.so' (no such file), '/Users/amitkallapa/LMS/.ralph/venv/lib/python3.11/site-packages/_cffi_backend.cpython-311-darwin.so' (mach-o file, but is an incompatible architecture (have 'arm64', need 'x86_64'))
Process SpawnPoolWorker-52:
Traceback (most recent call last):
  File "/Library/Frameworks/Python.framework/Versions/3.11/lib/python3.11/multiprocessing/process.py", line 314, in _bootstrap
    self.run()
  File "/Library/Frameworks/Python.framework/Versions/3.11/lib/python3.11/multiprocessing/process.py", line 108, in run
    self._target(*self._args, **self._kwargs)
  File "/Library/Frameworks/Python.framework/Versions/3.11/lib/python3.11/multiprocessing/pool.py", line 109, in worker
    initializer(*initargs)
  File "/Users/amitkallapa/LMS/.ralph/venv/lib/python3.11/site-packages/django/test/runner.py", line 431, in _init_worker
    django.setup()
  File "/Users/amitkallapa/LMS/.ralph/venv/lib/python3.11/site-packages/django/__init__.py", line 24, in setup
    apps.populate(settings.INSTALLED_APPS)
  File "/Users/amitkallapa/LMS/.ralph/venv/lib/python3.11/site-packages/django/apps/registry.py", line 124, in populate
    app_config.ready()
  File "/Users/amitkallapa/LMS/.ralph/worktrees/2026-07-25_074057_normal_run/sfpcl_credit/compliance/apps.py", line 9, in ready
    from sfpcl_credit.compliance.search_facade import search_compliance_records
  File "/Users/amitkallapa/LMS/.ralph/worktrees/2026-07-25_074057_normal_run/sfpcl_credit/compliance/search_facade.py", line 4, in <module>
    from sfpcl_credit.compliance.modules import compliance_control_tracker
  File "/Users/amitkallapa/LMS/.ralph/worktrees/2026-07-25_074057_normal_run/sfpcl_credit/compliance/modules/compliance_control_tracker.py", line 14, in <module>
    from sfpcl_credit.identity.modules import auth_service
  File "/Users/amitkallapa/LMS/.ralph/worktrees/2026-07-25_074057_normal_run/sfpcl_credit/identity/modules/auth_service.py", line 18, in <module>
    from sfpcl_credit.identity.modules.tokens import (
  File "/Users/amitkallapa/LMS/.ralph/worktrees/2026-07-25_074057_normal_run/sfpcl_credit/identity/modules/tokens.py", line 13, in <module>
    import jwt
  File "/Users/amitkallapa/LMS/.ralph/venv/lib/python3.11/site-packages/jwt/__init__.py", line 1, in <module>
    from .api_jwk import PyJWK, PyJWKSet
  File "/Users/amitkallapa/LMS/.ralph/venv/lib/python3.11/site-packages/jwt/api_jwk.py", line 7, in <module>
    from .algorithms import get_default_algorithms, has_crypto, requires_cryptography
  File "/Users/amitkallapa/LMS/.ralph/venv/lib/python3.11/site-packages/jwt/algorithms.py", line 11, in <module>
    from .utils import (
  File "/Users/amitkallapa/LMS/.ralph/venv/lib/python3.11/site-packages/jwt/utils.py", line 7, in <module>
    from cryptography.hazmat.primitives.asymmetric.ec import EllipticCurve
  File "/Users/amitkallapa/LMS/.ralph/venv/lib/python3.11/site-packages/cryptography/hazmat/primitives/asymmetric/ec.py", line 11, in <module>
    from cryptography.exceptions import UnsupportedAlgorithm, _Reasons
  File "/Users/amitkallapa/LMS/.ralph/venv/lib/python3.11/site-packages/cryptography/exceptions.py", line 9, in <module>
    from cryptography.hazmat.bindings._rust import exceptions as rust_exceptions
ImportError: dlopen(/Users/amitkallapa/LMS/.ralph/venv/lib/python3.11/site-packages/_cffi_backend.cpython-311-darwin.so, 0x0002): tried: '/Users/amitkallapa/LMS/.ralph/venv/lib/python3.11/site-packages/_cffi_backend.cpython-311-darwin.so' (mach-o file, but is an incompatible architecture (have 'arm64', need 'x86_64')), '/System/Volumes/Preboot/Cryptexes/OS/Users/amitkallapa/LMS/.ralph/venv/lib/python3.11/site-packages/_cffi_backend.cpython-311-darwin.so' (no such file), '/Users/amitkallapa/LMS/.ralph/venv/lib/python3.11/site-packages/_cffi_backend.cpython-311-darwin.so' (mach-o file, but is an incompatible architecture (have 'arm64', need 'x86_64'))
Process SpawnPoolWorker-53:
Traceback (most recent call last):
  File "/Library/Frameworks/Python.framework/Versions/3.11/lib/python3.11/multiprocessing/process.py", line 314, in _bootstrap
    self.run()
  File "/Library/Frameworks/Python.framework/Versions/3.11/lib/python3.11/multiprocessing/process.py", line 108, in run
    self._target(*self._args, **self._kwargs)
  File "/Library/Frameworks/Python.framework/Versions/3.11/lib/python3.11/multiprocessing/pool.py", line 109, in worker
    initializer(*initargs)
  File "/Users/amitkallapa/LMS/.ralph/venv/lib/python3.11/site-packages/django/test/runner.py", line 431, in _init_worker
    django.setup()
  File "/Users/amitkallapa/LMS/.ralph/venv/lib/python3.11/site-packages/django/__init__.py", line 24, in setup
    apps.populate(settings.INSTALLED_APPS)
  File "/Users/amitkallapa/LMS/.ralph/venv/lib/python3.11/site-packages/django/apps/registry.py", line 124, in populate
    app_config.ready()
  File "/Users/amitkallapa/LMS/.ralph/worktrees/2026-07-25_074057_normal_run/sfpcl_credit/compliance/apps.py", line 9, in ready
    from sfpcl_credit.compliance.search_facade import search_compliance_records
  File "/Users/amitkallapa/LMS/.ralph/worktrees/2026-07-25_074057_normal_run/sfpcl_credit/compliance/search_facade.py", line 4, in <module>
    from sfpcl_credit.compliance.modules import compliance_control_tracker
  File "/Users/amitkallapa/LMS/.ralph/worktrees/2026-07-25_074057_normal_run/sfpcl_credit/compliance/modules/compliance_control_tracker.py", line 14, in <module>
    from sfpcl_credit.identity.modules import auth_service
  File "/Users/amitkallapa/LMS/.ralph/worktrees/2026-07-25_074057_normal_run/sfpcl_credit/identity/modules/auth_service.py", line 18, in <module>
    from sfpcl_credit.identity.modules.tokens import (
  File "/Users/amitkallapa/LMS/.ralph/worktrees/2026-07-25_074057_normal_run/sfpcl_credit/identity/modules/tokens.py", line 13, in <module>
    import jwt
  File "/Users/amitkallapa/LMS/.ralph/venv/lib/python3.11/site-packages/jwt/__init__.py", line 1, in <module>
    from .api_jwk import PyJWK, PyJWKSet
  File "/Users/amitkallapa/LMS/.ralph/venv/lib/python3.11/site-packages/jwt/api_jwk.py", line 7, in <module>
    from .algorithms import get_default_algorithms, has_crypto, requires_cryptography
  File "/Users/amitkallapa/LMS/.ralph/venv/lib/python3.11/site-packages/jwt/algorithms.py", line 11, in <module>
    from .utils import (
  File "/Users/amitkallapa/LMS/.ralph/venv/lib/python3.11/site-packages/jwt/utils.py", line 7, in <module>
    from cryptography.hazmat.primitives.asymmetric.ec import EllipticCurve
  File "/Users/amitkallapa/LMS/.ralph/venv/lib/python3.11/site-packages/cryptography/hazmat/primitives/asymmetric/ec.py", line 11, in <module>
    from cryptography.exceptions import UnsupportedAlgorithm, _Reasons
  File "/Users/amitkallapa/LMS/.ralph/venv/lib/python3.11/site-packages/cryptography/exceptions.py", line 9, in <module>
    from cryptography.hazmat.bindings._rust import exceptions as rust_exceptions
ImportError: dlopen(/Users/amitkallapa/LMS/.ralph/venv/lib/python3.11/site-packages/_cffi_backend.cpython-311-darwin.so, 0x0002): tried: '/Users/amitkallapa/LMS/.ralph/venv/lib/python3.11/site-packages/_cffi_backend.cpython-311-darwin.so' (mach-o file, but is an incompatible architecture (have 'arm64', need 'x86_64')), '/System/Volumes/Preboot/Cryptexes/OS/Users/amitkallapa/LMS/.ralph/venv/lib/python3.11/site-packages/_cffi_backend.cpython-311-darwin.so' (no such file), '/Users/amitkallapa/LMS/.ralph/venv/lib/python3.11/site-packages/_cffi_backend.cpython-311-darwin.so' (mach-o file, but is an incompatible architecture (have 'arm64', need 'x86_64'))
Process SpawnPoolWorker-54:
Traceback (most recent call last):
  File "/Library/Frameworks/Python.framework/Versions/3.11/lib/python3.11/multiprocessing/process.py", line 314, in _bootstrap
    self.run()
  File "/Library/Frameworks/Python.framework/Versions/3.11/lib/python3.11/multiprocessing/process.py", line 108, in run
    self._target(*self._args, **self._kwargs)
  File "/Library/Frameworks/Python.framework/Versions/3.11/lib/python3.11/multiprocessing/pool.py", line 109, in worker
    initializer(*initargs)
  File "/Users/amitkallapa/LMS/.ralph/venv/lib/python3.11/site-packages/django/test/runner.py", line 431, in _init_worker
    django.setup()
  File "/Users/amitkallapa/LMS/.ralph/venv/lib/python3.11/site-packages/django/__init__.py", line 24, in setup
    apps.populate(settings.INSTALLED_APPS)
  File "/Users/amitkallapa/LMS/.ralph/venv/lib/python3.11/site-packages/django/apps/registry.py", line 124, in populate
    app_config.ready()
  File "/Users/amitkallapa/LMS/.ralph/worktrees/2026-07-25_074057_normal_run/sfpcl_credit/compliance/apps.py", line 9, in ready
    from sfpcl_credit.compliance.search_facade import search_compliance_records
  File "/Users/amitkallapa/LMS/.ralph/worktrees/2026-07-25_074057_normal_run/sfpcl_credit/compliance/search_facade.py", line 4, in <module>
    from sfpcl_credit.compliance.modules import compliance_control_tracker
  File "/Users/amitkallapa/LMS/.ralph/worktrees/2026-07-25_074057_normal_run/sfpcl_credit/compliance/modules/compliance_control_tracker.py", line 14, in <module>
    from sfpcl_credit.identity.modules import auth_service
  File "/Users/amitkallapa/LMS/.ralph/worktrees/2026-07-25_074057_normal_run/sfpcl_credit/identity/modules/auth_service.py", line 18, in <module>
    from sfpcl_credit.identity.modules.tokens import (
  File "/Users/amitkallapa/LMS/.ralph/worktrees/2026-07-25_074057_normal_run/sfpcl_credit/identity/modules/tokens.py", line 13, in <module>
    import jwt
  File "/Users/amitkallapa/LMS/.ralph/venv/lib/python3.11/site-packages/jwt/__init__.py", line 1, in <module>
    from .api_jwk import PyJWK, PyJWKSet
  File "/Users/amitkallapa/LMS/.ralph/venv/lib/python3.11/site-packages/jwt/api_jwk.py", line 7, in <module>
    from .algorithms import get_default_algorithms, has_crypto, requires_cryptography
  File "/Users/amitkallapa/LMS/.ralph/venv/lib/python3.11/site-packages/jwt/algorithms.py", line 11, in <module>
    from .utils import (
  File "/Users/amitkallapa/LMS/.ralph/venv/lib/python3.11/site-packages/jwt/utils.py", line 7, in <module>
    from cryptography.hazmat.primitives.asymmetric.ec import EllipticCurve
  File "/Users/amitkallapa/LMS/.ralph/venv/lib/python3.11/site-packages/cryptography/hazmat/primitives/asymmetric/ec.py", line 11, in <module>
    from cryptography.exceptions import UnsupportedAlgorithm, _Reasons
  File "/Users/amitkallapa/LMS/.ralph/venv/lib/python3.11/site-packages/cryptography/exceptions.py", line 9, in <module>
    from cryptography.hazmat.bindings._rust import exceptions as rust_exceptions
ImportError: dlopen(/Users/amitkallapa/LMS/.ralph/venv/lib/python3.11/site-packages/_cffi_backend.cpython-311-darwin.so, 0x0002): tried: '/Users/amitkallapa/LMS/.ralph/venv/lib/python3.11/site-packages/_cffi_backend.cpython-311-darwin.so' (mach-o file, but is an incompatible architecture (have 'arm64', need 'x86_64')), '/System/Volumes/Preboot/Cryptexes/OS/Users/amitkallapa/LMS/.ralph/venv/lib/python3.11/site-packages/_cffi_backend.cpython-311-darwin.so' (no such file), '/Users/amitkallapa/LMS/.ralph/venv/lib/python3.11/site-packages/_cffi_backend.cpython-311-darwin.so' (mach-o file, but is an incompatible architecture (have 'arm64', need 'x86_64'))
Process SpawnPoolWorker-55:
Traceback (most recent call last):
  File "/Library/Frameworks/Python.framework/Versions/3.11/lib/python3.11/multiprocessing/process.py", line 314, in _bootstrap
    self.run()
  File "/Library/Frameworks/Python.framework/Versions/3.11/lib/python3.11/multiprocessing/process.py", line 108, in run
    self._target(*self._args, **self._kwargs)
  File "/Library/Frameworks/Python.framework/Versions/3.11/lib/python3.11/multiprocessing/pool.py", line 109, in worker
    initializer(*initargs)
  File "/Users/amitkallapa/LMS/.ralph/venv/lib/python3.11/site-packages/django/test/runner.py", line 431, in _init_worker
    django.setup()
  File "/Users/amitkallapa/LMS/.ralph/venv/lib/python3.11/site-packages/django/__init__.py", line 24, in setup
    apps.populate(settings.INSTALLED_APPS)
  File "/Users/amitkallapa/LMS/.ralph/venv/lib/python3.11/site-packages/django/apps/registry.py", line 124, in populate
    app_config.ready()
  File "/Users/amitkallapa/LMS/.ralph/worktrees/2026-07-25_074057_normal_run/sfpcl_credit/compliance/apps.py", line 9, in ready
    from sfpcl_credit.compliance.search_facade import search_compliance_records
  File "/Users/amitkallapa/LMS/.ralph/worktrees/2026-07-25_074057_normal_run/sfpcl_credit/compliance/search_facade.py", line 4, in <module>
    from sfpcl_credit.compliance.modules import compliance_control_tracker
  File "/Users/amitkallapa/LMS/.ralph/worktrees/2026-07-25_074057_normal_run/sfpcl_credit/compliance/modules/compliance_control_tracker.py", line 14, in <module>
    from sfpcl_credit.identity.modules import auth_service
  File "/Users/amitkallapa/LMS/.ralph/worktrees/2026-07-25_074057_normal_run/sfpcl_credit/identity/modules/auth_service.py", line 18, in <module>
    from sfpcl_credit.identity.modules.tokens import (
  File "/Users/amitkallapa/LMS/.ralph/worktrees/2026-07-25_074057_normal_run/sfpcl_credit/identity/modules/tokens.py", line 13, in <module>
    import jwt
  File "/Users/amitkallapa/LMS/.ralph/venv/lib/python3.11/site-packages/jwt/__init__.py", line 1, in <module>
    from .api_jwk import PyJWK, PyJWKSet
  File "/Users/amitkallapa/LMS/.ralph/venv/lib/python3.11/site-packages/jwt/api_jwk.py", line 7, in <module>
    from .algorithms import get_default_algorithms, has_crypto, requires_cryptography
  File "/Users/amitkallapa/LMS/.ralph/venv/lib/python3.11/site-packages/jwt/algorithms.py", line 11, in <module>
    from .utils import (
  File "/Users/amitkallapa/LMS/.ralph/venv/lib/python3.11/site-packages/jwt/utils.py", line 7, in <module>
    from cryptography.hazmat.primitives.asymmetric.ec import EllipticCurve
  File "/Users/amitkallapa/LMS/.ralph/venv/lib/python3.11/site-packages/cryptography/hazmat/primitives/asymmetric/ec.py", line 11, in <module>
    from cryptography.exceptions import UnsupportedAlgorithm, _Reasons
  File "/Users/amitkallapa/LMS/.ralph/venv/lib/python3.11/site-packages/cryptography/exceptions.py", line 9, in <module>
    from cryptography.hazmat.bindings._rust import exceptions as rust_exceptions
ImportError: dlopen(/Users/amitkallapa/LMS/.ralph/venv/lib/python3.11/site-packages/_cffi_backend.cpython-311-darwin.so, 0x0002): tried: '/Users/amitkallapa/LMS/.ralph/venv/lib/python3.11/site-packages/_cffi_backend.cpython-311-darwin.so' (mach-o file, but is an incompatible architecture (have 'arm64', need 'x86_64')), '/System/Volumes/Preboot/Cryptexes/OS/Users/amitkallapa/LMS/.ralph/venv/lib/python3.11/site-packages/_cffi_backend.cpython-311-darwin.so' (no such file), '/Users/amitkallapa/LMS/.ralph/venv/lib/python3.11/site-packages/_cffi_backend.cpython-311-darwin.so' (mach-o file, but is an incompatible architecture (have 'arm64', need 'x86_64'))
Process SpawnPoolWorker-56:
Traceback (most recent call last):
  File "/Library/Frameworks/Python.framework/Versions/3.11/lib/python3.11/multiprocessing/process.py", line 314, in _bootstrap
    self.run()
  File "/Library/Frameworks/Python.framework/Versions/3.11/lib/python3.11/multiprocessing/process.py", line 108, in run
    self._target(*self._args, **self._kwargs)
  File "/Library/Frameworks/Python.framework/Versions/3.11/lib/python3.11/multiprocessing/pool.py", line 109, in worker
    initializer(*initargs)
  File "/Users/amitkallapa/LMS/.ralph/venv/lib/python3.11/site-packages/django/test/runner.py", line 431, in _init_worker
    django.setup()
  File "/Users/amitkallapa/LMS/.ralph/venv/lib/python3.11/site-packages/django/__init__.py", line 24, in setup
    apps.populate(settings.INSTALLED_APPS)
  File "/Users/amitkallapa/LMS/.ralph/venv/lib/python3.11/site-packages/django/apps/registry.py", line 124, in populate
    app_config.ready()
  File "/Users/amitkallapa/LMS/.ralph/worktrees/2026-07-25_074057_normal_run/sfpcl_credit/compliance/apps.py", line 9, in ready
    from sfpcl_credit.compliance.search_facade import search_compliance_records
  File "/Users/amitkallapa/LMS/.ralph/worktrees/2026-07-25_074057_normal_run/sfpcl_credit/compliance/search_facade.py", line 4, in <module>
    from sfpcl_credit.compliance.modules import compliance_control_tracker
  File "/Users/amitkallapa/LMS/.ralph/worktrees/2026-07-25_074057_normal_run/sfpcl_credit/compliance/modules/compliance_control_tracker.py", line 14, in <module>
    from sfpcl_credit.identity.modules import auth_service
  File "/Users/amitkallapa/LMS/.ralph/worktrees/2026-07-25_074057_normal_run/sfpcl_credit/identity/modules/auth_service.py", line 18, in <module>
    from sfpcl_credit.identity.modules.tokens import (
  File "/Users/amitkallapa/LMS/.ralph/worktrees/2026-07-25_074057_normal_run/sfpcl_credit/identity/modules/tokens.py", line 13, in <module>
    import jwt
  File "/Users/amitkallapa/LMS/.ralph/venv/lib/python3.11/site-packages/jwt/__init__.py", line 1, in <module>
    from .api_jwk import PyJWK, PyJWKSet
  File "/Users/amitkallapa/LMS/.ralph/venv/lib/python3.11/site-packages/jwt/api_jwk.py", line 7, in <module>
    from .algorithms import get_default_algorithms, has_crypto, requires_cryptography
  File "/Users/amitkallapa/LMS/.ralph/venv/lib/python3.11/site-packages/jwt/algorithms.py", line 11, in <module>
    from .utils import (
  File "/Users/amitkallapa/LMS/.ralph/venv/lib/python3.11/site-packages/jwt/utils.py", line 7, in <module>
    from cryptography.hazmat.primitives.asymmetric.ec import EllipticCurve
  File "/Users/amitkallapa/LMS/.ralph/venv/lib/python3.11/site-packages/cryptography/hazmat/primitives/asymmetric/ec.py", line 11, in <module>
    from cryptography.exceptions import UnsupportedAlgorithm, _Reasons
  File "/Users/amitkallapa/LMS/.ralph/venv/lib/python3.11/site-packages/cryptography/exceptions.py", line 9, in <module>
    from cryptography.hazmat.bindings._rust import exceptions as rust_exceptions
ImportError: dlopen(/Users/amitkallapa/LMS/.ralph/venv/lib/python3.11/site-packages/_cffi_backend.cpython-311-darwin.so, 0x0002): tried: '/Users/amitkallapa/LMS/.ralph/venv/lib/python3.11/site-packages/_cffi_backend.cpython-311-darwin.so' (mach-o file, but is an incompatible architecture (have 'arm64', need 'x86_64')), '/System/Volumes/Preboot/Cryptexes/OS/Users/amitkallapa/LMS/.ralph/venv/lib/python3.11/site-packages/_cffi_backend.cpython-311-darwin.so' (no such file), '/Users/amitkallapa/LMS/.ralph/venv/lib/python3.11/site-packages/_cffi_backend.cpython-311-darwin.so' (mach-o file, but is an incompatible architecture (have 'arm64', need 'x86_64'))
Process SpawnPoolWorker-57:
Process SpawnPoolWorker-58:
Traceback (most recent call last):
  File "/Library/Frameworks/Python.framework/Versions/3.11/lib/python3.11/multiprocessing/process.py", line 314, in _bootstrap
    self.run()
  File "/Library/Frameworks/Python.framework/Versions/3.11/lib/python3.11/multiprocessing/process.py", line 108, in run
    self._target(*self._args, **self._kwargs)
  File "/Library/Frameworks/Python.framework/Versions/3.11/lib/python3.11/multiprocessing/pool.py", line 109, in worker
    initializer(*initargs)
  File "/Users/amitkallapa/LMS/.ralph/venv/lib/python3.11/site-packages/django/test/runner.py", line 431, in _init_worker
    django.setup()
  File "/Users/amitkallapa/LMS/.ralph/venv/lib/python3.11/site-packages/django/__init__.py", line 24, in setup
    apps.populate(settings.INSTALLED_APPS)
  File "/Users/amitkallapa/LMS/.ralph/venv/lib/python3.11/site-packages/django/apps/registry.py", line 124, in populate
    app_config.ready()
  File "/Users/amitkallapa/LMS/.ralph/worktrees/2026-07-25_074057_normal_run/sfpcl_credit/compliance/apps.py", line 9, in ready
    from sfpcl_credit.compliance.search_facade import search_compliance_records
  File "/Users/amitkallapa/LMS/.ralph/worktrees/2026-07-25_074057_normal_run/sfpcl_credit/compliance/search_facade.py", line 4, in <module>
    from sfpcl_credit.compliance.modules import compliance_control_tracker
  File "/Users/amitkallapa/LMS/.ralph/worktrees/2026-07-25_074057_normal_run/sfpcl_credit/compliance/modules/compliance_control_tracker.py", line 14, in <module>
    from sfpcl_credit.identity.modules import auth_service
  File "/Users/amitkallapa/LMS/.ralph/worktrees/2026-07-25_074057_normal_run/sfpcl_credit/identity/modules/auth_service.py", line 18, in <module>
    from sfpcl_credit.identity.modules.tokens import (
  File "/Users/amitkallapa/LMS/.ralph/worktrees/2026-07-25_074057_normal_run/sfpcl_credit/identity/modules/tokens.py", line 13, in <module>
    import jwt
  File "/Users/amitkallapa/LMS/.ralph/venv/lib/python3.11/site-packages/jwt/__init__.py", line 1, in <module>
    from .api_jwk import PyJWK, PyJWKSet
  File "/Users/amitkallapa/LMS/.ralph/venv/lib/python3.11/site-packages/jwt/api_jwk.py", line 7, in <module>
    from .algorithms import get_default_algorithms, has_crypto, requires_cryptography
  File "/Users/amitkallapa/LMS/.ralph/venv/lib/python3.11/site-packages/jwt/algorithms.py", line 11, in <module>
    from .utils import (
  File "/Users/amitkallapa/LMS/.ralph/venv/lib/python3.11/site-packages/jwt/utils.py", line 7, in <module>
    from cryptography.hazmat.primitives.asymmetric.ec import EllipticCurve
  File "/Users/amitkallapa/LMS/.ralph/venv/lib/python3.11/site-packages/cryptography/hazmat/primitives/asymmetric/ec.py", line 11, in <module>
    from cryptography.exceptions import UnsupportedAlgorithm, _Reasons
  File "/Users/amitkallapa/LMS/.ralph/venv/lib/python3.11/site-packages/cryptography/exceptions.py", line 9, in <module>
    from cryptography.hazmat.bindings._rust import exceptions as rust_exceptions
ImportError: dlopen(/Users/amitkallapa/LMS/.ralph/venv/lib/python3.11/site-packages/_cffi_backend.cpython-311-darwin.so, 0x0002): tried: '/Users/amitkallapa/LMS/.ralph/venv/lib/python3.11/site-packages/_cffi_backend.cpython-311-darwin.so' (mach-o file, but is an incompatible architecture (have 'arm64', need 'x86_64')), '/System/Volumes/Preboot/Cryptexes/OS/Users/amitkallapa/LMS/.ralph/venv/lib/python3.11/site-packages/_cffi_backend.cpython-311-darwin.so' (no such file), '/Users/amitkallapa/LMS/.ralph/venv/lib/python3.11/site-packages/_cffi_backend.cpython-311-darwin.so' (mach-o file, but is an incompatible architecture (have 'arm64', need 'x86_64'))
Traceback (most recent call last):
  File "/Library/Frameworks/Python.framework/Versions/3.11/lib/python3.11/multiprocessing/process.py", line 314, in _bootstrap
    self.run()
  File "/Library/Frameworks/Python.framework/Versions/3.11/lib/python3.11/multiprocessing/process.py", line 108, in run
    self._target(*self._args, **self._kwargs)
  File "/Library/Frameworks/Python.framework/Versions/3.11/lib/python3.11/multiprocessing/pool.py", line 109, in worker
    initializer(*initargs)
  File "/Users/amitkallapa/LMS/.ralph/venv/lib/python3.11/site-packages/django/test/runner.py", line 431, in _init_worker
    django.setup()
  File "/Users/amitkallapa/LMS/.ralph/venv/lib/python3.11/site-packages/django/__init__.py", line 24, in setup
    apps.populate(settings.INSTALLED_APPS)
  File "/Users/amitkallapa/LMS/.ralph/venv/lib/python3.11/site-packages/django/apps/registry.py", line 124, in populate
    app_config.ready()
  File "/Users/amitkallapa/LMS/.ralph/worktrees/2026-07-25_074057_normal_run/sfpcl_credit/compliance/apps.py", line 9, in ready
    from sfpcl_credit.compliance.search_facade import search_compliance_records
  File "/Users/amitkallapa/LMS/.ralph/worktrees/2026-07-25_074057_normal_run/sfpcl_credit/compliance/search_facade.py", line 4, in <module>
    from sfpcl_credit.compliance.modules import compliance_control_tracker
  File "/Users/amitkallapa/LMS/.ralph/worktrees/2026-07-25_074057_normal_run/sfpcl_credit/compliance/modules/compliance_control_tracker.py", line 14, in <module>
    from sfpcl_credit.identity.modules import auth_service
  File "/Users/amitkallapa/LMS/.ralph/worktrees/2026-07-25_074057_normal_run/sfpcl_credit/identity/modules/auth_service.py", line 18, in <module>
    from sfpcl_credit.identity.modules.tokens import (
  File "/Users/amitkallapa/LMS/.ralph/worktrees/2026-07-25_074057_normal_run/sfpcl_credit/identity/modules/tokens.py", line 13, in <module>
    import jwt
  File "/Users/amitkallapa/LMS/.ralph/venv/lib/python3.11/site-packages/jwt/__init__.py", line 1, in <module>
    from .api_jwk import PyJWK, PyJWKSet
  File "/Users/amitkallapa/LMS/.ralph/venv/lib/python3.11/site-packages/jwt/api_jwk.py", line 7, in <module>
    from .algorithms import get_default_algorithms, has_crypto, requires_cryptography
  File "/Users/amitkallapa/LMS/.ralph/venv/lib/python3.11/site-packages/jwt/algorithms.py", line 11, in <module>
    from .utils import (
  File "/Users/amitkallapa/LMS/.ralph/venv/lib/python3.11/site-packages/jwt/utils.py", line 7, in <module>
    from cryptography.hazmat.primitives.asymmetric.ec import EllipticCurve
  File "/Users/amitkallapa/LMS/.ralph/venv/lib/python3.11/site-packages/cryptography/hazmat/primitives/asymmetric/ec.py", line 11, in <module>
    from cryptography.exceptions import UnsupportedAlgorithm, _Reasons
  File "/Users/amitkallapa/LMS/.ralph/venv/lib/python3.11/site-packages/cryptography/exceptions.py", line 9, in <module>
    from cryptography.hazmat.bindings._rust import exceptions as rust_exceptions
ImportError: dlopen(/Users/amitkallapa/LMS/.ralph/venv/lib/python3.11/site-packages/_cffi_backend.cpython-311-darwin.so, 0x0002): tried: '/Users/amitkallapa/LMS/.ralph/venv/lib/python3.11/site-packages/_cffi_backend.cpython-311-darwin.so' (mach-o file, but is an incompatible architecture (have 'arm64', need 'x86_64')), '/System/Volumes/Preboot/Cryptexes/OS/Users/amitkallapa/LMS/.ralph/venv/lib/python3.11/site-packages/_cffi_backend.cpython-311-darwin.so' (no such file), '/Users/amitkallapa/LMS/.ralph/venv/lib/python3.11/site-packages/_cffi_backend.cpython-311-darwin.so' (mach-o file, but is an incompatible architecture (have 'arm64', need 'x86_64'))
Process SpawnPoolWorker-59:
Traceback (most recent call last):
  File "/Library/Frameworks/Python.framework/Versions/3.11/lib/python3.11/multiprocessing/process.py", line 314, in _bootstrap
    self.run()
  File "/Library/Frameworks/Python.framework/Versions/3.11/lib/python3.11/multiprocessing/process.py", line 108, in run
    self._target(*self._args, **self._kwargs)
  File "/Library/Frameworks/Python.framework/Versions/3.11/lib/python3.11/multiprocessing/pool.py", line 109, in worker
    initializer(*initargs)
  File "/Users/amitkallapa/LMS/.ralph/venv/lib/python3.11/site-packages/django/test/runner.py", line 431, in _init_worker
    django.setup()
  File "/Users/amitkallapa/LMS/.ralph/venv/lib/python3.11/site-packages/django/__init__.py", line 24, in setup
    apps.populate(settings.INSTALLED_APPS)
  File "/Users/amitkallapa/LMS/.ralph/venv/lib/python3.11/site-packages/django/apps/registry.py", line 124, in populate
    app_config.ready()
  File "/Users/amitkallapa/LMS/.ralph/worktrees/2026-07-25_074057_normal_run/sfpcl_credit/compliance/apps.py", line 9, in ready
    from sfpcl_credit.compliance.search_facade import search_compliance_records
  File "/Users/amitkallapa/LMS/.ralph/worktrees/2026-07-25_074057_normal_run/sfpcl_credit/compliance/search_facade.py", line 4, in <module>
    from sfpcl_credit.compliance.modules import compliance_control_tracker
  File "/Users/amitkallapa/LMS/.ralph/worktrees/2026-07-25_074057_normal_run/sfpcl_credit/compliance/modules/compliance_control_tracker.py", line 14, in <module>
    from sfpcl_credit.identity.modules import auth_service
  File "/Users/amitkallapa/LMS/.ralph/worktrees/2026-07-25_074057_normal_run/sfpcl_credit/identity/modules/auth_service.py", line 18, in <module>
    from sfpcl_credit.identity.modules.tokens import (
  File "/Users/amitkallapa/LMS/.ralph/worktrees/2026-07-25_074057_normal_run/sfpcl_credit/identity/modules/tokens.py", line 13, in <module>
    import jwt
  File "/Users/amitkallapa/LMS/.ralph/venv/lib/python3.11/site-packages/jwt/__init__.py", line 1, in <module>
    from .api_jwk import PyJWK, PyJWKSet
  File "/Users/amitkallapa/LMS/.ralph/venv/lib/python3.11/site-packages/jwt/api_jwk.py", line 7, in <module>
    from .algorithms import get_default_algorithms, has_crypto, requires_cryptography
  File "/Users/amitkallapa/LMS/.ralph/venv/lib/python3.11/site-packages/jwt/algorithms.py", line 11, in <module>
    from .utils import (
  File "/Users/amitkallapa/LMS/.ralph/venv/lib/python3.11/site-packages/jwt/utils.py", line 7, in <module>
    from cryptography.hazmat.primitives.asymmetric.ec import EllipticCurve
  File "/Users/amitkallapa/LMS/.ralph/venv/lib/python3.11/site-packages/cryptography/hazmat/primitives/asymmetric/ec.py", line 11, in <module>
    from cryptography.exceptions import UnsupportedAlgorithm, _Reasons
  File "/Users/amitkallapa/LMS/.ralph/venv/lib/python3.11/site-packages/cryptography/exceptions.py", line 9, in <module>
    from cryptography.hazmat.bindings._rust import exceptions as rust_exceptions
ImportError: dlopen(/Users/amitkallapa/LMS/.ralph/venv/lib/python3.11/site-packages/_cffi_backend.cpython-311-darwin.so, 0x0002): tried: '/Users/amitkallapa/LMS/.ralph/venv/lib/python3.11/site-packages/_cffi_backend.cpython-311-darwin.so' (mach-o file, but is an incompatible architecture (have 'arm64', need 'x86_64')), '/System/Volumes/Preboot/Cryptexes/OS/Users/amitkallapa/LMS/.ralph/venv/lib/python3.11/site-packages/_cffi_backend.cpython-311-darwin.so' (no such file), '/Users/amitkallapa/LMS/.ralph/venv/lib/python3.11/site-packages/_cffi_backend.cpython-311-darwin.so' (mach-o file, but is an incompatible architecture (have 'arm64', need 'x86_64'))
Process SpawnPoolWorker-60:
Traceback (most recent call last):
  File "/Library/Frameworks/Python.framework/Versions/3.11/lib/python3.11/multiprocessing/process.py", line 314, in _bootstrap
    self.run()
  File "/Library/Frameworks/Python.framework/Versions/3.11/lib/python3.11/multiprocessing/process.py", line 108, in run
    self._target(*self._args, **self._kwargs)
  File "/Library/Frameworks/Python.framework/Versions/3.11/lib/python3.11/multiprocessing/pool.py", line 109, in worker
    initializer(*initargs)
  File "/Users/amitkallapa/LMS/.ralph/venv/lib/python3.11/site-packages/django/test/runner.py", line 431, in _init_worker
    django.setup()
  File "/Users/amitkallapa/LMS/.ralph/venv/lib/python3.11/site-packages/django/__init__.py", line 24, in setup
    apps.populate(settings.INSTALLED_APPS)
  File "/Users/amitkallapa/LMS/.ralph/venv/lib/python3.11/site-packages/django/apps/registry.py", line 124, in populate
    app_config.ready()
  File "/Users/amitkallapa/LMS/.ralph/worktrees/2026-07-25_074057_normal_run/sfpcl_credit/compliance/apps.py", line 9, in ready
    from sfpcl_credit.compliance.search_facade import search_compliance_records
  File "/Users/amitkallapa/LMS/.ralph/worktrees/2026-07-25_074057_normal_run/sfpcl_credit/compliance/search_facade.py", line 4, in <module>
    from sfpcl_credit.compliance.modules import compliance_control_tracker
  File "/Users/amitkallapa/LMS/.ralph/worktrees/2026-07-25_074057_normal_run/sfpcl_credit/compliance/modules/compliance_control_tracker.py", line 14, in <module>
    from sfpcl_credit.identity.modules import auth_service
  File "/Users/amitkallapa/LMS/.ralph/worktrees/2026-07-25_074057_normal_run/sfpcl_credit/identity/modules/auth_service.py", line 18, in <module>
    from sfpcl_credit.identity.modules.tokens import (
  File "/Users/amitkallapa/LMS/.ralph/worktrees/2026-07-25_074057_normal_run/sfpcl_credit/identity/modules/tokens.py", line 13, in <module>
    import jwt
  File "/Users/amitkallapa/LMS/.ralph/venv/lib/python3.11/site-packages/jwt/__init__.py", line 1, in <module>
    from .api_jwk import PyJWK, PyJWKSet
  File "/Users/amitkallapa/LMS/.ralph/venv/lib/python3.11/site-packages/jwt/api_jwk.py", line 7, in <module>
    from .algorithms import get_default_algorithms, has_crypto, requires_cryptography
  File "/Users/amitkallapa/LMS/.ralph/venv/lib/python3.11/site-packages/jwt/algorithms.py", line 11, in <module>
    from .utils import (
  File "/Users/amitkallapa/LMS/.ralph/venv/lib/python3.11/site-packages/jwt/utils.py", line 7, in <module>
    from cryptography.hazmat.primitives.asymmetric.ec import EllipticCurve
  File "/Users/amitkallapa/LMS/.ralph/venv/lib/python3.11/site-packages/cryptography/hazmat/primitives/asymmetric/ec.py", line 11, in <module>
    from cryptography.exceptions import UnsupportedAlgorithm, _Reasons
  File "/Users/amitkallapa/LMS/.ralph/venv/lib/python3.11/site-packages/cryptography/exceptions.py", line 9, in <module>
    from cryptography.hazmat.bindings._rust import exceptions as rust_exceptions
ImportError: dlopen(/Users/amitkallapa/LMS/.ralph/venv/lib/python3.11/site-packages/_cffi_backend.cpython-311-darwin.so, 0x0002): tried: '/Users/amitkallapa/LMS/.ralph/venv/lib/python3.11/site-packages/_cffi_backend.cpython-311-darwin.so' (mach-o file, but is an incompatible architecture (have 'arm64', need 'x86_64')), '/System/Volumes/Preboot/Cryptexes/OS/Users/amitkallapa/LMS/.ralph/venv/lib/python3.11/site-packages/_cffi_backend.cpython-311-darwin.so' (no such file), '/Users/amitkallapa/LMS/.ralph/venv/lib/python3.11/site-packages/_cffi_backend.cpython-311-darwin.so' (mach-o file, but is an incompatible architecture (have 'arm64', need 'x86_64'))
Process SpawnPoolWorker-61:
Traceback (most recent call last):
  File "/Library/Frameworks/Python.framework/Versions/3.11/lib/python3.11/multiprocessing/process.py", line 314, in _bootstrap
    self.run()
  File "/Library/Frameworks/Python.framework/Versions/3.11/lib/python3.11/multiprocessing/process.py", line 108, in run
    self._target(*self._args, **self._kwargs)
  File "/Library/Frameworks/Python.framework/Versions/3.11/lib/python3.11/multiprocessing/pool.py", line 109, in worker
    initializer(*initargs)
  File "/Users/amitkallapa/LMS/.ralph/venv/lib/python3.11/site-packages/django/test/runner.py", line 431, in _init_worker
    django.setup()
  File "/Users/amitkallapa/LMS/.ralph/venv/lib/python3.11/site-packages/django/__init__.py", line 24, in setup
    apps.populate(settings.INSTALLED_APPS)
  File "/Users/amitkallapa/LMS/.ralph/venv/lib/python3.11/site-packages/django/apps/registry.py", line 124, in populate
    app_config.ready()
  File "/Users/amitkallapa/LMS/.ralph/worktrees/2026-07-25_074057_normal_run/sfpcl_credit/compliance/apps.py", line 9, in ready
    from sfpcl_credit.compliance.search_facade import search_compliance_records
  File "/Users/amitkallapa/LMS/.ralph/worktrees/2026-07-25_074057_normal_run/sfpcl_credit/compliance/search_facade.py", line 4, in <module>
    from sfpcl_credit.compliance.modules import compliance_control_tracker
  File "/Users/amitkallapa/LMS/.ralph/worktrees/2026-07-25_074057_normal_run/sfpcl_credit/compliance/modules/compliance_control_tracker.py", line 14, in <module>
    from sfpcl_credit.identity.modules import auth_service
  File "/Users/amitkallapa/LMS/.ralph/worktrees/2026-07-25_074057_normal_run/sfpcl_credit/identity/modules/auth_service.py", line 18, in <module>
    from sfpcl_credit.identity.modules.tokens import (
  File "/Users/amitkallapa/LMS/.ralph/worktrees/2026-07-25_074057_normal_run/sfpcl_credit/identity/modules/tokens.py", line 13, in <module>
    import jwt
  File "/Users/amitkallapa/LMS/.ralph/venv/lib/python3.11/site-packages/jwt/__init__.py", line 1, in <module>
    from .api_jwk import PyJWK, PyJWKSet
  File "/Users/amitkallapa/LMS/.ralph/venv/lib/python3.11/site-packages/jwt/api_jwk.py", line 7, in <module>
    from .algorithms import get_default_algorithms, has_crypto, requires_cryptography
  File "/Users/amitkallapa/LMS/.ralph/venv/lib/python3.11/site-packages/jwt/algorithms.py", line 11, in <module>
    from .utils import (
  File "/Users/amitkallapa/LMS/.ralph/venv/lib/python3.11/site-packages/jwt/utils.py", line 7, in <module>
    from cryptography.hazmat.primitives.asymmetric.ec import EllipticCurve
  File "/Users/amitkallapa/LMS/.ralph/venv/lib/python3.11/site-packages/cryptography/hazmat/primitives/asymmetric/ec.py", line 11, in <module>
    from cryptography.exceptions import UnsupportedAlgorithm, _Reasons
  File "/Users/amitkallapa/LMS/.ralph/venv/lib/python3.11/site-packages/cryptography/exceptions.py", line 9, in <module>
    from cryptography.hazmat.bindings._rust import exceptions as rust_exceptions
ImportError: dlopen(/Users/amitkallapa/LMS/.ralph/venv/lib/python3.11/site-packages/_cffi_backend.cpython-311-darwin.so, 0x0002): tried: '/Users/amitkallapa/LMS/.ralph/venv/lib/python3.11/site-packages/_cffi_backend.cpython-311-darwin.so' (mach-o file, but is an incompatible architecture (have 'arm64', need 'x86_64')), '/System/Volumes/Preboot/Cryptexes/OS/Users/amitkallapa/LMS/.ralph/venv/lib/python3.11/site-packages/_cffi_backend.cpython-311-darwin.so' (no such file), '/Users/amitkallapa/LMS/.ralph/venv/lib/python3.11/site-packages/_cffi_backend.cpython-311-darwin.so' (mach-o file, but is an incompatible architecture (have 'arm64', need 'x86_64'))
Process SpawnPoolWorker-62:
Traceback (most recent call last):
  File "/Library/Frameworks/Python.framework/Versions/3.11/lib/python3.11/multiprocessing/process.py", line 314, in _bootstrap
    self.run()
  File "/Library/Frameworks/Python.framework/Versions/3.11/lib/python3.11/multiprocessing/process.py", line 108, in run
    self._target(*self._args, **self._kwargs)
  File "/Library/Frameworks/Python.framework/Versions/3.11/lib/python3.11/multiprocessing/pool.py", line 109, in worker
    initializer(*initargs)
  File "/Users/amitkallapa/LMS/.ralph/venv/lib/python3.11/site-packages/django/test/runner.py", line 431, in _init_worker
    django.setup()
  File "/Users/amitkallapa/LMS/.ralph/venv/lib/python3.11/site-packages/django/__init__.py", line 24, in setup
    apps.populate(settings.INSTALLED_APPS)
  File "/Users/amitkallapa/LMS/.ralph/venv/lib/python3.11/site-packages/django/apps/registry.py", line 124, in populate
    app_config.ready()
  File "/Users/amitkallapa/LMS/.ralph/worktrees/2026-07-25_074057_normal_run/sfpcl_credit/compliance/apps.py", line 9, in ready
    from sfpcl_credit.compliance.search_facade import search_compliance_records
  File "/Users/amitkallapa/LMS/.ralph/worktrees/2026-07-25_074057_normal_run/sfpcl_credit/compliance/search_facade.py", line 4, in <module>
    from sfpcl_credit.compliance.modules import compliance_control_tracker
  File "/Users/amitkallapa/LMS/.ralph/worktrees/2026-07-25_074057_normal_run/sfpcl_credit/compliance/modules/compliance_control_tracker.py", line 14, in <module>
    from sfpcl_credit.identity.modules import auth_service
  File "/Users/amitkallapa/LMS/.ralph/worktrees/2026-07-25_074057_normal_run/sfpcl_credit/identity/modules/auth_service.py", line 18, in <module>
    from sfpcl_credit.identity.modules.tokens import (
  File "/Users/amitkallapa/LMS/.ralph/worktrees/2026-07-25_074057_normal_run/sfpcl_credit/identity/modules/tokens.py", line 13, in <module>
    import jwt
  File "/Users/amitkallapa/LMS/.ralph/venv/lib/python3.11/site-packages/jwt/__init__.py", line 1, in <module>
    from .api_jwk import PyJWK, PyJWKSet
  File "/Users/amitkallapa/LMS/.ralph/venv/lib/python3.11/site-packages/jwt/api_jwk.py", line 7, in <module>
    from .algorithms import get_default_algorithms, has_crypto, requires_cryptography
  File "/Users/amitkallapa/LMS/.ralph/venv/lib/python3.11/site-packages/jwt/algorithms.py", line 11, in <module>
    from .utils import (
  File "/Users/amitkallapa/LMS/.ralph/venv/lib/python3.11/site-packages/jwt/utils.py", line 7, in <module>
    from cryptography.hazmat.primitives.asymmetric.ec import EllipticCurve
  File "/Users/amitkallapa/LMS/.ralph/venv/lib/python3.11/site-packages/cryptography/hazmat/primitives/asymmetric/ec.py", line 11, in <module>
    from cryptography.exceptions import UnsupportedAlgorithm, _Reasons
  File "/Users/amitkallapa/LMS/.ralph/venv/lib/python3.11/site-packages/cryptography/exceptions.py", line 9, in <module>
    from cryptography.hazmat.bindings._rust import exceptions as rust_exceptions
ImportError: dlopen(/Users/amitkallapa/LMS/.ralph/venv/lib/python3.11/site-packages/_cffi_backend.cpython-311-darwin.so, 0x0002): tried: '/Users/amitkallapa/LMS/.ralph/venv/lib/python3.11/site-packages/_cffi_backend.cpython-311-darwin.so' (mach-o file, but is an incompatible architecture (have 'arm64', need 'x86_64')), '/System/Volumes/Preboot/Cryptexes/OS/Users/amitkallapa/LMS/.ralph/venv/lib/python3.11/site-packages/_cffi_backend.cpython-311-darwin.so' (no such file), '/Users/amitkallapa/LMS/.ralph/venv/lib/python3.11/site-packages/_cffi_backend.cpython-311-darwin.so' (mach-o file, but is an incompatible architecture (have 'arm64', need 'x86_64'))
Process SpawnPoolWorker-64:
Traceback (most recent call last):
  File "/Library/Frameworks/Python.framework/Versions/3.11/lib/python3.11/multiprocessing/process.py", line 314, in _bootstrap
    self.run()
  File "/Library/Frameworks/Python.framework/Versions/3.11/lib/python3.11/multiprocessing/process.py", line 108, in run
    self._target(*self._args, **self._kwargs)
  File "/Library/Frameworks/Python.framework/Versions/3.11/lib/python3.11/multiprocessing/pool.py", line 109, in worker
    initializer(*initargs)
  File "/Users/amitkallapa/LMS/.ralph/venv/lib/python3.11/site-packages/django/test/runner.py", line 431, in _init_worker
    django.setup()
  File "/Users/amitkallapa/LMS/.ralph/venv/lib/python3.11/site-packages/django/__init__.py", line 24, in setup
    apps.populate(settings.INSTALLED_APPS)
  File "/Users/amitkallapa/LMS/.ralph/venv/lib/python3.11/site-packages/django/apps/registry.py", line 124, in populate
    app_config.ready()
  File "/Users/amitkallapa/LMS/.ralph/worktrees/2026-07-25_074057_normal_run/sfpcl_credit/compliance/apps.py", line 9, in ready
    from sfpcl_credit.compliance.search_facade import search_compliance_records
  File "/Users/amitkallapa/LMS/.ralph/worktrees/2026-07-25_074057_normal_run/sfpcl_credit/compliance/search_facade.py", line 4, in <module>
    from sfpcl_credit.compliance.modules import compliance_control_tracker
  File "/Users/amitkallapa/LMS/.ralph/worktrees/2026-07-25_074057_normal_run/sfpcl_credit/compliance/modules/compliance_control_tracker.py", line 14, in <module>
    from sfpcl_credit.identity.modules import auth_service
  File "/Users/amitkallapa/LMS/.ralph/worktrees/2026-07-25_074057_normal_run/sfpcl_credit/identity/modules/auth_service.py", line 18, in <module>
    from sfpcl_credit.identity.modules.tokens import (
  File "/Users/amitkallapa/LMS/.ralph/worktrees/2026-07-25_074057_normal_run/sfpcl_credit/identity/modules/tokens.py", line 13, in <module>
    import jwt
  File "/Users/amitkallapa/LMS/.ralph/venv/lib/python3.11/site-packages/jwt/__init__.py", line 1, in <module>
    from .api_jwk import PyJWK, PyJWKSet
  File "/Users/amitkallapa/LMS/.ralph/venv/lib/python3.11/site-packages/jwt/api_jwk.py", line 7, in <module>
    from .algorithms import get_default_algorithms, has_crypto, requires_cryptography
  File "/Users/amitkallapa/LMS/.ralph/venv/lib/python3.11/site-packages/jwt/algorithms.py", line 11, in <module>
    from .utils import (
  File "/Users/amitkallapa/LMS/.ralph/venv/lib/python3.11/site-packages/jwt/utils.py", line 7, in <module>
    from cryptography.hazmat.primitives.asymmetric.ec import EllipticCurve
  File "/Users/amitkallapa/LMS/.ralph/venv/lib/python3.11/site-packages/cryptography/hazmat/primitives/asymmetric/ec.py", line 11, in <module>
    from cryptography.exceptions import UnsupportedAlgorithm, _Reasons
  File "/Users/amitkallapa/LMS/.ralph/venv/lib/python3.11/site-packages/cryptography/exceptions.py", line 9, in <module>
    from cryptography.hazmat.bindings._rust import exceptions as rust_exceptions
ImportError: dlopen(/Users/amitkallapa/LMS/.ralph/venv/lib/python3.11/site-packages/_cffi_backend.cpython-311-darwin.so, 0x0002): tried: '/Users/amitkallapa/LMS/.ralph/venv/lib/python3.11/site-packages/_cffi_backend.cpython-311-darwin.so' (mach-o file, but is an incompatible architecture (have 'arm64', need 'x86_64')), '/System/Volumes/Preboot/Cryptexes/OS/Users/amitkallapa/LMS/.ralph/venv/lib/python3.11/site-packages/_cffi_backend.cpython-311-darwin.so' (no such file), '/Users/amitkallapa/LMS/.ralph/venv/lib/python3.11/site-packages/_cffi_backend.cpython-311-darwin.so' (mach-o file, but is an incompatible architecture (have 'arm64', need 'x86_64'))
Process SpawnPoolWorker-63:
Traceback (most recent call last):
  File "/Library/Frameworks/Python.framework/Versions/3.11/lib/python3.11/multiprocessing/process.py", line 314, in _bootstrap
    self.run()
  File "/Library/Frameworks/Python.framework/Versions/3.11/lib/python3.11/multiprocessing/process.py", line 108, in run
    self._target(*self._args, **self._kwargs)
  File "/Library/Frameworks/Python.framework/Versions/3.11/lib/python3.11/multiprocessing/pool.py", line 109, in worker
    initializer(*initargs)
  File "/Users/amitkallapa/LMS/.ralph/venv/lib/python3.11/site-packages/django/test/runner.py", line 431, in _init_worker
    django.setup()
  File "/Users/amitkallapa/LMS/.ralph/venv/lib/python3.11/site-packages/django/__init__.py", line 24, in setup
    apps.populate(settings.INSTALLED_APPS)
  File "/Users/amitkallapa/LMS/.ralph/venv/lib/python3.11/site-packages/django/apps/registry.py", line 124, in populate
    app_config.ready()
  File "/Users/amitkallapa/LMS/.ralph/worktrees/2026-07-25_074057_normal_run/sfpcl_credit/compliance/apps.py", line 9, in ready
    from sfpcl_credit.compliance.search_facade import search_compliance_records
  File "/Users/amitkallapa/LMS/.ralph/worktrees/2026-07-25_074057_normal_run/sfpcl_credit/compliance/search_facade.py", line 4, in <module>
    from sfpcl_credit.compliance.modules import compliance_control_tracker
  File "/Users/amitkallapa/LMS/.ralph/worktrees/2026-07-25_074057_normal_run/sfpcl_credit/compliance/modules/compliance_control_tracker.py", line 14, in <module>
    from sfpcl_credit.identity.modules import auth_service
  File "/Users/amitkallapa/LMS/.ralph/worktrees/2026-07-25_074057_normal_run/sfpcl_credit/identity/modules/auth_service.py", line 18, in <module>
    from sfpcl_credit.identity.modules.tokens import (
  File "/Users/amitkallapa/LMS/.ralph/worktrees/2026-07-25_074057_normal_run/sfpcl_credit/identity/modules/tokens.py", line 13, in <module>
    import jwt
  File "/Users/amitkallapa/LMS/.ralph/venv/lib/python3.11/site-packages/jwt/__init__.py", line 1, in <module>
    from .api_jwk import PyJWK, PyJWKSet
  File "/Users/amitkallapa/LMS/.ralph/venv/lib/python3.11/site-packages/jwt/api_jwk.py", line 7, in <module>
    from .algorithms import get_default_algorithms, has_crypto, requires_cryptography
  File "/Users/amitkallapa/LMS/.ralph/venv/lib/python3.11/site-packages/jwt/algorithms.py", line 11, in <module>
    from .utils import (
  File "/Users/amitkallapa/LMS/.ralph/venv/lib/python3.11/site-packages/jwt/utils.py", line 7, in <module>
    from cryptography.hazmat.primitives.asymmetric.ec import EllipticCurve
  File "/Users/amitkallapa/LMS/.ralph/venv/lib/python3.11/site-packages/cryptography/hazmat/primitives/asymmetric/ec.py", line 11, in <module>
    from cryptography.exceptions import UnsupportedAlgorithm, _Reasons
  File "/Users/amitkallapa/LMS/.ralph/venv/lib/python3.11/site-packages/cryptography/exceptions.py", line 9, in <module>
    from cryptography.hazmat.bindings._rust import exceptions as rust_exceptions
ImportError: dlopen(/Users/amitkallapa/LMS/.ralph/venv/lib/python3.11/site-packages/_cffi_backend.cpython-311-darwin.so, 0x0002): tried: '/Users/amitkallapa/LMS/.ralph/venv/lib/python3.11/site-packages/_cffi_backend.cpython-311-darwin.so' (mach-o file, but is an incompatible architecture (have 'arm64', need 'x86_64')), '/System/Volumes/Preboot/Cryptexes/OS/Users/amitkallapa/LMS/.ralph/venv/lib/python3.11/site-packages/_cffi_backend.cpython-311-darwin.so' (no such file), '/Users/amitkallapa/LMS/.ralph/venv/lib/python3.11/site-packages/_cffi_backend.cpython-311-darwin.so' (mach-o file, but is an incompatible architecture (have 'arm64', need 'x86_64'))
Process SpawnPoolWorker-65:
Traceback (most recent call last):
  File "/Library/Frameworks/Python.framework/Versions/3.11/lib/python3.11/multiprocessing/process.py", line 314, in _bootstrap
    self.run()
  File "/Library/Frameworks/Python.framework/Versions/3.11/lib/python3.11/multiprocessing/process.py", line 108, in run
    self._target(*self._args, **self._kwargs)
  File "/Library/Frameworks/Python.framework/Versions/3.11/lib/python3.11/multiprocessing/pool.py", line 109, in worker
    initializer(*initargs)
  File "/Users/amitkallapa/LMS/.ralph/venv/lib/python3.11/site-packages/django/test/runner.py", line 431, in _init_worker
    django.setup()
  File "/Users/amitkallapa/LMS/.ralph/venv/lib/python3.11/site-packages/django/__init__.py", line 24, in setup
    apps.populate(settings.INSTALLED_APPS)
  File "/Users/amitkallapa/LMS/.ralph/venv/lib/python3.11/site-packages/django/apps/registry.py", line 124, in populate
    app_config.ready()
  File "/Users/amitkallapa/LMS/.ralph/worktrees/2026-07-25_074057_normal_run/sfpcl_credit/compliance/apps.py", line 9, in ready
    from sfpcl_credit.compliance.search_facade import search_compliance_records
  File "/Users/amitkallapa/LMS/.ralph/worktrees/2026-07-25_074057_normal_run/sfpcl_credit/compliance/search_facade.py", line 4, in <module>
    from sfpcl_credit.compliance.modules import compliance_control_tracker
  File "/Users/amitkallapa/LMS/.ralph/worktrees/2026-07-25_074057_normal_run/sfpcl_credit/compliance/modules/compliance_control_tracker.py", line 14, in <module>
    from sfpcl_credit.identity.modules import auth_service
  File "/Users/amitkallapa/LMS/.ralph/worktrees/2026-07-25_074057_normal_run/sfpcl_credit/identity/modules/auth_service.py", line 18, in <module>
    from sfpcl_credit.identity.modules.tokens import (
  File "/Users/amitkallapa/LMS/.ralph/worktrees/2026-07-25_074057_normal_run/sfpcl_credit/identity/modules/tokens.py", line 13, in <module>
    import jwt
  File "/Users/amitkallapa/LMS/.ralph/venv/lib/python3.11/site-packages/jwt/__init__.py", line 1, in <module>
    from .api_jwk import PyJWK, PyJWKSet
  File "/Users/amitkallapa/LMS/.ralph/venv/lib/python3.11/site-packages/jwt/api_jwk.py", line 7, in <module>
    from .algorithms import get_default_algorithms, has_crypto, requires_cryptography
  File "/Users/amitkallapa/LMS/.ralph/venv/lib/python3.11/site-packages/jwt/algorithms.py", line 11, in <module>
    from .utils import (
  File "/Users/amitkallapa/LMS/.ralph/venv/lib/python3.11/site-packages/jwt/utils.py", line 7, in <module>
    from cryptography.hazmat.primitives.asymmetric.ec import EllipticCurve
  File "/Users/amitkallapa/LMS/.ralph/venv/lib/python3.11/site-packages/cryptography/hazmat/primitives/asymmetric/ec.py", line 11, in <module>
    from cryptography.exceptions import UnsupportedAlgorithm, _Reasons
  File "/Users/amitkallapa/LMS/.ralph/venv/lib/python3.11/site-packages/cryptography/exceptions.py", line 9, in <module>
    from cryptography.hazmat.bindings._rust import exceptions as rust_exceptions
ImportError: dlopen(/Users/amitkallapa/LMS/.ralph/venv/lib/python3.11/site-packages/_cffi_backend.cpython-311-darwin.so, 0x0002): tried: '/Users/amitkallapa/LMS/.ralph/venv/lib/python3.11/site-packages/_cffi_backend.cpython-311-darwin.so' (mach-o file, but is an incompatible architecture (have 'arm64', need 'x86_64')), '/System/Volumes/Preboot/Cryptexes/OS/Users/amitkallapa/LMS/.ralph/venv/lib/python3.11/site-packages/_cffi_backend.cpython-311-darwin.so' (no such file), '/Users/amitkallapa/LMS/.ralph/venv/lib/python3.11/site-packages/_cffi_backend.cpython-311-darwin.so' (mach-o file, but is an incompatible architecture (have 'arm64', need 'x86_64'))
Process SpawnPoolWorker-66:
Traceback (most recent call last):
  File "/Library/Frameworks/Python.framework/Versions/3.11/lib/python3.11/multiprocessing/process.py", line 314, in _bootstrap
    self.run()
  File "/Library/Frameworks/Python.framework/Versions/3.11/lib/python3.11/multiprocessing/process.py", line 108, in run
    self._target(*self._args, **self._kwargs)
  File "/Library/Frameworks/Python.framework/Versions/3.11/lib/python3.11/multiprocessing/pool.py", line 109, in worker
    initializer(*initargs)
  File "/Users/amitkallapa/LMS/.ralph/venv/lib/python3.11/site-packages/django/test/runner.py", line 431, in _init_worker
    django.setup()
  File "/Users/amitkallapa/LMS/.ralph/venv/lib/python3.11/site-packages/django/__init__.py", line 24, in setup
    apps.populate(settings.INSTALLED_APPS)
  File "/Users/amitkallapa/LMS/.ralph/venv/lib/python3.11/site-packages/django/apps/registry.py", line 124, in populate
    app_config.ready()
  File "/Users/amitkallapa/LMS/.ralph/worktrees/2026-07-25_074057_normal_run/sfpcl_credit/compliance/apps.py", line 9, in ready
    from sfpcl_credit.compliance.search_facade import search_compliance_records
  File "/Users/amitkallapa/LMS/.ralph/worktrees/2026-07-25_074057_normal_run/sfpcl_credit/compliance/search_facade.py", line 4, in <module>
    from sfpcl_credit.compliance.modules import compliance_control_tracker
  File "/Users/amitkallapa/LMS/.ralph/worktrees/2026-07-25_074057_normal_run/sfpcl_credit/compliance/modules/compliance_control_tracker.py", line 14, in <module>
    from sfpcl_credit.identity.modules import auth_service
  File "/Users/amitkallapa/LMS/.ralph/worktrees/2026-07-25_074057_normal_run/sfpcl_credit/identity/modules/auth_service.py", line 18, in <module>
    from sfpcl_credit.identity.modules.tokens import (
  File "/Users/amitkallapa/LMS/.ralph/worktrees/2026-07-25_074057_normal_run/sfpcl_credit/identity/modules/tokens.py", line 13, in <module>
    import jwt
  File "/Users/amitkallapa/LMS/.ralph/venv/lib/python3.11/site-packages/jwt/__init__.py", line 1, in <module>
    from .api_jwk import PyJWK, PyJWKSet
  File "/Users/amitkallapa/LMS/.ralph/venv/lib/python3.11/site-packages/jwt/api_jwk.py", line 7, in <module>
    from .algorithms import get_default_algorithms, has_crypto, requires_cryptography
  File "/Users/amitkallapa/LMS/.ralph/venv/lib/python3.11/site-packages/jwt/algorithms.py", line 11, in <module>
    from .utils import (
  File "/Users/amitkallapa/LMS/.ralph/venv/lib/python3.11/site-packages/jwt/utils.py", line 7, in <module>
    from cryptography.hazmat.primitives.asymmetric.ec import EllipticCurve
  File "/Users/amitkallapa/LMS/.ralph/venv/lib/python3.11/site-packages/cryptography/hazmat/primitives/asymmetric/ec.py", line 11, in <module>
    from cryptography.exceptions import UnsupportedAlgorithm, _Reasons
  File "/Users/amitkallapa/LMS/.ralph/venv/lib/python3.11/site-packages/cryptography/exceptions.py", line 9, in <module>
    from cryptography.hazmat.bindings._rust import exceptions as rust_exceptions
ImportError: dlopen(/Users/amitkallapa/LMS/.ralph/venv/lib/python3.11/site-packages/_cffi_backend.cpython-311-darwin.so, 0x0002): tried: '/Users/amitkallapa/LMS/.ralph/venv/lib/python3.11/site-packages/_cffi_backend.cpython-311-darwin.so' (mach-o file, but is an incompatible architecture (have 'arm64', need 'x86_64')), '/System/Volumes/Preboot/Cryptexes/OS/Users/amitkallapa/LMS/.ralph/venv/lib/python3.11/site-packages/_cffi_backend.cpython-311-darwin.so' (no such file), '/Users/amitkallapa/LMS/.ralph/venv/lib/python3.11/site-packages/_cffi_backend.cpython-311-darwin.so' (mach-o file, but is an incompatible architecture (have 'arm64', need 'x86_64'))
Process SpawnPoolWorker-67:
Traceback (most recent call last):
  File "/Library/Frameworks/Python.framework/Versions/3.11/lib/python3.11/multiprocessing/process.py", line 314, in _bootstrap
    self.run()
  File "/Library/Frameworks/Python.framework/Versions/3.11/lib/python3.11/multiprocessing/process.py", line 108, in run
    self._target(*self._args, **self._kwargs)
  File "/Library/Frameworks/Python.framework/Versions/3.11/lib/python3.11/multiprocessing/pool.py", line 109, in worker
    initializer(*initargs)
  File "/Users/amitkallapa/LMS/.ralph/venv/lib/python3.11/site-packages/django/test/runner.py", line 431, in _init_worker
    django.setup()
  File "/Users/amitkallapa/LMS/.ralph/venv/lib/python3.11/site-packages/django/__init__.py", line 24, in setup
    apps.populate(settings.INSTALLED_APPS)
  File "/Users/amitkallapa/LMS/.ralph/venv/lib/python3.11/site-packages/django/apps/registry.py", line 124, in populate
    app_config.ready()
  File "/Users/amitkallapa/LMS/.ralph/worktrees/2026-07-25_074057_normal_run/sfpcl_credit/compliance/apps.py", line 9, in ready
    from sfpcl_credit.compliance.search_facade import search_compliance_records
  File "/Users/amitkallapa/LMS/.ralph/worktrees/2026-07-25_074057_normal_run/sfpcl_credit/compliance/search_facade.py", line 4, in <module>
    from sfpcl_credit.compliance.modules import compliance_control_tracker
  File "/Users/amitkallapa/LMS/.ralph/worktrees/2026-07-25_074057_normal_run/sfpcl_credit/compliance/modules/compliance_control_tracker.py", line 14, in <module>
    from sfpcl_credit.identity.modules import auth_service
  File "/Users/amitkallapa/LMS/.ralph/worktrees/2026-07-25_074057_normal_run/sfpcl_credit/identity/modules/auth_service.py", line 18, in <module>
    from sfpcl_credit.identity.modules.tokens import (
  File "/Users/amitkallapa/LMS/.ralph/worktrees/2026-07-25_074057_normal_run/sfpcl_credit/identity/modules/tokens.py", line 13, in <module>
    import jwt
  File "/Users/amitkallapa/LMS/.ralph/venv/lib/python3.11/site-packages/jwt/__init__.py", line 1, in <module>
    from .api_jwk import PyJWK, PyJWKSet
  File "/Users/amitkallapa/LMS/.ralph/venv/lib/python3.11/site-packages/jwt/api_jwk.py", line 7, in <module>
    from .algorithms import get_default_algorithms, has_crypto, requires_cryptography
  File "/Users/amitkallapa/LMS/.ralph/venv/lib/python3.11/site-packages/jwt/algorithms.py", line 11, in <module>
    from .utils import (
  File "/Users/amitkallapa/LMS/.ralph/venv/lib/python3.11/site-packages/jwt/utils.py", line 7, in <module>
    from cryptography.hazmat.primitives.asymmetric.ec import EllipticCurve
  File "/Users/amitkallapa/LMS/.ralph/venv/lib/python3.11/site-packages/cryptography/hazmat/primitives/asymmetric/ec.py", line 11, in <module>
    from cryptography.exceptions import UnsupportedAlgorithm, _Reasons
  File "/Users/amitkallapa/LMS/.ralph/venv/lib/python3.11/site-packages/cryptography/exceptions.py", line 9, in <module>
    from cryptography.hazmat.bindings._rust import exceptions as rust_exceptions
ImportError: dlopen(/Users/amitkallapa/LMS/.ralph/venv/lib/python3.11/site-packages/_cffi_backend.cpython-311-darwin.so, 0x0002): tried: '/Users/amitkallapa/LMS/.ralph/venv/lib/python3.11/site-packages/_cffi_backend.cpython-311-darwin.so' (mach-o file, but is an incompatible architecture (have 'arm64', need 'x86_64')), '/System/Volumes/Preboot/Cryptexes/OS/Users/amitkallapa/LMS/.ralph/venv/lib/python3.11/site-packages/_cffi_backend.cpython-311-darwin.so' (no such file), '/Users/amitkallapa/LMS/.ralph/venv/lib/python3.11/site-packages/_cffi_backend.cpython-311-darwin.so' (mach-o file, but is an incompatible architecture (have 'arm64', need 'x86_64'))
Process SpawnPoolWorker-68:
Traceback (most recent call last):
  File "/Library/Frameworks/Python.framework/Versions/3.11/lib/python3.11/multiprocessing/process.py", line 314, in _bootstrap
    self.run()
  File "/Library/Frameworks/Python.framework/Versions/3.11/lib/python3.11/multiprocessing/process.py", line 108, in run
    self._target(*self._args, **self._kwargs)
  File "/Library/Frameworks/Python.framework/Versions/3.11/lib/python3.11/multiprocessing/pool.py", line 109, in worker
    initializer(*initargs)
  File "/Users/amitkallapa/LMS/.ralph/venv/lib/python3.11/site-packages/django/test/runner.py", line 431, in _init_worker
    django.setup()
  File "/Users/amitkallapa/LMS/.ralph/venv/lib/python3.11/site-packages/django/__init__.py", line 24, in setup
    apps.populate(settings.INSTALLED_APPS)
  File "/Users/amitkallapa/LMS/.ralph/venv/lib/python3.11/site-packages/django/apps/registry.py", line 124, in populate
    app_config.ready()
  File "/Users/amitkallapa/LMS/.ralph/worktrees/2026-07-25_074057_normal_run/sfpcl_credit/compliance/apps.py", line 9, in ready
    from sfpcl_credit.compliance.search_facade import search_compliance_records
  File "/Users/amitkallapa/LMS/.ralph/worktrees/2026-07-25_074057_normal_run/sfpcl_credit/compliance/search_facade.py", line 4, in <module>
    from sfpcl_credit.compliance.modules import compliance_control_tracker
  File "/Users/amitkallapa/LMS/.ralph/worktrees/2026-07-25_074057_normal_run/sfpcl_credit/compliance/modules/compliance_control_tracker.py", line 14, in <module>
    from sfpcl_credit.identity.modules import auth_service
  File "/Users/amitkallapa/LMS/.ralph/worktrees/2026-07-25_074057_normal_run/sfpcl_credit/identity/modules/auth_service.py", line 18, in <module>
    from sfpcl_credit.identity.modules.tokens import (
  File "/Users/amitkallapa/LMS/.ralph/worktrees/2026-07-25_074057_normal_run/sfpcl_credit/identity/modules/tokens.py", line 13, in <module>
    import jwt
  File "/Users/amitkallapa/LMS/.ralph/venv/lib/python3.11/site-packages/jwt/__init__.py", line 1, in <module>
    from .api_jwk import PyJWK, PyJWKSet
  File "/Users/amitkallapa/LMS/.ralph/venv/lib/python3.11/site-packages/jwt/api_jwk.py", line 7, in <module>
    from .algorithms import get_default_algorithms, has_crypto, requires_cryptography
  File "/Users/amitkallapa/LMS/.ralph/venv/lib/python3.11/site-packages/jwt/algorithms.py", line 11, in <module>
    from .utils import (
  File "/Users/amitkallapa/LMS/.ralph/venv/lib/python3.11/site-packages/jwt/utils.py", line 7, in <module>
    from cryptography.hazmat.primitives.asymmetric.ec import EllipticCurve
  File "/Users/amitkallapa/LMS/.ralph/venv/lib/python3.11/site-packages/cryptography/hazmat/primitives/asymmetric/ec.py", line 11, in <module>
    from cryptography.exceptions import UnsupportedAlgorithm, _Reasons
  File "/Users/amitkallapa/LMS/.ralph/venv/lib/python3.11/site-packages/cryptography/exceptions.py", line 9, in <module>
    from cryptography.hazmat.bindings._rust import exceptions as rust_exceptions
ImportError: dlopen(/Users/amitkallapa/LMS/.ralph/venv/lib/python3.11/site-packages/_cffi_backend.cpython-311-darwin.so, 0x0002): tried: '/Users/amitkallapa/LMS/.ralph/venv/lib/python3.11/site-packages/_cffi_backend.cpython-311-darwin.so' (mach-o file, but is an incompatible architecture (have 'arm64', need 'x86_64')), '/System/Volumes/Preboot/Cryptexes/OS/Users/amitkallapa/LMS/.ralph/venv/lib/python3.11/site-packages/_cffi_backend.cpython-311-darwin.so' (no such file), '/Users/amitkallapa/LMS/.ralph/venv/lib/python3.11/site-packages/_cffi_backend.cpython-311-darwin.so' (mach-o file, but is an incompatible architecture (have 'arm64', need 'x86_64'))
Process SpawnPoolWorker-69:
Traceback (most recent call last):
  File "/Library/Frameworks/Python.framework/Versions/3.11/lib/python3.11/multiprocessing/process.py", line 314, in _bootstrap
    self.run()
  File "/Library/Frameworks/Python.framework/Versions/3.11/lib/python3.11/multiprocessing/process.py", line 108, in run
    self._target(*self._args, **self._kwargs)
  File "/Library/Frameworks/Python.framework/Versions/3.11/lib/python3.11/multiprocessing/pool.py", line 109, in worker
    initializer(*initargs)
  File "/Users/amitkallapa/LMS/.ralph/venv/lib/python3.11/site-packages/django/test/runner.py", line 431, in _init_worker
    django.setup()
  File "/Users/amitkallapa/LMS/.ralph/venv/lib/python3.11/site-packages/django/__init__.py", line 24, in setup
    apps.populate(settings.INSTALLED_APPS)
  File "/Users/amitkallapa/LMS/.ralph/venv/lib/python3.11/site-packages/django/apps/registry.py", line 124, in populate
    app_config.ready()
  File "/Users/amitkallapa/LMS/.ralph/worktrees/2026-07-25_074057_normal_run/sfpcl_credit/compliance/apps.py", line 9, in ready
    from sfpcl_credit.compliance.search_facade import search_compliance_records
  File "/Users/amitkallapa/LMS/.ralph/worktrees/2026-07-25_074057_normal_run/sfpcl_credit/compliance/search_facade.py", line 4, in <module>
    from sfpcl_credit.compliance.modules import compliance_control_tracker
  File "/Users/amitkallapa/LMS/.ralph/worktrees/2026-07-25_074057_normal_run/sfpcl_credit/compliance/modules/compliance_control_tracker.py", line 14, in <module>
    from sfpcl_credit.identity.modules import auth_service
  File "/Users/amitkallapa/LMS/.ralph/worktrees/2026-07-25_074057_normal_run/sfpcl_credit/identity/modules/auth_service.py", line 18, in <module>
    from sfpcl_credit.identity.modules.tokens import (
  File "/Users/amitkallapa/LMS/.ralph/worktrees/2026-07-25_074057_normal_run/sfpcl_credit/identity/modules/tokens.py", line 13, in <module>
    import jwt
  File "/Users/amitkallapa/LMS/.ralph/venv/lib/python3.11/site-packages/jwt/__init__.py", line 1, in <module>
    from .api_jwk import PyJWK, PyJWKSet
  File "/Users/amitkallapa/LMS/.ralph/venv/lib/python3.11/site-packages/jwt/api_jwk.py", line 7, in <module>
    from .algorithms import get_default_algorithms, has_crypto, requires_cryptography
  File "/Users/amitkallapa/LMS/.ralph/venv/lib/python3.11/site-packages/jwt/algorithms.py", line 11, in <module>
    from .utils import (
  File "/Users/amitkallapa/LMS/.ralph/venv/lib/python3.11/site-packages/jwt/utils.py", line 7, in <module>
    from cryptography.hazmat.primitives.asymmetric.ec import EllipticCurve
  File "/Users/amitkallapa/LMS/.ralph/venv/lib/python3.11/site-packages/cryptography/hazmat/primitives/asymmetric/ec.py", line 11, in <module>
    from cryptography.exceptions import UnsupportedAlgorithm, _Reasons
  File "/Users/amitkallapa/LMS/.ralph/venv/lib/python3.11/site-packages/cryptography/exceptions.py", line 9, in <module>
    from cryptography.hazmat.bindings._rust import exceptions as rust_exceptions
ImportError: dlopen(/Users/amitkallapa/LMS/.ralph/venv/lib/python3.11/site-packages/_cffi_backend.cpython-311-darwin.so, 0x0002): tried: '/Users/amitkallapa/LMS/.ralph/venv/lib/python3.11/site-packages/_cffi_backend.cpython-311-darwin.so' (mach-o file, but is an incompatible architecture (have 'arm64', need 'x86_64')), '/System/Volumes/Preboot/Cryptexes/OS/Users/amitkallapa/LMS/.ralph/venv/lib/python3.11/site-packages/_cffi_backend.cpython-311-darwin.so' (no such file), '/Users/amitkallapa/LMS/.ralph/venv/lib/python3.11/site-packages/_cffi_backend.cpython-311-darwin.so' (mach-o file, but is an incompatible architecture (have 'arm64', need 'x86_64'))
Process SpawnPoolWorker-70:
Traceback (most recent call last):
  File "/Library/Frameworks/Python.framework/Versions/3.11/lib/python3.11/multiprocessing/process.py", line 314, in _bootstrap
    self.run()
  File "/Library/Frameworks/Python.framework/Versions/3.11/lib/python3.11/multiprocessing/process.py", line 108, in run
    self._target(*self._args, **self._kwargs)
  File "/Library/Frameworks/Python.framework/Versions/3.11/lib/python3.11/multiprocessing/pool.py", line 109, in worker
    initializer(*initargs)
  File "/Users/amitkallapa/LMS/.ralph/venv/lib/python3.11/site-packages/django/test/runner.py", line 431, in _init_worker
    django.setup()
  File "/Users/amitkallapa/LMS/.ralph/venv/lib/python3.11/site-packages/django/__init__.py", line 24, in setup
    apps.populate(settings.INSTALLED_APPS)
  File "/Users/amitkallapa/LMS/.ralph/venv/lib/python3.11/site-packages/django/apps/registry.py", line 124, in populate
    app_config.ready()
  File "/Users/amitkallapa/LMS/.ralph/worktrees/2026-07-25_074057_normal_run/sfpcl_credit/compliance/apps.py", line 9, in ready
    from sfpcl_credit.compliance.search_facade import search_compliance_records
  File "/Users/amitkallapa/LMS/.ralph/worktrees/2026-07-25_074057_normal_run/sfpcl_credit/compliance/search_facade.py", line 4, in <module>
    from sfpcl_credit.compliance.modules import compliance_control_tracker
  File "/Users/amitkallapa/LMS/.ralph/worktrees/2026-07-25_074057_normal_run/sfpcl_credit/compliance/modules/compliance_control_tracker.py", line 14, in <module>
    from sfpcl_credit.identity.modules import auth_service
  File "/Users/amitkallapa/LMS/.ralph/worktrees/2026-07-25_074057_normal_run/sfpcl_credit/identity/modules/auth_service.py", line 18, in <module>
    from sfpcl_credit.identity.modules.tokens import (
  File "/Users/amitkallapa/LMS/.ralph/worktrees/2026-07-25_074057_normal_run/sfpcl_credit/identity/modules/tokens.py", line 13, in <module>
    import jwt
  File "/Users/amitkallapa/LMS/.ralph/venv/lib/python3.11/site-packages/jwt/__init__.py", line 1, in <module>
    from .api_jwk import PyJWK, PyJWKSet
  File "/Users/amitkallapa/LMS/.ralph/venv/lib/python3.11/site-packages/jwt/api_jwk.py", line 7, in <module>
    from .algorithms import get_default_algorithms, has_crypto, requires_cryptography
  File "/Users/amitkallapa/LMS/.ralph/venv/lib/python3.11/site-packages/jwt/algorithms.py", line 11, in <module>
    from .utils import (
  File "/Users/amitkallapa/LMS/.ralph/venv/lib/python3.11/site-packages/jwt/utils.py", line 7, in <module>
    from cryptography.hazmat.primitives.asymmetric.ec import EllipticCurve
  File "/Users/amitkallapa/LMS/.ralph/venv/lib/python3.11/site-packages/cryptography/hazmat/primitives/asymmetric/ec.py", line 11, in <module>
    from cryptography.exceptions import UnsupportedAlgorithm, _Reasons
  File "/Users/amitkallapa/LMS/.ralph/venv/lib/python3.11/site-packages/cryptography/exceptions.py", line 9, in <module>
    from cryptography.hazmat.bindings._rust import exceptions as rust_exceptions
ImportError: dlopen(/Users/amitkallapa/LMS/.ralph/venv/lib/python3.11/site-packages/_cffi_backend.cpython-311-darwin.so, 0x0002): tried: '/Users/amitkallapa/LMS/.ralph/venv/lib/python3.11/site-packages/_cffi_backend.cpython-311-darwin.so' (mach-o file, but is an incompatible architecture (have 'arm64', need 'x86_64')), '/System/Volumes/Preboot/Cryptexes/OS/Users/amitkallapa/LMS/.ralph/venv/lib/python3.11/site-packages/_cffi_backend.cpython-311-darwin.so' (no such file), '/Users/amitkallapa/LMS/.ralph/venv/lib/python3.11/site-packages/_cffi_backend.cpython-311-darwin.so' (mach-o file, but is an incompatible architecture (have 'arm64', need 'x86_64'))
Process SpawnPoolWorker-71:
Traceback (most recent call last):
  File "/Library/Frameworks/Python.framework/Versions/3.11/lib/python3.11/multiprocessing/process.py", line 314, in _bootstrap
    self.run()
  File "/Library/Frameworks/Python.framework/Versions/3.11/lib/python3.11/multiprocessing/process.py", line 108, in run
    self._target(*self._args, **self._kwargs)
  File "/Library/Frameworks/Python.framework/Versions/3.11/lib/python3.11/multiprocessing/pool.py", line 109, in worker
    initializer(*initargs)
  File "/Users/amitkallapa/LMS/.ralph/venv/lib/python3.11/site-packages/django/test/runner.py", line 431, in _init_worker
    django.setup()
  File "/Users/amitkallapa/LMS/.ralph/venv/lib/python3.11/site-packages/django/__init__.py", line 24, in setup
    apps.populate(settings.INSTALLED_APPS)
  File "/Users/amitkallapa/LMS/.ralph/venv/lib/python3.11/site-packages/django/apps/registry.py", line 124, in populate
    app_config.ready()
  File "/Users/amitkallapa/LMS/.ralph/worktrees/2026-07-25_074057_normal_run/sfpcl_credit/compliance/apps.py", line 9, in ready
    from sfpcl_credit.compliance.search_facade import search_compliance_records
  File "/Users/amitkallapa/LMS/.ralph/worktrees/2026-07-25_074057_normal_run/sfpcl_credit/compliance/search_facade.py", line 4, in <module>
    from sfpcl_credit.compliance.modules import compliance_control_tracker
  File "/Users/amitkallapa/LMS/.ralph/worktrees/2026-07-25_074057_normal_run/sfpcl_credit/compliance/modules/compliance_control_tracker.py", line 14, in <module>
    from sfpcl_credit.identity.modules import auth_service
  File "/Users/amitkallapa/LMS/.ralph/worktrees/2026-07-25_074057_normal_run/sfpcl_credit/identity/modules/auth_service.py", line 18, in <module>
    from sfpcl_credit.identity.modules.tokens import (
  File "/Users/amitkallapa/LMS/.ralph/worktrees/2026-07-25_074057_normal_run/sfpcl_credit/identity/modules/tokens.py", line 13, in <module>
    import jwt
  File "/Users/amitkallapa/LMS/.ralph/venv/lib/python3.11/site-packages/jwt/__init__.py", line 1, in <module>
    from .api_jwk import PyJWK, PyJWKSet
  File "/Users/amitkallapa/LMS/.ralph/venv/lib/python3.11/site-packages/jwt/api_jwk.py", line 7, in <module>
    from .algorithms import get_default_algorithms, has_crypto, requires_cryptography
  File "/Users/amitkallapa/LMS/.ralph/venv/lib/python3.11/site-packages/jwt/algorithms.py", line 11, in <module>
    from .utils import (
  File "/Users/amitkallapa/LMS/.ralph/venv/lib/python3.11/site-packages/jwt/utils.py", line 7, in <module>
    from cryptography.hazmat.primitives.asymmetric.ec import EllipticCurve
  File "/Users/amitkallapa/LMS/.ralph/venv/lib/python3.11/site-packages/cryptography/hazmat/primitives/asymmetric/ec.py", line 11, in <module>
    from cryptography.exceptions import UnsupportedAlgorithm, _Reasons
  File "/Users/amitkallapa/LMS/.ralph/venv/lib/python3.11/site-packages/cryptography/exceptions.py", line 9, in <module>
    from cryptography.hazmat.bindings._rust import exceptions as rust_exceptions
ImportError: dlopen(/Users/amitkallapa/LMS/.ralph/venv/lib/python3.11/site-packages/_cffi_backend.cpython-311-darwin.so, 0x0002): tried: '/Users/amitkallapa/LMS/.ralph/venv/lib/python3.11/site-packages/_cffi_backend.cpython-311-darwin.so' (mach-o file, but is an incompatible architecture (have 'arm64', need 'x86_64')), '/System/Volumes/Preboot/Cryptexes/OS/Users/amitkallapa/LMS/.ralph/venv/lib/python3.11/site-packages/_cffi_backend.cpython-311-darwin.so' (no such file), '/Users/amitkallapa/LMS/.ralph/venv/lib/python3.11/site-packages/_cffi_backend.cpython-311-darwin.so' (mach-o file, but is an incompatible architecture (have 'arm64', need 'x86_64'))
Process SpawnPoolWorker-72:
Traceback (most recent call last):
  File "/Library/Frameworks/Python.framework/Versions/3.11/lib/python3.11/multiprocessing/process.py", line 314, in _bootstrap
    self.run()
  File "/Library/Frameworks/Python.framework/Versions/3.11/lib/python3.11/multiprocessing/process.py", line 108, in run
    self._target(*self._args, **self._kwargs)
  File "/Library/Frameworks/Python.framework/Versions/3.11/lib/python3.11/multiprocessing/pool.py", line 109, in worker
    initializer(*initargs)
  File "/Users/amitkallapa/LMS/.ralph/venv/lib/python3.11/site-packages/django/test/runner.py", line 431, in _init_worker
    django.setup()
  File "/Users/amitkallapa/LMS/.ralph/venv/lib/python3.11/site-packages/django/__init__.py", line 24, in setup
    apps.populate(settings.INSTALLED_APPS)
  File "/Users/amitkallapa/LMS/.ralph/venv/lib/python3.11/site-packages/django/apps/registry.py", line 124, in populate
    app_config.ready()
  File "/Users/amitkallapa/LMS/.ralph/worktrees/2026-07-25_074057_normal_run/sfpcl_credit/compliance/apps.py", line 9, in ready
    from sfpcl_credit.compliance.search_facade import search_compliance_records
  File "/Users/amitkallapa/LMS/.ralph/worktrees/2026-07-25_074057_normal_run/sfpcl_credit/compliance/search_facade.py", line 4, in <module>
    from sfpcl_credit.compliance.modules import compliance_control_tracker
  File "/Users/amitkallapa/LMS/.ralph/worktrees/2026-07-25_074057_normal_run/sfpcl_credit/compliance/modules/compliance_control_tracker.py", line 14, in <module>
    from sfpcl_credit.identity.modules import auth_service
  File "/Users/amitkallapa/LMS/.ralph/worktrees/2026-07-25_074057_normal_run/sfpcl_credit/identity/modules/auth_service.py", line 18, in <module>
    from sfpcl_credit.identity.modules.tokens import (
  File "/Users/amitkallapa/LMS/.ralph/worktrees/2026-07-25_074057_normal_run/sfpcl_credit/identity/modules/tokens.py", line 13, in <module>
    import jwt
  File "/Users/amitkallapa/LMS/.ralph/venv/lib/python3.11/site-packages/jwt/__init__.py", line 1, in <module>
    from .api_jwk import PyJWK, PyJWKSet
  File "/Users/amitkallapa/LMS/.ralph/venv/lib/python3.11/site-packages/jwt/api_jwk.py", line 7, in <module>
    from .algorithms import get_default_algorithms, has_crypto, requires_cryptography
  File "/Users/amitkallapa/LMS/.ralph/venv/lib/python3.11/site-packages/jwt/algorithms.py", line 11, in <module>
    from .utils import (
  File "/Users/amitkallapa/LMS/.ralph/venv/lib/python3.11/site-packages/jwt/utils.py", line 7, in <module>
    from cryptography.hazmat.primitives.asymmetric.ec import EllipticCurve
  File "/Users/amitkallapa/LMS/.ralph/venv/lib/python3.11/site-packages/cryptography/hazmat/primitives/asymmetric/ec.py", line 11, in <module>
    from cryptography.exceptions import UnsupportedAlgorithm, _Reasons
  File "/Users/amitkallapa/LMS/.ralph/venv/lib/python3.11/site-packages/cryptography/exceptions.py", line 9, in <module>
    from cryptography.hazmat.bindings._rust import exceptions as rust_exceptions
ImportError: dlopen(/Users/amitkallapa/LMS/.ralph/venv/lib/python3.11/site-packages/_cffi_backend.cpython-311-darwin.so, 0x0002): tried: '/Users/amitkallapa/LMS/.ralph/venv/lib/python3.11/site-packages/_cffi_backend.cpython-311-darwin.so' (mach-o file, but is an incompatible architecture (have 'arm64', need 'x86_64')), '/System/Volumes/Preboot/Cryptexes/OS/Users/amitkallapa/LMS/.ralph/venv/lib/python3.11/site-packages/_cffi_backend.cpython-311-darwin.so' (no such file), '/Users/amitkallapa/LMS/.ralph/venv/lib/python3.11/site-packages/_cffi_backend.cpython-311-darwin.so' (mach-o file, but is an incompatible architecture (have 'arm64', need 'x86_64'))
Process SpawnPoolWorker-73:
Traceback (most recent call last):
  File "/Library/Frameworks/Python.framework/Versions/3.11/lib/python3.11/multiprocessing/process.py", line 314, in _bootstrap
    self.run()
  File "/Library/Frameworks/Python.framework/Versions/3.11/lib/python3.11/multiprocessing/process.py", line 108, in run
    self._target(*self._args, **self._kwargs)
  File "/Library/Frameworks/Python.framework/Versions/3.11/lib/python3.11/multiprocessing/pool.py", line 109, in worker
    initializer(*initargs)
  File "/Users/amitkallapa/LMS/.ralph/venv/lib/python3.11/site-packages/django/test/runner.py", line 431, in _init_worker
    django.setup()
  File "/Users/amitkallapa/LMS/.ralph/venv/lib/python3.11/site-packages/django/__init__.py", line 24, in setup
    apps.populate(settings.INSTALLED_APPS)
  File "/Users/amitkallapa/LMS/.ralph/venv/lib/python3.11/site-packages/django/apps/registry.py", line 124, in populate
    app_config.ready()
  File "/Users/amitkallapa/LMS/.ralph/worktrees/2026-07-25_074057_normal_run/sfpcl_credit/compliance/apps.py", line 9, in ready
    from sfpcl_credit.compliance.search_facade import search_compliance_records
  File "/Users/amitkallapa/LMS/.ralph/worktrees/2026-07-25_074057_normal_run/sfpcl_credit/compliance/search_facade.py", line 4, in <module>
    from sfpcl_credit.compliance.modules import compliance_control_tracker
  File "/Users/amitkallapa/LMS/.ralph/worktrees/2026-07-25_074057_normal_run/sfpcl_credit/compliance/modules/compliance_control_tracker.py", line 14, in <module>
    from sfpcl_credit.identity.modules import auth_service
  File "/Users/amitkallapa/LMS/.ralph/worktrees/2026-07-25_074057_normal_run/sfpcl_credit/identity/modules/auth_service.py", line 18, in <module>
    from sfpcl_credit.identity.modules.tokens import (
  File "/Users/amitkallapa/LMS/.ralph/worktrees/2026-07-25_074057_normal_run/sfpcl_credit/identity/modules/tokens.py", line 13, in <module>
    import jwt
  File "/Users/amitkallapa/LMS/.ralph/venv/lib/python3.11/site-packages/jwt/__init__.py", line 1, in <module>
    from .api_jwk import PyJWK, PyJWKSet
  File "/Users/amitkallapa/LMS/.ralph/venv/lib/python3.11/site-packages/jwt/api_jwk.py", line 7, in <module>
    from .algorithms import get_default_algorithms, has_crypto, requires_cryptography
  File "/Users/amitkallapa/LMS/.ralph/venv/lib/python3.11/site-packages/jwt/algorithms.py", line 11, in <module>
    from .utils import (
  File "/Users/amitkallapa/LMS/.ralph/venv/lib/python3.11/site-packages/jwt/utils.py", line 7, in <module>
    from cryptography.hazmat.primitives.asymmetric.ec import EllipticCurve
  File "/Users/amitkallapa/LMS/.ralph/venv/lib/python3.11/site-packages/cryptography/hazmat/primitives/asymmetric/ec.py", line 11, in <module>
    from cryptography.exceptions import UnsupportedAlgorithm, _Reasons
  File "/Users/amitkallapa/LMS/.ralph/venv/lib/python3.11/site-packages/cryptography/exceptions.py", line 9, in <module>
    from cryptography.hazmat.bindings._rust import exceptions as rust_exceptions
ImportError: dlopen(/Users/amitkallapa/LMS/.ralph/venv/lib/python3.11/site-packages/_cffi_backend.cpython-311-darwin.so, 0x0002): tried: '/Users/amitkallapa/LMS/.ralph/venv/lib/python3.11/site-packages/_cffi_backend.cpython-311-darwin.so' (mach-o file, but is an incompatible architecture (have 'arm64', need 'x86_64')), '/System/Volumes/Preboot/Cryptexes/OS/Users/amitkallapa/LMS/.ralph/venv/lib/python3.11/site-packages/_cffi_backend.cpython-311-darwin.so' (no such file), '/Users/amitkallapa/LMS/.ralph/venv/lib/python3.11/site-packages/_cffi_backend.cpython-311-darwin.so' (mach-o file, but is an incompatible architecture (have 'arm64', need 'x86_64'))
Process SpawnPoolWorker-74:
Process SpawnPoolWorker-75:
Traceback (most recent call last):
  File "/Library/Frameworks/Python.framework/Versions/3.11/lib/python3.11/multiprocessing/process.py", line 314, in _bootstrap
    self.run()
  File "/Library/Frameworks/Python.framework/Versions/3.11/lib/python3.11/multiprocessing/process.py", line 108, in run
    self._target(*self._args, **self._kwargs)
  File "/Library/Frameworks/Python.framework/Versions/3.11/lib/python3.11/multiprocessing/pool.py", line 109, in worker
    initializer(*initargs)
  File "/Users/amitkallapa/LMS/.ralph/venv/lib/python3.11/site-packages/django/test/runner.py", line 431, in _init_worker
    django.setup()
  File "/Users/amitkallapa/LMS/.ralph/venv/lib/python3.11/site-packages/django/__init__.py", line 24, in setup
    apps.populate(settings.INSTALLED_APPS)
  File "/Users/amitkallapa/LMS/.ralph/venv/lib/python3.11/site-packages/django/apps/registry.py", line 124, in populate
    app_config.ready()
  File "/Users/amitkallapa/LMS/.ralph/worktrees/2026-07-25_074057_normal_run/sfpcl_credit/compliance/apps.py", line 9, in ready
    from sfpcl_credit.compliance.search_facade import search_compliance_records
  File "/Users/amitkallapa/LMS/.ralph/worktrees/2026-07-25_074057_normal_run/sfpcl_credit/compliance/search_facade.py", line 4, in <module>
    from sfpcl_credit.compliance.modules import compliance_control_tracker
  File "/Users/amitkallapa/LMS/.ralph/worktrees/2026-07-25_074057_normal_run/sfpcl_credit/compliance/modules/compliance_control_tracker.py", line 14, in <module>
    from sfpcl_credit.identity.modules import auth_service
  File "/Users/amitkallapa/LMS/.ralph/worktrees/2026-07-25_074057_normal_run/sfpcl_credit/identity/modules/auth_service.py", line 18, in <module>
    from sfpcl_credit.identity.modules.tokens import (
  File "/Users/amitkallapa/LMS/.ralph/worktrees/2026-07-25_074057_normal_run/sfpcl_credit/identity/modules/tokens.py", line 13, in <module>
    import jwt
  File "/Users/amitkallapa/LMS/.ralph/venv/lib/python3.11/site-packages/jwt/__init__.py", line 1, in <module>
    from .api_jwk import PyJWK, PyJWKSet
  File "/Users/amitkallapa/LMS/.ralph/venv/lib/python3.11/site-packages/jwt/api_jwk.py", line 7, in <module>
    from .algorithms import get_default_algorithms, has_crypto, requires_cryptography
  File "/Users/amitkallapa/LMS/.ralph/venv/lib/python3.11/site-packages/jwt/algorithms.py", line 11, in <module>
    from .utils import (
  File "/Users/amitkallapa/LMS/.ralph/venv/lib/python3.11/site-packages/jwt/utils.py", line 7, in <module>
    from cryptography.hazmat.primitives.asymmetric.ec import EllipticCurve
  File "/Users/amitkallapa/LMS/.ralph/venv/lib/python3.11/site-packages/cryptography/hazmat/primitives/asymmetric/ec.py", line 11, in <module>
    from cryptography.exceptions import UnsupportedAlgorithm, _Reasons
  File "/Users/amitkallapa/LMS/.ralph/venv/lib/python3.11/site-packages/cryptography/exceptions.py", line 9, in <module>
    from cryptography.hazmat.bindings._rust import exceptions as rust_exceptions
ImportError: dlopen(/Users/amitkallapa/LMS/.ralph/venv/lib/python3.11/site-packages/_cffi_backend.cpython-311-darwin.so, 0x0002): tried: '/Users/amitkallapa/LMS/.ralph/venv/lib/python3.11/site-packages/_cffi_backend.cpython-311-darwin.so' (mach-o file, but is an incompatible architecture (have 'arm64', need 'x86_64')), '/System/Volumes/Preboot/Cryptexes/OS/Users/amitkallapa/LMS/.ralph/venv/lib/python3.11/site-packages/_cffi_backend.cpython-311-darwin.so' (no such file), '/Users/amitkallapa/LMS/.ralph/venv/lib/python3.11/site-packages/_cffi_backend.cpython-311-darwin.so' (mach-o file, but is an incompatible architecture (have 'arm64', need 'x86_64'))
Traceback (most recent call last):
  File "/Library/Frameworks/Python.framework/Versions/3.11/lib/python3.11/multiprocessing/process.py", line 314, in _bootstrap
    self.run()
  File "/Library/Frameworks/Python.framework/Versions/3.11/lib/python3.11/multiprocessing/process.py", line 108, in run
    self._target(*self._args, **self._kwargs)
  File "/Library/Frameworks/Python.framework/Versions/3.11/lib/python3.11/multiprocessing/pool.py", line 109, in worker
    initializer(*initargs)
  File "/Users/amitkallapa/LMS/.ralph/venv/lib/python3.11/site-packages/django/test/runner.py", line 431, in _init_worker
    django.setup()
  File "/Users/amitkallapa/LMS/.ralph/venv/lib/python3.11/site-packages/django/__init__.py", line 24, in setup
    apps.populate(settings.INSTALLED_APPS)
  File "/Users/amitkallapa/LMS/.ralph/venv/lib/python3.11/site-packages/django/apps/registry.py", line 124, in populate
    app_config.ready()
  File "/Users/amitkallapa/LMS/.ralph/worktrees/2026-07-25_074057_normal_run/sfpcl_credit/compliance/apps.py", line 9, in ready
    from sfpcl_credit.compliance.search_facade import search_compliance_records
  File "/Users/amitkallapa/LMS/.ralph/worktrees/2026-07-25_074057_normal_run/sfpcl_credit/compliance/search_facade.py", line 4, in <module>
    from sfpcl_credit.compliance.modules import compliance_control_tracker
  File "/Users/amitkallapa/LMS/.ralph/worktrees/2026-07-25_074057_normal_run/sfpcl_credit/compliance/modules/compliance_control_tracker.py", line 14, in <module>
    from sfpcl_credit.identity.modules import auth_service
  File "/Users/amitkallapa/LMS/.ralph/worktrees/2026-07-25_074057_normal_run/sfpcl_credit/identity/modules/auth_service.py", line 18, in <module>
    from sfpcl_credit.identity.modules.tokens import (
  File "/Users/amitkallapa/LMS/.ralph/worktrees/2026-07-25_074057_normal_run/sfpcl_credit/identity/modules/tokens.py", line 13, in <module>
    import jwt
  File "/Users/amitkallapa/LMS/.ralph/venv/lib/python3.11/site-packages/jwt/__init__.py", line 1, in <module>
    from .api_jwk import PyJWK, PyJWKSet
  File "/Users/amitkallapa/LMS/.ralph/venv/lib/python3.11/site-packages/jwt/api_jwk.py", line 7, in <module>
    from .algorithms import get_default_algorithms, has_crypto, requires_cryptography
  File "/Users/amitkallapa/LMS/.ralph/venv/lib/python3.11/site-packages/jwt/algorithms.py", line 11, in <module>
    from .utils import (
  File "/Users/amitkallapa/LMS/.ralph/venv/lib/python3.11/site-packages/jwt/utils.py", line 7, in <module>
    from cryptography.hazmat.primitives.asymmetric.ec import EllipticCurve
  File "/Users/amitkallapa/LMS/.ralph/venv/lib/python3.11/site-packages/cryptography/hazmat/primitives/asymmetric/ec.py", line 11, in <module>
    from cryptography.exceptions import UnsupportedAlgorithm, _Reasons
  File "/Users/amitkallapa/LMS/.ralph/venv/lib/python3.11/site-packages/cryptography/exceptions.py", line 9, in <module>
    from cryptography.hazmat.bindings._rust import exceptions as rust_exceptions
ImportError: dlopen(/Users/amitkallapa/LMS/.ralph/venv/lib/python3.11/site-packages/_cffi_backend.cpython-311-darwin.so, 0x0002): tried: '/Users/amitkallapa/LMS/.ralph/venv/lib/python3.11/site-packages/_cffi_backend.cpython-311-darwin.so' (mach-o file, but is an incompatible architecture (have 'arm64', need 'x86_64')), '/System/Volumes/Preboot/Cryptexes/OS/Users/amitkallapa/LMS/.ralph/venv/lib/python3.11/site-packages/_cffi_backend.cpython-311-darwin.so' (no such file), '/Users/amitkallapa/LMS/.ralph/venv/lib/python3.11/site-packages/_cffi_backend.cpython-311-darwin.so' (mach-o file, but is an incompatible architecture (have 'arm64', need 'x86_64'))
Process SpawnPoolWorker-76:
Traceback (most recent call last):
  File "/Library/Frameworks/Python.framework/Versions/3.11/lib/python3.11/multiprocessing/process.py", line 314, in _bootstrap
    self.run()
  File "/Library/Frameworks/Python.framework/Versions/3.11/lib/python3.11/multiprocessing/process.py", line 108, in run
    self._target(*self._args, **self._kwargs)
  File "/Library/Frameworks/Python.framework/Versions/3.11/lib/python3.11/multiprocessing/pool.py", line 109, in worker
    initializer(*initargs)
  File "/Users/amitkallapa/LMS/.ralph/venv/lib/python3.11/site-packages/django/test/runner.py", line 431, in _init_worker
    django.setup()
  File "/Users/amitkallapa/LMS/.ralph/venv/lib/python3.11/site-packages/django/__init__.py", line 24, in setup
    apps.populate(settings.INSTALLED_APPS)
  File "/Users/amitkallapa/LMS/.ralph/venv/lib/python3.11/site-packages/django/apps/registry.py", line 124, in populate
    app_config.ready()
  File "/Users/amitkallapa/LMS/.ralph/worktrees/2026-07-25_074057_normal_run/sfpcl_credit/compliance/apps.py", line 9, in ready
    from sfpcl_credit.compliance.search_facade import search_compliance_records
  File "/Users/amitkallapa/LMS/.ralph/worktrees/2026-07-25_074057_normal_run/sfpcl_credit/compliance/search_facade.py", line 4, in <module>
    from sfpcl_credit.compliance.modules import compliance_control_tracker
  File "/Users/amitkallapa/LMS/.ralph/worktrees/2026-07-25_074057_normal_run/sfpcl_credit/compliance/modules/compliance_control_tracker.py", line 14, in <module>
    from sfpcl_credit.identity.modules import auth_service
  File "/Users/amitkallapa/LMS/.ralph/worktrees/2026-07-25_074057_normal_run/sfpcl_credit/identity/modules/auth_service.py", line 18, in <module>
    from sfpcl_credit.identity.modules.tokens import (
  File "/Users/amitkallapa/LMS/.ralph/worktrees/2026-07-25_074057_normal_run/sfpcl_credit/identity/modules/tokens.py", line 13, in <module>
    import jwt
  File "/Users/amitkallapa/LMS/.ralph/venv/lib/python3.11/site-packages/jwt/__init__.py", line 1, in <module>
    from .api_jwk import PyJWK, PyJWKSet
  File "/Users/amitkallapa/LMS/.ralph/venv/lib/python3.11/site-packages/jwt/api_jwk.py", line 7, in <module>
    from .algorithms import get_default_algorithms, has_crypto, requires_cryptography
  File "/Users/amitkallapa/LMS/.ralph/venv/lib/python3.11/site-packages/jwt/algorithms.py", line 11, in <module>
    from .utils import (
  File "/Users/amitkallapa/LMS/.ralph/venv/lib/python3.11/site-packages/jwt/utils.py", line 7, in <module>
    from cryptography.hazmat.primitives.asymmetric.ec import EllipticCurve
  File "/Users/amitkallapa/LMS/.ralph/venv/lib/python3.11/site-packages/cryptography/hazmat/primitives/asymmetric/ec.py", line 11, in <module>
    from cryptography.exceptions import UnsupportedAlgorithm, _Reasons
  File "/Users/amitkallapa/LMS/.ralph/venv/lib/python3.11/site-packages/cryptography/exceptions.py", line 9, in <module>
    from cryptography.hazmat.bindings._rust import exceptions as rust_exceptions
ImportError: dlopen(/Users/amitkallapa/LMS/.ralph/venv/lib/python3.11/site-packages/_cffi_backend.cpython-311-darwin.so, 0x0002): tried: '/Users/amitkallapa/LMS/.ralph/venv/lib/python3.11/site-packages/_cffi_backend.cpython-311-darwin.so' (mach-o file, but is an incompatible architecture (have 'arm64', need 'x86_64')), '/System/Volumes/Preboot/Cryptexes/OS/Users/amitkallapa/LMS/.ralph/venv/lib/python3.11/site-packages/_cffi_backend.cpython-311-darwin.so' (no such file), '/Users/amitkallapa/LMS/.ralph/venv/lib/python3.11/site-packages/_cffi_backend.cpython-311-darwin.so' (mach-o file, but is an incompatible architecture (have 'arm64', need 'x86_64'))
Process SpawnPoolWorker-77:
Traceback (most recent call last):
  File "/Library/Frameworks/Python.framework/Versions/3.11/lib/python3.11/multiprocessing/process.py", line 314, in _bootstrap
    self.run()
  File "/Library/Frameworks/Python.framework/Versions/3.11/lib/python3.11/multiprocessing/process.py", line 108, in run
    self._target(*self._args, **self._kwargs)
  File "/Library/Frameworks/Python.framework/Versions/3.11/lib/python3.11/multiprocessing/pool.py", line 109, in worker
    initializer(*initargs)
  File "/Users/amitkallapa/LMS/.ralph/venv/lib/python3.11/site-packages/django/test/runner.py", line 431, in _init_worker
    django.setup()
  File "/Users/amitkallapa/LMS/.ralph/venv/lib/python3.11/site-packages/django/__init__.py", line 24, in setup
    apps.populate(settings.INSTALLED_APPS)
  File "/Users/amitkallapa/LMS/.ralph/venv/lib/python3.11/site-packages/django/apps/registry.py", line 124, in populate
    app_config.ready()
  File "/Users/amitkallapa/LMS/.ralph/worktrees/2026-07-25_074057_normal_run/sfpcl_credit/compliance/apps.py", line 9, in ready
    from sfpcl_credit.compliance.search_facade import search_compliance_records
  File "/Users/amitkallapa/LMS/.ralph/worktrees/2026-07-25_074057_normal_run/sfpcl_credit/compliance/search_facade.py", line 4, in <module>
    from sfpcl_credit.compliance.modules import compliance_control_tracker
  File "/Users/amitkallapa/LMS/.ralph/worktrees/2026-07-25_074057_normal_run/sfpcl_credit/compliance/modules/compliance_control_tracker.py", line 14, in <module>
    from sfpcl_credit.identity.modules import auth_service
  File "/Users/amitkallapa/LMS/.ralph/worktrees/2026-07-25_074057_normal_run/sfpcl_credit/identity/modules/auth_service.py", line 18, in <module>
    from sfpcl_credit.identity.modules.tokens import (
  File "/Users/amitkallapa/LMS/.ralph/worktrees/2026-07-25_074057_normal_run/sfpcl_credit/identity/modules/tokens.py", line 13, in <module>
    import jwt
  File "/Users/amitkallapa/LMS/.ralph/venv/lib/python3.11/site-packages/jwt/__init__.py", line 1, in <module>
    from .api_jwk import PyJWK, PyJWKSet
  File "/Users/amitkallapa/LMS/.ralph/venv/lib/python3.11/site-packages/jwt/api_jwk.py", line 7, in <module>
    from .algorithms import get_default_algorithms, has_crypto, requires_cryptography
  File "/Users/amitkallapa/LMS/.ralph/venv/lib/python3.11/site-packages/jwt/algorithms.py", line 11, in <module>
    from .utils import (
  File "/Users/amitkallapa/LMS/.ralph/venv/lib/python3.11/site-packages/jwt/utils.py", line 7, in <module>
    from cryptography.hazmat.primitives.asymmetric.ec import EllipticCurve
  File "/Users/amitkallapa/LMS/.ralph/venv/lib/python3.11/site-packages/cryptography/hazmat/primitives/asymmetric/ec.py", line 11, in <module>
    from cryptography.exceptions import UnsupportedAlgorithm, _Reasons
  File "/Users/amitkallapa/LMS/.ralph/venv/lib/python3.11/site-packages/cryptography/exceptions.py", line 9, in <module>
    from cryptography.hazmat.bindings._rust import exceptions as rust_exceptions
ImportError: dlopen(/Users/amitkallapa/LMS/.ralph/venv/lib/python3.11/site-packages/_cffi_backend.cpython-311-darwin.so, 0x0002): tried: '/Users/amitkallapa/LMS/.ralph/venv/lib/python3.11/site-packages/_cffi_backend.cpython-311-darwin.so' (mach-o file, but is an incompatible architecture (have 'arm64', need 'x86_64')), '/System/Volumes/Preboot/Cryptexes/OS/Users/amitkallapa/LMS/.ralph/venv/lib/python3.11/site-packages/_cffi_backend.cpython-311-darwin.so' (no such file), '/Users/amitkallapa/LMS/.ralph/venv/lib/python3.11/site-packages/_cffi_backend.cpython-311-darwin.so' (mach-o file, but is an incompatible architecture (have 'arm64', need 'x86_64'))
Process SpawnPoolWorker-78:
Traceback (most recent call last):
  File "/Library/Frameworks/Python.framework/Versions/3.11/lib/python3.11/multiprocessing/process.py", line 314, in _bootstrap
    self.run()
  File "/Library/Frameworks/Python.framework/Versions/3.11/lib/python3.11/multiprocessing/process.py", line 108, in run
    self._target(*self._args, **self._kwargs)
  File "/Library/Frameworks/Python.framework/Versions/3.11/lib/python3.11/multiprocessing/pool.py", line 109, in worker
    initializer(*initargs)
  File "/Users/amitkallapa/LMS/.ralph/venv/lib/python3.11/site-packages/django/test/runner.py", line 431, in _init_worker
    django.setup()
  File "/Users/amitkallapa/LMS/.ralph/venv/lib/python3.11/site-packages/django/__init__.py", line 24, in setup
    apps.populate(settings.INSTALLED_APPS)
  File "/Users/amitkallapa/LMS/.ralph/venv/lib/python3.11/site-packages/django/apps/registry.py", line 124, in populate
    app_config.ready()
  File "/Users/amitkallapa/LMS/.ralph/worktrees/2026-07-25_074057_normal_run/sfpcl_credit/compliance/apps.py", line 9, in ready
    from sfpcl_credit.compliance.search_facade import search_compliance_records
  File "/Users/amitkallapa/LMS/.ralph/worktrees/2026-07-25_074057_normal_run/sfpcl_credit/compliance/search_facade.py", line 4, in <module>
    from sfpcl_credit.compliance.modules import compliance_control_tracker
  File "/Users/amitkallapa/LMS/.ralph/worktrees/2026-07-25_074057_normal_run/sfpcl_credit/compliance/modules/compliance_control_tracker.py", line 14, in <module>
    from sfpcl_credit.identity.modules import auth_service
  File "/Users/amitkallapa/LMS/.ralph/worktrees/2026-07-25_074057_normal_run/sfpcl_credit/identity/modules/auth_service.py", line 18, in <module>
    from sfpcl_credit.identity.modules.tokens import (
  File "/Users/amitkallapa/LMS/.ralph/worktrees/2026-07-25_074057_normal_run/sfpcl_credit/identity/modules/tokens.py", line 13, in <module>
    import jwt
  File "/Users/amitkallapa/LMS/.ralph/venv/lib/python3.11/site-packages/jwt/__init__.py", line 1, in <module>
    from .api_jwk import PyJWK, PyJWKSet
  File "/Users/amitkallapa/LMS/.ralph/venv/lib/python3.11/site-packages/jwt/api_jwk.py", line 7, in <module>
    from .algorithms import get_default_algorithms, has_crypto, requires_cryptography
  File "/Users/amitkallapa/LMS/.ralph/venv/lib/python3.11/site-packages/jwt/algorithms.py", line 11, in <module>
    from .utils import (
  File "/Users/amitkallapa/LMS/.ralph/venv/lib/python3.11/site-packages/jwt/utils.py", line 7, in <module>
    from cryptography.hazmat.primitives.asymmetric.ec import EllipticCurve
  File "/Users/amitkallapa/LMS/.ralph/venv/lib/python3.11/site-packages/cryptography/hazmat/primitives/asymmetric/ec.py", line 11, in <module>
    from cryptography.exceptions import UnsupportedAlgorithm, _Reasons
  File "/Users/amitkallapa/LMS/.ralph/venv/lib/python3.11/site-packages/cryptography/exceptions.py", line 9, in <module>
    from cryptography.hazmat.bindings._rust import exceptions as rust_exceptions
ImportError: dlopen(/Users/amitkallapa/LMS/.ralph/venv/lib/python3.11/site-packages/_cffi_backend.cpython-311-darwin.so, 0x0002): tried: '/Users/amitkallapa/LMS/.ralph/venv/lib/python3.11/site-packages/_cffi_backend.cpython-311-darwin.so' (mach-o file, but is an incompatible architecture (have 'arm64', need 'x86_64')), '/System/Volumes/Preboot/Cryptexes/OS/Users/amitkallapa/LMS/.ralph/venv/lib/python3.11/site-packages/_cffi_backend.cpython-311-darwin.so' (no such file), '/Users/amitkallapa/LMS/.ralph/venv/lib/python3.11/site-packages/_cffi_backend.cpython-311-darwin.so' (mach-o file, but is an incompatible architecture (have 'arm64', need 'x86_64'))
Process SpawnPoolWorker-79:
Traceback (most recent call last):
  File "/Library/Frameworks/Python.framework/Versions/3.11/lib/python3.11/multiprocessing/process.py", line 314, in _bootstrap
    self.run()
  File "/Library/Frameworks/Python.framework/Versions/3.11/lib/python3.11/multiprocessing/process.py", line 108, in run
    self._target(*self._args, **self._kwargs)
  File "/Library/Frameworks/Python.framework/Versions/3.11/lib/python3.11/multiprocessing/pool.py", line 109, in worker
    initializer(*initargs)
  File "/Users/amitkallapa/LMS/.ralph/venv/lib/python3.11/site-packages/django/test/runner.py", line 431, in _init_worker
    django.setup()
  File "/Users/amitkallapa/LMS/.ralph/venv/lib/python3.11/site-packages/django/__init__.py", line 24, in setup
    apps.populate(settings.INSTALLED_APPS)
  File "/Users/amitkallapa/LMS/.ralph/venv/lib/python3.11/site-packages/django/apps/registry.py", line 124, in populate
    app_config.ready()
  File "/Users/amitkallapa/LMS/.ralph/worktrees/2026-07-25_074057_normal_run/sfpcl_credit/compliance/apps.py", line 9, in ready
    from sfpcl_credit.compliance.search_facade import search_compliance_records
  File "/Users/amitkallapa/LMS/.ralph/worktrees/2026-07-25_074057_normal_run/sfpcl_credit/compliance/search_facade.py", line 4, in <module>
    from sfpcl_credit.compliance.modules import compliance_control_tracker
  File "/Users/amitkallapa/LMS/.ralph/worktrees/2026-07-25_074057_normal_run/sfpcl_credit/compliance/modules/compliance_control_tracker.py", line 14, in <module>
    from sfpcl_credit.identity.modules import auth_service
  File "/Users/amitkallapa/LMS/.ralph/worktrees/2026-07-25_074057_normal_run/sfpcl_credit/identity/modules/auth_service.py", line 18, in <module>
    from sfpcl_credit.identity.modules.tokens import (
  File "/Users/amitkallapa/LMS/.ralph/worktrees/2026-07-25_074057_normal_run/sfpcl_credit/identity/modules/tokens.py", line 13, in <module>
    import jwt
  File "/Users/amitkallapa/LMS/.ralph/venv/lib/python3.11/site-packages/jwt/__init__.py", line 1, in <module>
    from .api_jwk import PyJWK, PyJWKSet
  File "/Users/amitkallapa/LMS/.ralph/venv/lib/python3.11/site-packages/jwt/api_jwk.py", line 7, in <module>
    from .algorithms import get_default_algorithms, has_crypto, requires_cryptography
  File "/Users/amitkallapa/LMS/.ralph/venv/lib/python3.11/site-packages/jwt/algorithms.py", line 11, in <module>
    from .utils import (
  File "/Users/amitkallapa/LMS/.ralph/venv/lib/python3.11/site-packages/jwt/utils.py", line 7, in <module>
    from cryptography.hazmat.primitives.asymmetric.ec import EllipticCurve
  File "/Users/amitkallapa/LMS/.ralph/venv/lib/python3.11/site-packages/cryptography/hazmat/primitives/asymmetric/ec.py", line 11, in <module>
    from cryptography.exceptions import UnsupportedAlgorithm, _Reasons
  File "/Users/amitkallapa/LMS/.ralph/venv/lib/python3.11/site-packages/cryptography/exceptions.py", line 9, in <module>
    from cryptography.hazmat.bindings._rust import exceptions as rust_exceptions
ImportError: dlopen(/Users/amitkallapa/LMS/.ralph/venv/lib/python3.11/site-packages/_cffi_backend.cpython-311-darwin.so, 0x0002): tried: '/Users/amitkallapa/LMS/.ralph/venv/lib/python3.11/site-packages/_cffi_backend.cpython-311-darwin.so' (mach-o file, but is an incompatible architecture (have 'arm64', need 'x86_64')), '/System/Volumes/Preboot/Cryptexes/OS/Users/amitkallapa/LMS/.ralph/venv/lib/python3.11/site-packages/_cffi_backend.cpython-311-darwin.so' (no such file), '/Users/amitkallapa/LMS/.ralph/venv/lib/python3.11/site-packages/_cffi_backend.cpython-311-darwin.so' (mach-o file, but is an incompatible architecture (have 'arm64', need 'x86_64'))
Process SpawnPoolWorker-80:
Traceback (most recent call last):
  File "/Library/Frameworks/Python.framework/Versions/3.11/lib/python3.11/multiprocessing/process.py", line 314, in _bootstrap
    self.run()
  File "/Library/Frameworks/Python.framework/Versions/3.11/lib/python3.11/multiprocessing/process.py", line 108, in run
    self._target(*self._args, **self._kwargs)
  File "/Library/Frameworks/Python.framework/Versions/3.11/lib/python3.11/multiprocessing/pool.py", line 109, in worker
    initializer(*initargs)
  File "/Users/amitkallapa/LMS/.ralph/venv/lib/python3.11/site-packages/django/test/runner.py", line 431, in _init_worker
    django.setup()
  File "/Users/amitkallapa/LMS/.ralph/venv/lib/python3.11/site-packages/django/__init__.py", line 24, in setup
    apps.populate(settings.INSTALLED_APPS)
  File "/Users/amitkallapa/LMS/.ralph/venv/lib/python3.11/site-packages/django/apps/registry.py", line 124, in populate
    app_config.ready()
  File "/Users/amitkallapa/LMS/.ralph/worktrees/2026-07-25_074057_normal_run/sfpcl_credit/compliance/apps.py", line 9, in ready
    from sfpcl_credit.compliance.search_facade import search_compliance_records
  File "/Users/amitkallapa/LMS/.ralph/worktrees/2026-07-25_074057_normal_run/sfpcl_credit/compliance/search_facade.py", line 4, in <module>
    from sfpcl_credit.compliance.modules import compliance_control_tracker
  File "/Users/amitkallapa/LMS/.ralph/worktrees/2026-07-25_074057_normal_run/sfpcl_credit/compliance/modules/compliance_control_tracker.py", line 14, in <module>
    from sfpcl_credit.identity.modules import auth_service
  File "/Users/amitkallapa/LMS/.ralph/worktrees/2026-07-25_074057_normal_run/sfpcl_credit/identity/modules/auth_service.py", line 18, in <module>
    from sfpcl_credit.identity.modules.tokens import (
  File "/Users/amitkallapa/LMS/.ralph/worktrees/2026-07-25_074057_normal_run/sfpcl_credit/identity/modules/tokens.py", line 13, in <module>
    import jwt
  File "/Users/amitkallapa/LMS/.ralph/venv/lib/python3.11/site-packages/jwt/__init__.py", line 1, in <module>
    from .api_jwk import PyJWK, PyJWKSet
  File "/Users/amitkallapa/LMS/.ralph/venv/lib/python3.11/site-packages/jwt/api_jwk.py", line 7, in <module>
    from .algorithms import get_default_algorithms, has_crypto, requires_cryptography
  File "/Users/amitkallapa/LMS/.ralph/venv/lib/python3.11/site-packages/jwt/algorithms.py", line 11, in <module>
    from .utils import (
  File "/Users/amitkallapa/LMS/.ralph/venv/lib/python3.11/site-packages/jwt/utils.py", line 7, in <module>
    from cryptography.hazmat.primitives.asymmetric.ec import EllipticCurve
  File "/Users/amitkallapa/LMS/.ralph/venv/lib/python3.11/site-packages/cryptography/hazmat/primitives/asymmetric/ec.py", line 11, in <module>
    from cryptography.exceptions import UnsupportedAlgorithm, _Reasons
  File "/Users/amitkallapa/LMS/.ralph/venv/lib/python3.11/site-packages/cryptography/exceptions.py", line 9, in <module>
    from cryptography.hazmat.bindings._rust import exceptions as rust_exceptions
ImportError: dlopen(/Users/amitkallapa/LMS/.ralph/venv/lib/python3.11/site-packages/_cffi_backend.cpython-311-darwin.so, 0x0002): tried: '/Users/amitkallapa/LMS/.ralph/venv/lib/python3.11/site-packages/_cffi_backend.cpython-311-darwin.so' (mach-o file, but is an incompatible architecture (have 'arm64', need 'x86_64')), '/System/Volumes/Preboot/Cryptexes/OS/Users/amitkallapa/LMS/.ralph/venv/lib/python3.11/site-packages/_cffi_backend.cpython-311-darwin.so' (no such file), '/Users/amitkallapa/LMS/.ralph/venv/lib/python3.11/site-packages/_cffi_backend.cpython-311-darwin.so' (mach-o file, but is an incompatible architecture (have 'arm64', need 'x86_64'))
Process SpawnPoolWorker-81:
Traceback (most recent call last):
  File "/Library/Frameworks/Python.framework/Versions/3.11/lib/python3.11/multiprocessing/process.py", line 314, in _bootstrap
    self.run()
  File "/Library/Frameworks/Python.framework/Versions/3.11/lib/python3.11/multiprocessing/process.py", line 108, in run
    self._target(*self._args, **self._kwargs)
  File "/Library/Frameworks/Python.framework/Versions/3.11/lib/python3.11/multiprocessing/pool.py", line 109, in worker
    initializer(*initargs)
  File "/Users/amitkallapa/LMS/.ralph/venv/lib/python3.11/site-packages/django/test/runner.py", line 431, in _init_worker
    django.setup()
  File "/Users/amitkallapa/LMS/.ralph/venv/lib/python3.11/site-packages/django/__init__.py", line 24, in setup
    apps.populate(settings.INSTALLED_APPS)
  File "/Users/amitkallapa/LMS/.ralph/venv/lib/python3.11/site-packages/django/apps/registry.py", line 124, in populate
    app_config.ready()
  File "/Users/amitkallapa/LMS/.ralph/worktrees/2026-07-25_074057_normal_run/sfpcl_credit/compliance/apps.py", line 9, in ready
    from sfpcl_credit.compliance.search_facade import search_compliance_records
  File "/Users/amitkallapa/LMS/.ralph/worktrees/2026-07-25_074057_normal_run/sfpcl_credit/compliance/search_facade.py", line 4, in <module>
    from sfpcl_credit.compliance.modules import compliance_control_tracker
  File "/Users/amitkallapa/LMS/.ralph/worktrees/2026-07-25_074057_normal_run/sfpcl_credit/compliance/modules/compliance_control_tracker.py", line 14, in <module>
    from sfpcl_credit.identity.modules import auth_service
  File "/Users/amitkallapa/LMS/.ralph/worktrees/2026-07-25_074057_normal_run/sfpcl_credit/identity/modules/auth_service.py", line 18, in <module>
    from sfpcl_credit.identity.modules.tokens import (
  File "/Users/amitkallapa/LMS/.ralph/worktrees/2026-07-25_074057_normal_run/sfpcl_credit/identity/modules/tokens.py", line 13, in <module>
    import jwt
  File "/Users/amitkallapa/LMS/.ralph/venv/lib/python3.11/site-packages/jwt/__init__.py", line 1, in <module>
    from .api_jwk import PyJWK, PyJWKSet
  File "/Users/amitkallapa/LMS/.ralph/venv/lib/python3.11/site-packages/jwt/api_jwk.py", line 7, in <module>
    from .algorithms import get_default_algorithms, has_crypto, requires_cryptography
  File "/Users/amitkallapa/LMS/.ralph/venv/lib/python3.11/site-packages/jwt/algorithms.py", line 11, in <module>
    from .utils import (
  File "/Users/amitkallapa/LMS/.ralph/venv/lib/python3.11/site-packages/jwt/utils.py", line 7, in <module>
    from cryptography.hazmat.primitives.asymmetric.ec import EllipticCurve
  File "/Users/amitkallapa/LMS/.ralph/venv/lib/python3.11/site-packages/cryptography/hazmat/primitives/asymmetric/ec.py", line 11, in <module>
    from cryptography.exceptions import UnsupportedAlgorithm, _Reasons
  File "/Users/amitkallapa/LMS/.ralph/venv/lib/python3.11/site-packages/cryptography/exceptions.py", line 9, in <module>
    from cryptography.hazmat.bindings._rust import exceptions as rust_exceptions
ImportError: dlopen(/Users/amitkallapa/LMS/.ralph/venv/lib/python3.11/site-packages/_cffi_backend.cpython-311-darwin.so, 0x0002): tried: '/Users/amitkallapa/LMS/.ralph/venv/lib/python3.11/site-packages/_cffi_backend.cpython-311-darwin.so' (mach-o file, but is an incompatible architecture (have 'arm64', need 'x86_64')), '/System/Volumes/Preboot/Cryptexes/OS/Users/amitkallapa/LMS/.ralph/venv/lib/python3.11/site-packages/_cffi_backend.cpython-311-darwin.so' (no such file), '/Users/amitkallapa/LMS/.ralph/venv/lib/python3.11/site-packages/_cffi_backend.cpython-311-darwin.so' (mach-o file, but is an incompatible architecture (have 'arm64', need 'x86_64'))
Process SpawnPoolWorker-82:
Traceback (most recent call last):
  File "/Library/Frameworks/Python.framework/Versions/3.11/lib/python3.11/multiprocessing/process.py", line 314, in _bootstrap
    self.run()
  File "/Library/Frameworks/Python.framework/Versions/3.11/lib/python3.11/multiprocessing/process.py", line 108, in run
    self._target(*self._args, **self._kwargs)
  File "/Library/Frameworks/Python.framework/Versions/3.11/lib/python3.11/multiprocessing/pool.py", line 109, in worker
    initializer(*initargs)
  File "/Users/amitkallapa/LMS/.ralph/venv/lib/python3.11/site-packages/django/test/runner.py", line 431, in _init_worker
    django.setup()
  File "/Users/amitkallapa/LMS/.ralph/venv/lib/python3.11/site-packages/django/__init__.py", line 24, in setup
    apps.populate(settings.INSTALLED_APPS)
  File "/Users/amitkallapa/LMS/.ralph/venv/lib/python3.11/site-packages/django/apps/registry.py", line 124, in populate
    app_config.ready()
  File "/Users/amitkallapa/LMS/.ralph/worktrees/2026-07-25_074057_normal_run/sfpcl_credit/compliance/apps.py", line 9, in ready
    from sfpcl_credit.compliance.search_facade import search_compliance_records
  File "/Users/amitkallapa/LMS/.ralph/worktrees/2026-07-25_074057_normal_run/sfpcl_credit/compliance/search_facade.py", line 4, in <module>
    from sfpcl_credit.compliance.modules import compliance_control_tracker
  File "/Users/amitkallapa/LMS/.ralph/worktrees/2026-07-25_074057_normal_run/sfpcl_credit/compliance/modules/compliance_control_tracker.py", line 14, in <module>
    from sfpcl_credit.identity.modules import auth_service
  File "/Users/amitkallapa/LMS/.ralph/worktrees/2026-07-25_074057_normal_run/sfpcl_credit/identity/modules/auth_service.py", line 18, in <module>
    from sfpcl_credit.identity.modules.tokens import (
  File "/Users/amitkallapa/LMS/.ralph/worktrees/2026-07-25_074057_normal_run/sfpcl_credit/identity/modules/tokens.py", line 13, in <module>
    import jwt
  File "/Users/amitkallapa/LMS/.ralph/venv/lib/python3.11/site-packages/jwt/__init__.py", line 1, in <module>
    from .api_jwk import PyJWK, PyJWKSet
  File "/Users/amitkallapa/LMS/.ralph/venv/lib/python3.11/site-packages/jwt/api_jwk.py", line 7, in <module>
    from .algorithms import get_default_algorithms, has_crypto, requires_cryptography
  File "/Users/amitkallapa/LMS/.ralph/venv/lib/python3.11/site-packages/jwt/algorithms.py", line 11, in <module>
    from .utils import (
  File "/Users/amitkallapa/LMS/.ralph/venv/lib/python3.11/site-packages/jwt/utils.py", line 7, in <module>
    from cryptography.hazmat.primitives.asymmetric.ec import EllipticCurve
  File "/Users/amitkallapa/LMS/.ralph/venv/lib/python3.11/site-packages/cryptography/hazmat/primitives/asymmetric/ec.py", line 11, in <module>
    from cryptography.exceptions import UnsupportedAlgorithm, _Reasons
  File "/Users/amitkallapa/LMS/.ralph/venv/lib/python3.11/site-packages/cryptography/exceptions.py", line 9, in <module>
    from cryptography.hazmat.bindings._rust import exceptions as rust_exceptions
ImportError: dlopen(/Users/amitkallapa/LMS/.ralph/venv/lib/python3.11/site-packages/_cffi_backend.cpython-311-darwin.so, 0x0002): tried: '/Users/amitkallapa/LMS/.ralph/venv/lib/python3.11/site-packages/_cffi_backend.cpython-311-darwin.so' (mach-o file, but is an incompatible architecture (have 'arm64', need 'x86_64')), '/System/Volumes/Preboot/Cryptexes/OS/Users/amitkallapa/LMS/.ralph/venv/lib/python3.11/site-packages/_cffi_backend.cpython-311-darwin.so' (no such file), '/Users/amitkallapa/LMS/.ralph/venv/lib/python3.11/site-packages/_cffi_backend.cpython-311-darwin.so' (mach-o file, but is an incompatible architecture (have 'arm64', need 'x86_64'))
Process SpawnPoolWorker-83:
Traceback (most recent call last):
  File "/Library/Frameworks/Python.framework/Versions/3.11/lib/python3.11/multiprocessing/process.py", line 314, in _bootstrap
    self.run()
  File "/Library/Frameworks/Python.framework/Versions/3.11/lib/python3.11/multiprocessing/process.py", line 108, in run
    self._target(*self._args, **self._kwargs)
  File "/Library/Frameworks/Python.framework/Versions/3.11/lib/python3.11/multiprocessing/pool.py", line 109, in worker
    initializer(*initargs)
  File "/Users/amitkallapa/LMS/.ralph/venv/lib/python3.11/site-packages/django/test/runner.py", line 431, in _init_worker
    django.setup()
  File "/Users/amitkallapa/LMS/.ralph/venv/lib/python3.11/site-packages/django/__init__.py", line 24, in setup
    apps.populate(settings.INSTALLED_APPS)
  File "/Users/amitkallapa/LMS/.ralph/venv/lib/python3.11/site-packages/django/apps/registry.py", line 124, in populate
    app_config.ready()
  File "/Users/amitkallapa/LMS/.ralph/worktrees/2026-07-25_074057_normal_run/sfpcl_credit/compliance/apps.py", line 9, in ready
    from sfpcl_credit.compliance.search_facade import search_compliance_records
  File "/Users/amitkallapa/LMS/.ralph/worktrees/2026-07-25_074057_normal_run/sfpcl_credit/compliance/search_facade.py", line 4, in <module>
    from sfpcl_credit.compliance.modules import compliance_control_tracker
  File "/Users/amitkallapa/LMS/.ralph/worktrees/2026-07-25_074057_normal_run/sfpcl_credit/compliance/modules/compliance_control_tracker.py", line 14, in <module>
    from sfpcl_credit.identity.modules import auth_service
  File "/Users/amitkallapa/LMS/.ralph/worktrees/2026-07-25_074057_normal_run/sfpcl_credit/identity/modules/auth_service.py", line 18, in <module>
    from sfpcl_credit.identity.modules.tokens import (
  File "/Users/amitkallapa/LMS/.ralph/worktrees/2026-07-25_074057_normal_run/sfpcl_credit/identity/modules/tokens.py", line 13, in <module>
    import jwt
  File "/Users/amitkallapa/LMS/.ralph/venv/lib/python3.11/site-packages/jwt/__init__.py", line 1, in <module>
    from .api_jwk import PyJWK, PyJWKSet
  File "/Users/amitkallapa/LMS/.ralph/venv/lib/python3.11/site-packages/jwt/api_jwk.py", line 7, in <module>
    from .algorithms import get_default_algorithms, has_crypto, requires_cryptography
  File "/Users/amitkallapa/LMS/.ralph/venv/lib/python3.11/site-packages/jwt/algorithms.py", line 11, in <module>
    from .utils import (
  File "/Users/amitkallapa/LMS/.ralph/venv/lib/python3.11/site-packages/jwt/utils.py", line 7, in <module>
    from cryptography.hazmat.primitives.asymmetric.ec import EllipticCurve
  File "/Users/amitkallapa/LMS/.ralph/venv/lib/python3.11/site-packages/cryptography/hazmat/primitives/asymmetric/ec.py", line 11, in <module>
    from cryptography.exceptions import UnsupportedAlgorithm, _Reasons
  File "/Users/amitkallapa/LMS/.ralph/venv/lib/python3.11/site-packages/cryptography/exceptions.py", line 9, in <module>
    from cryptography.hazmat.bindings._rust import exceptions as rust_exceptions
ImportError: dlopen(/Users/amitkallapa/LMS/.ralph/venv/lib/python3.11/site-packages/_cffi_backend.cpython-311-darwin.so, 0x0002): tried: '/Users/amitkallapa/LMS/.ralph/venv/lib/python3.11/site-packages/_cffi_backend.cpython-311-darwin.so' (mach-o file, but is an incompatible architecture (have 'arm64', need 'x86_64')), '/System/Volumes/Preboot/Cryptexes/OS/Users/amitkallapa/LMS/.ralph/venv/lib/python3.11/site-packages/_cffi_backend.cpython-311-darwin.so' (no such file), '/Users/amitkallapa/LMS/.ralph/venv/lib/python3.11/site-packages/_cffi_backend.cpython-311-darwin.so' (mach-o file, but is an incompatible architecture (have 'arm64', need 'x86_64'))
Process SpawnPoolWorker-84:
Traceback (most recent call last):
  File "/Library/Frameworks/Python.framework/Versions/3.11/lib/python3.11/multiprocessing/process.py", line 314, in _bootstrap
    self.run()
  File "/Library/Frameworks/Python.framework/Versions/3.11/lib/python3.11/multiprocessing/process.py", line 108, in run
    self._target(*self._args, **self._kwargs)
  File "/Library/Frameworks/Python.framework/Versions/3.11/lib/python3.11/multiprocessing/pool.py", line 109, in worker
    initializer(*initargs)
  File "/Users/amitkallapa/LMS/.ralph/venv/lib/python3.11/site-packages/django/test/runner.py", line 431, in _init_worker
    django.setup()
  File "/Users/amitkallapa/LMS/.ralph/venv/lib/python3.11/site-packages/django/__init__.py", line 24, in setup
    apps.populate(settings.INSTALLED_APPS)
  File "/Users/amitkallapa/LMS/.ralph/venv/lib/python3.11/site-packages/django/apps/registry.py", line 124, in populate
    app_config.ready()
  File "/Users/amitkallapa/LMS/.ralph/worktrees/2026-07-25_074057_normal_run/sfpcl_credit/compliance/apps.py", line 9, in ready
    from sfpcl_credit.compliance.search_facade import search_compliance_records
  File "/Users/amitkallapa/LMS/.ralph/worktrees/2026-07-25_074057_normal_run/sfpcl_credit/compliance/search_facade.py", line 4, in <module>
    from sfpcl_credit.compliance.modules import compliance_control_tracker
  File "/Users/amitkallapa/LMS/.ralph/worktrees/2026-07-25_074057_normal_run/sfpcl_credit/compliance/modules/compliance_control_tracker.py", line 14, in <module>
    from sfpcl_credit.identity.modules import auth_service
  File "/Users/amitkallapa/LMS/.ralph/worktrees/2026-07-25_074057_normal_run/sfpcl_credit/identity/modules/auth_service.py", line 18, in <module>
    from sfpcl_credit.identity.modules.tokens import (
  File "/Users/amitkallapa/LMS/.ralph/worktrees/2026-07-25_074057_normal_run/sfpcl_credit/identity/modules/tokens.py", line 13, in <module>
    import jwt
  File "/Users/amitkallapa/LMS/.ralph/venv/lib/python3.11/site-packages/jwt/__init__.py", line 1, in <module>
    from .api_jwk import PyJWK, PyJWKSet
  File "/Users/amitkallapa/LMS/.ralph/venv/lib/python3.11/site-packages/jwt/api_jwk.py", line 7, in <module>
    from .algorithms import get_default_algorithms, has_crypto, requires_cryptography
  File "/Users/amitkallapa/LMS/.ralph/venv/lib/python3.11/site-packages/jwt/algorithms.py", line 11, in <module>
    from .utils import (
  File "/Users/amitkallapa/LMS/.ralph/venv/lib/python3.11/site-packages/jwt/utils.py", line 7, in <module>
    from cryptography.hazmat.primitives.asymmetric.ec import EllipticCurve
  File "/Users/amitkallapa/LMS/.ralph/venv/lib/python3.11/site-packages/cryptography/hazmat/primitives/asymmetric/ec.py", line 11, in <module>
    from cryptography.exceptions import UnsupportedAlgorithm, _Reasons
  File "/Users/amitkallapa/LMS/.ralph/venv/lib/python3.11/site-packages/cryptography/exceptions.py", line 9, in <module>
    from cryptography.hazmat.bindings._rust import exceptions as rust_exceptions
ImportError: dlopen(/Users/amitkallapa/LMS/.ralph/venv/lib/python3.11/site-packages/_cffi_backend.cpython-311-darwin.so, 0x0002): tried: '/Users/amitkallapa/LMS/.ralph/venv/lib/python3.11/site-packages/_cffi_backend.cpython-311-darwin.so' (mach-o file, but is an incompatible architecture (have 'arm64', need 'x86_64')), '/System/Volumes/Preboot/Cryptexes/OS/Users/amitkallapa/LMS/.ralph/venv/lib/python3.11/site-packages/_cffi_backend.cpython-311-darwin.so' (no such file), '/Users/amitkallapa/LMS/.ralph/venv/lib/python3.11/site-packages/_cffi_backend.cpython-311-darwin.so' (mach-o file, but is an incompatible architecture (have 'arm64', need 'x86_64'))
Process SpawnPoolWorker-85:
Traceback (most recent call last):
  File "/Library/Frameworks/Python.framework/Versions/3.11/lib/python3.11/multiprocessing/process.py", line 314, in _bootstrap
    self.run()
  File "/Library/Frameworks/Python.framework/Versions/3.11/lib/python3.11/multiprocessing/process.py", line 108, in run
    self._target(*self._args, **self._kwargs)
  File "/Library/Frameworks/Python.framework/Versions/3.11/lib/python3.11/multiprocessing/pool.py", line 109, in worker
    initializer(*initargs)
  File "/Users/amitkallapa/LMS/.ralph/venv/lib/python3.11/site-packages/django/test/runner.py", line 431, in _init_worker
    django.setup()
  File "/Users/amitkallapa/LMS/.ralph/venv/lib/python3.11/site-packages/django/__init__.py", line 24, in setup
    apps.populate(settings.INSTALLED_APPS)
  File "/Users/amitkallapa/LMS/.ralph/venv/lib/python3.11/site-packages/django/apps/registry.py", line 124, in populate
    app_config.ready()
  File "/Users/amitkallapa/LMS/.ralph/worktrees/2026-07-25_074057_normal_run/sfpcl_credit/compliance/apps.py", line 9, in ready
    from sfpcl_credit.compliance.search_facade import search_compliance_records
  File "/Users/amitkallapa/LMS/.ralph/worktrees/2026-07-25_074057_normal_run/sfpcl_credit/compliance/search_facade.py", line 4, in <module>
    from sfpcl_credit.compliance.modules import compliance_control_tracker
  File "/Users/amitkallapa/LMS/.ralph/worktrees/2026-07-25_074057_normal_run/sfpcl_credit/compliance/modules/compliance_control_tracker.py", line 14, in <module>
    from sfpcl_credit.identity.modules import auth_service
  File "/Users/amitkallapa/LMS/.ralph/worktrees/2026-07-25_074057_normal_run/sfpcl_credit/identity/modules/auth_service.py", line 18, in <module>
    from sfpcl_credit.identity.modules.tokens import (
  File "/Users/amitkallapa/LMS/.ralph/worktrees/2026-07-25_074057_normal_run/sfpcl_credit/identity/modules/tokens.py", line 13, in <module>
    import jwt
  File "/Users/amitkallapa/LMS/.ralph/venv/lib/python3.11/site-packages/jwt/__init__.py", line 1, in <module>
    from .api_jwk import PyJWK, PyJWKSet
  File "/Users/amitkallapa/LMS/.ralph/venv/lib/python3.11/site-packages/jwt/api_jwk.py", line 7, in <module>
    from .algorithms import get_default_algorithms, has_crypto, requires_cryptography
  File "/Users/amitkallapa/LMS/.ralph/venv/lib/python3.11/site-packages/jwt/algorithms.py", line 11, in <module>
    from .utils import (
  File "/Users/amitkallapa/LMS/.ralph/venv/lib/python3.11/site-packages/jwt/utils.py", line 7, in <module>
    from cryptography.hazmat.primitives.asymmetric.ec import EllipticCurve
  File "/Users/amitkallapa/LMS/.ralph/venv/lib/python3.11/site-packages/cryptography/hazmat/primitives/asymmetric/ec.py", line 11, in <module>
    from cryptography.exceptions import UnsupportedAlgorithm, _Reasons
  File "/Users/amitkallapa/LMS/.ralph/venv/lib/python3.11/site-packages/cryptography/exceptions.py", line 9, in <module>
    from cryptography.hazmat.bindings._rust import exceptions as rust_exceptions
ImportError: dlopen(/Users/amitkallapa/LMS/.ralph/venv/lib/python3.11/site-packages/_cffi_backend.cpython-311-darwin.so, 0x0002): tried: '/Users/amitkallapa/LMS/.ralph/venv/lib/python3.11/site-packages/_cffi_backend.cpython-311-darwin.so' (mach-o file, but is an incompatible architecture (have 'arm64', need 'x86_64')), '/System/Volumes/Preboot/Cryptexes/OS/Users/amitkallapa/LMS/.ralph/venv/lib/python3.11/site-packages/_cffi_backend.cpython-311-darwin.so' (no such file), '/Users/amitkallapa/LMS/.ralph/venv/lib/python3.11/site-packages/_cffi_backend.cpython-311-darwin.so' (mach-o file, but is an incompatible architecture (have 'arm64', need 'x86_64'))
Process SpawnPoolWorker-86:
Traceback (most recent call last):
  File "/Library/Frameworks/Python.framework/Versions/3.11/lib/python3.11/multiprocessing/process.py", line 314, in _bootstrap
    self.run()
  File "/Library/Frameworks/Python.framework/Versions/3.11/lib/python3.11/multiprocessing/process.py", line 108, in run
    self._target(*self._args, **self._kwargs)
  File "/Library/Frameworks/Python.framework/Versions/3.11/lib/python3.11/multiprocessing/pool.py", line 109, in worker
    initializer(*initargs)
  File "/Users/amitkallapa/LMS/.ralph/venv/lib/python3.11/site-packages/django/test/runner.py", line 431, in _init_worker
    django.setup()
  File "/Users/amitkallapa/LMS/.ralph/venv/lib/python3.11/site-packages/django/__init__.py", line 24, in setup
    apps.populate(settings.INSTALLED_APPS)
  File "/Users/amitkallapa/LMS/.ralph/venv/lib/python3.11/site-packages/django/apps/registry.py", line 124, in populate
    app_config.ready()
  File "/Users/amitkallapa/LMS/.ralph/worktrees/2026-07-25_074057_normal_run/sfpcl_credit/compliance/apps.py", line 9, in ready
    from sfpcl_credit.compliance.search_facade import search_compliance_records
  File "/Users/amitkallapa/LMS/.ralph/worktrees/2026-07-25_074057_normal_run/sfpcl_credit/compliance/search_facade.py", line 4, in <module>
    from sfpcl_credit.compliance.modules import compliance_control_tracker
  File "/Users/amitkallapa/LMS/.ralph/worktrees/2026-07-25_074057_normal_run/sfpcl_credit/compliance/modules/compliance_control_tracker.py", line 14, in <module>
    from sfpcl_credit.identity.modules import auth_service
  File "/Users/amitkallapa/LMS/.ralph/worktrees/2026-07-25_074057_normal_run/sfpcl_credit/identity/modules/auth_service.py", line 18, in <module>
    from sfpcl_credit.identity.modules.tokens import (
  File "/Users/amitkallapa/LMS/.ralph/worktrees/2026-07-25_074057_normal_run/sfpcl_credit/identity/modules/tokens.py", line 13, in <module>
    import jwt
  File "/Users/amitkallapa/LMS/.ralph/venv/lib/python3.11/site-packages/jwt/__init__.py", line 1, in <module>
    from .api_jwk import PyJWK, PyJWKSet
  File "/Users/amitkallapa/LMS/.ralph/venv/lib/python3.11/site-packages/jwt/api_jwk.py", line 7, in <module>
    from .algorithms import get_default_algorithms, has_crypto, requires_cryptography
  File "/Users/amitkallapa/LMS/.ralph/venv/lib/python3.11/site-packages/jwt/algorithms.py", line 11, in <module>
    from .utils import (
  File "/Users/amitkallapa/LMS/.ralph/venv/lib/python3.11/site-packages/jwt/utils.py", line 7, in <module>
    from cryptography.hazmat.primitives.asymmetric.ec import EllipticCurve
  File "/Users/amitkallapa/LMS/.ralph/venv/lib/python3.11/site-packages/cryptography/hazmat/primitives/asymmetric/ec.py", line 11, in <module>
    from cryptography.exceptions import UnsupportedAlgorithm, _Reasons
  File "/Users/amitkallapa/LMS/.ralph/venv/lib/python3.11/site-packages/cryptography/exceptions.py", line 9, in <module>
    from cryptography.hazmat.bindings._rust import exceptions as rust_exceptions
ImportError: dlopen(/Users/amitkallapa/LMS/.ralph/venv/lib/python3.11/site-packages/_cffi_backend.cpython-311-darwin.so, 0x0002): tried: '/Users/amitkallapa/LMS/.ralph/venv/lib/python3.11/site-packages/_cffi_backend.cpython-311-darwin.so' (mach-o file, but is an incompatible architecture (have 'arm64', need 'x86_64')), '/System/Volumes/Preboot/Cryptexes/OS/Users/amitkallapa/LMS/.ralph/venv/lib/python3.11/site-packages/_cffi_backend.cpython-311-darwin.so' (no such file), '/Users/amitkallapa/LMS/.ralph/venv/lib/python3.11/site-packages/_cffi_backend.cpython-311-darwin.so' (mach-o file, but is an incompatible architecture (have 'arm64', need 'x86_64'))
Process SpawnPoolWorker-87:
Traceback (most recent call last):
  File "/Library/Frameworks/Python.framework/Versions/3.11/lib/python3.11/multiprocessing/process.py", line 314, in _bootstrap
    self.run()
  File "/Library/Frameworks/Python.framework/Versions/3.11/lib/python3.11/multiprocessing/process.py", line 108, in run
    self._target(*self._args, **self._kwargs)
  File "/Library/Frameworks/Python.framework/Versions/3.11/lib/python3.11/multiprocessing/pool.py", line 109, in worker
    initializer(*initargs)
  File "/Users/amitkallapa/LMS/.ralph/venv/lib/python3.11/site-packages/django/test/runner.py", line 431, in _init_worker
    django.setup()
  File "/Users/amitkallapa/LMS/.ralph/venv/lib/python3.11/site-packages/django/__init__.py", line 24, in setup
    apps.populate(settings.INSTALLED_APPS)
  File "/Users/amitkallapa/LMS/.ralph/venv/lib/python3.11/site-packages/django/apps/registry.py", line 124, in populate
    app_config.ready()
  File "/Users/amitkallapa/LMS/.ralph/worktrees/2026-07-25_074057_normal_run/sfpcl_credit/compliance/apps.py", line 9, in ready
    from sfpcl_credit.compliance.search_facade import search_compliance_records
  File "/Users/amitkallapa/LMS/.ralph/worktrees/2026-07-25_074057_normal_run/sfpcl_credit/compliance/search_facade.py", line 4, in <module>
    from sfpcl_credit.compliance.modules import compliance_control_tracker
  File "/Users/amitkallapa/LMS/.ralph/worktrees/2026-07-25_074057_normal_run/sfpcl_credit/compliance/modules/compliance_control_tracker.py", line 14, in <module>
    from sfpcl_credit.identity.modules import auth_service
  File "/Users/amitkallapa/LMS/.ralph/worktrees/2026-07-25_074057_normal_run/sfpcl_credit/identity/modules/auth_service.py", line 18, in <module>
    from sfpcl_credit.identity.modules.tokens import (
  File "/Users/amitkallapa/LMS/.ralph/worktrees/2026-07-25_074057_normal_run/sfpcl_credit/identity/modules/tokens.py", line 13, in <module>
    import jwt
  File "/Users/amitkallapa/LMS/.ralph/venv/lib/python3.11/site-packages/jwt/__init__.py", line 1, in <module>
    from .api_jwk import PyJWK, PyJWKSet
  File "/Users/amitkallapa/LMS/.ralph/venv/lib/python3.11/site-packages/jwt/api_jwk.py", line 7, in <module>
    from .algorithms import get_default_algorithms, has_crypto, requires_cryptography
  File "/Users/amitkallapa/LMS/.ralph/venv/lib/python3.11/site-packages/jwt/algorithms.py", line 11, in <module>
    from .utils import (
  File "/Users/amitkallapa/LMS/.ralph/venv/lib/python3.11/site-packages/jwt/utils.py", line 7, in <module>
    from cryptography.hazmat.primitives.asymmetric.ec import EllipticCurve
  File "/Users/amitkallapa/LMS/.ralph/venv/lib/python3.11/site-packages/cryptography/hazmat/primitives/asymmetric/ec.py", line 11, in <module>
    from cryptography.exceptions import UnsupportedAlgorithm, _Reasons
  File "/Users/amitkallapa/LMS/.ralph/venv/lib/python3.11/site-packages/cryptography/exceptions.py", line 9, in <module>
    from cryptography.hazmat.bindings._rust import exceptions as rust_exceptions
ImportError: dlopen(/Users/amitkallapa/LMS/.ralph/venv/lib/python3.11/site-packages/_cffi_backend.cpython-311-darwin.so, 0x0002): tried: '/Users/amitkallapa/LMS/.ralph/venv/lib/python3.11/site-packages/_cffi_backend.cpython-311-darwin.so' (mach-o file, but is an incompatible architecture (have 'arm64', need 'x86_64')), '/System/Volumes/Preboot/Cryptexes/OS/Users/amitkallapa/LMS/.ralph/venv/lib/python3.11/site-packages/_cffi_backend.cpython-311-darwin.so' (no such file), '/Users/amitkallapa/LMS/.ralph/venv/lib/python3.11/site-packages/_cffi_backend.cpython-311-darwin.so' (mach-o file, but is an incompatible architecture (have 'arm64', need 'x86_64'))
Process SpawnPoolWorker-88:
Traceback (most recent call last):
  File "/Library/Frameworks/Python.framework/Versions/3.11/lib/python3.11/multiprocessing/process.py", line 314, in _bootstrap
    self.run()
  File "/Library/Frameworks/Python.framework/Versions/3.11/lib/python3.11/multiprocessing/process.py", line 108, in run
    self._target(*self._args, **self._kwargs)
  File "/Library/Frameworks/Python.framework/Versions/3.11/lib/python3.11/multiprocessing/pool.py", line 109, in worker
    initializer(*initargs)
  File "/Users/amitkallapa/LMS/.ralph/venv/lib/python3.11/site-packages/django/test/runner.py", line 431, in _init_worker
    django.setup()
  File "/Users/amitkallapa/LMS/.ralph/venv/lib/python3.11/site-packages/django/__init__.py", line 24, in setup
    apps.populate(settings.INSTALLED_APPS)
  File "/Users/amitkallapa/LMS/.ralph/venv/lib/python3.11/site-packages/django/apps/registry.py", line 124, in populate
    app_config.ready()
  File "/Users/amitkallapa/LMS/.ralph/worktrees/2026-07-25_074057_normal_run/sfpcl_credit/compliance/apps.py", line 9, in ready
    from sfpcl_credit.compliance.search_facade import search_compliance_records
  File "/Users/amitkallapa/LMS/.ralph/worktrees/2026-07-25_074057_normal_run/sfpcl_credit/compliance/search_facade.py", line 4, in <module>
    from sfpcl_credit.compliance.modules import compliance_control_tracker
  File "/Users/amitkallapa/LMS/.ralph/worktrees/2026-07-25_074057_normal_run/sfpcl_credit/compliance/modules/compliance_control_tracker.py", line 14, in <module>
    from sfpcl_credit.identity.modules import auth_service
  File "/Users/amitkallapa/LMS/.ralph/worktrees/2026-07-25_074057_normal_run/sfpcl_credit/identity/modules/auth_service.py", line 18, in <module>
    from sfpcl_credit.identity.modules.tokens import (
  File "/Users/amitkallapa/LMS/.ralph/worktrees/2026-07-25_074057_normal_run/sfpcl_credit/identity/modules/tokens.py", line 13, in <module>
    import jwt
  File "/Users/amitkallapa/LMS/.ralph/venv/lib/python3.11/site-packages/jwt/__init__.py", line 1, in <module>
    from .api_jwk import PyJWK, PyJWKSet
  File "/Users/amitkallapa/LMS/.ralph/venv/lib/python3.11/site-packages/jwt/api_jwk.py", line 7, in <module>
    from .algorithms import get_default_algorithms, has_crypto, requires_cryptography
  File "/Users/amitkallapa/LMS/.ralph/venv/lib/python3.11/site-packages/jwt/algorithms.py", line 11, in <module>
    from .utils import (
  File "/Users/amitkallapa/LMS/.ralph/venv/lib/python3.11/site-packages/jwt/utils.py", line 7, in <module>
    from cryptography.hazmat.primitives.asymmetric.ec import EllipticCurve
  File "/Users/amitkallapa/LMS/.ralph/venv/lib/python3.11/site-packages/cryptography/hazmat/primitives/asymmetric/ec.py", line 11, in <module>
    from cryptography.exceptions import UnsupportedAlgorithm, _Reasons
  File "/Users/amitkallapa/LMS/.ralph/venv/lib/python3.11/site-packages/cryptography/exceptions.py", line 9, in <module>
    from cryptography.hazmat.bindings._rust import exceptions as rust_exceptions
ImportError: dlopen(/Users/amitkallapa/LMS/.ralph/venv/lib/python3.11/site-packages/_cffi_backend.cpython-311-darwin.so, 0x0002): tried: '/Users/amitkallapa/LMS/.ralph/venv/lib/python3.11/site-packages/_cffi_backend.cpython-311-darwin.so' (mach-o file, but is an incompatible architecture (have 'arm64', need 'x86_64')), '/System/Volumes/Preboot/Cryptexes/OS/Users/amitkallapa/LMS/.ralph/venv/lib/python3.11/site-packages/_cffi_backend.cpython-311-darwin.so' (no such file), '/Users/amitkallapa/LMS/.ralph/venv/lib/python3.11/site-packages/_cffi_backend.cpython-311-darwin.so' (mach-o file, but is an incompatible architecture (have 'arm64', need 'x86_64'))
Process SpawnPoolWorker-89:
Traceback (most recent call last):
  File "/Library/Frameworks/Python.framework/Versions/3.11/lib/python3.11/multiprocessing/process.py", line 314, in _bootstrap
    self.run()
  File "/Library/Frameworks/Python.framework/Versions/3.11/lib/python3.11/multiprocessing/process.py", line 108, in run
    self._target(*self._args, **self._kwargs)
  File "/Library/Frameworks/Python.framework/Versions/3.11/lib/python3.11/multiprocessing/pool.py", line 109, in worker
    initializer(*initargs)
  File "/Users/amitkallapa/LMS/.ralph/venv/lib/python3.11/site-packages/django/test/runner.py", line 431, in _init_worker
    django.setup()
  File "/Users/amitkallapa/LMS/.ralph/venv/lib/python3.11/site-packages/django/__init__.py", line 24, in setup
    apps.populate(settings.INSTALLED_APPS)
  File "/Users/amitkallapa/LMS/.ralph/venv/lib/python3.11/site-packages/django/apps/registry.py", line 124, in populate
    app_config.ready()
  File "/Users/amitkallapa/LMS/.ralph/worktrees/2026-07-25_074057_normal_run/sfpcl_credit/compliance/apps.py", line 9, in ready
    from sfpcl_credit.compliance.search_facade import search_compliance_records
  File "/Users/amitkallapa/LMS/.ralph/worktrees/2026-07-25_074057_normal_run/sfpcl_credit/compliance/search_facade.py", line 4, in <module>
    from sfpcl_credit.compliance.modules import compliance_control_tracker
  File "/Users/amitkallapa/LMS/.ralph/worktrees/2026-07-25_074057_normal_run/sfpcl_credit/compliance/modules/compliance_control_tracker.py", line 14, in <module>
    from sfpcl_credit.identity.modules import auth_service
  File "/Users/amitkallapa/LMS/.ralph/worktrees/2026-07-25_074057_normal_run/sfpcl_credit/identity/modules/auth_service.py", line 18, in <module>
    from sfpcl_credit.identity.modules.tokens import (
  File "/Users/amitkallapa/LMS/.ralph/worktrees/2026-07-25_074057_normal_run/sfpcl_credit/identity/modules/tokens.py", line 13, in <module>
    import jwt
  File "/Users/amitkallapa/LMS/.ralph/venv/lib/python3.11/site-packages/jwt/__init__.py", line 1, in <module>
    from .api_jwk import PyJWK, PyJWKSet
  File "/Users/amitkallapa/LMS/.ralph/venv/lib/python3.11/site-packages/jwt/api_jwk.py", line 7, in <module>
    from .algorithms import get_default_algorithms, has_crypto, requires_cryptography
  File "/Users/amitkallapa/LMS/.ralph/venv/lib/python3.11/site-packages/jwt/algorithms.py", line 11, in <module>
    from .utils import (
  File "/Users/amitkallapa/LMS/.ralph/venv/lib/python3.11/site-packages/jwt/utils.py", line 7, in <module>
    from cryptography.hazmat.primitives.asymmetric.ec import EllipticCurve
  File "/Users/amitkallapa/LMS/.ralph/venv/lib/python3.11/site-packages/cryptography/hazmat/primitives/asymmetric/ec.py", line 11, in <module>
    from cryptography.exceptions import UnsupportedAlgorithm, _Reasons
  File "/Users/amitkallapa/LMS/.ralph/venv/lib/python3.11/site-packages/cryptography/exceptions.py", line 9, in <module>
    from cryptography.hazmat.bindings._rust import exceptions as rust_exceptions
ImportError: dlopen(/Users/amitkallapa/LMS/.ralph/venv/lib/python3.11/site-packages/_cffi_backend.cpython-311-darwin.so, 0x0002): tried: '/Users/amitkallapa/LMS/.ralph/venv/lib/python3.11/site-packages/_cffi_backend.cpython-311-darwin.so' (mach-o file, but is an incompatible architecture (have 'arm64', need 'x86_64')), '/System/Volumes/Preboot/Cryptexes/OS/Users/amitkallapa/LMS/.ralph/venv/lib/python3.11/site-packages/_cffi_backend.cpython-311-darwin.so' (no such file), '/Users/amitkallapa/LMS/.ralph/venv/lib/python3.11/site-packages/_cffi_backend.cpython-311-darwin.so' (mach-o file, but is an incompatible architecture (have 'arm64', need 'x86_64'))
Process SpawnPoolWorker-90:
Traceback (most recent call last):
  File "/Library/Frameworks/Python.framework/Versions/3.11/lib/python3.11/multiprocessing/process.py", line 314, in _bootstrap
    self.run()
  File "/Library/Frameworks/Python.framework/Versions/3.11/lib/python3.11/multiprocessing/process.py", line 108, in run
    self._target(*self._args, **self._kwargs)
  File "/Library/Frameworks/Python.framework/Versions/3.11/lib/python3.11/multiprocessing/pool.py", line 109, in worker
    initializer(*initargs)
  File "/Users/amitkallapa/LMS/.ralph/venv/lib/python3.11/site-packages/django/test/runner.py", line 431, in _init_worker
    django.setup()
  File "/Users/amitkallapa/LMS/.ralph/venv/lib/python3.11/site-packages/django/__init__.py", line 24, in setup
    apps.populate(settings.INSTALLED_APPS)
  File "/Users/amitkallapa/LMS/.ralph/venv/lib/python3.11/site-packages/django/apps/registry.py", line 124, in populate
    app_config.ready()
  File "/Users/amitkallapa/LMS/.ralph/worktrees/2026-07-25_074057_normal_run/sfpcl_credit/compliance/apps.py", line 9, in ready
    from sfpcl_credit.compliance.search_facade import search_compliance_records
  File "/Users/amitkallapa/LMS/.ralph/worktrees/2026-07-25_074057_normal_run/sfpcl_credit/compliance/search_facade.py", line 4, in <module>
    from sfpcl_credit.compliance.modules import compliance_control_tracker
  File "/Users/amitkallapa/LMS/.ralph/worktrees/2026-07-25_074057_normal_run/sfpcl_credit/compliance/modules/compliance_control_tracker.py", line 14, in <module>
    from sfpcl_credit.identity.modules import auth_service
  File "/Users/amitkallapa/LMS/.ralph/worktrees/2026-07-25_074057_normal_run/sfpcl_credit/identity/modules/auth_service.py", line 18, in <module>
    from sfpcl_credit.identity.modules.tokens import (
  File "/Users/amitkallapa/LMS/.ralph/worktrees/2026-07-25_074057_normal_run/sfpcl_credit/identity/modules/tokens.py", line 13, in <module>
    import jwt
  File "/Users/amitkallapa/LMS/.ralph/venv/lib/python3.11/site-packages/jwt/__init__.py", line 1, in <module>
    from .api_jwk import PyJWK, PyJWKSet
  File "/Users/amitkallapa/LMS/.ralph/venv/lib/python3.11/site-packages/jwt/api_jwk.py", line 7, in <module>
    from .algorithms import get_default_algorithms, has_crypto, requires_cryptography
  File "/Users/amitkallapa/LMS/.ralph/venv/lib/python3.11/site-packages/jwt/algorithms.py", line 11, in <module>
    from .utils import (
  File "/Users/amitkallapa/LMS/.ralph/venv/lib/python3.11/site-packages/jwt/utils.py", line 7, in <module>
    from cryptography.hazmat.primitives.asymmetric.ec import EllipticCurve
  File "/Users/amitkallapa/LMS/.ralph/venv/lib/python3.11/site-packages/cryptography/hazmat/primitives/asymmetric/ec.py", line 11, in <module>
    from cryptography.exceptions import UnsupportedAlgorithm, _Reasons
  File "/Users/amitkallapa/LMS/.ralph/venv/lib/python3.11/site-packages/cryptography/exceptions.py", line 9, in <module>
    from cryptography.hazmat.bindings._rust import exceptions as rust_exceptions
ImportError: dlopen(/Users/amitkallapa/LMS/.ralph/venv/lib/python3.11/site-packages/_cffi_backend.cpython-311-darwin.so, 0x0002): tried: '/Users/amitkallapa/LMS/.ralph/venv/lib/python3.11/site-packages/_cffi_backend.cpython-311-darwin.so' (mach-o file, but is an incompatible architecture (have 'arm64', need 'x86_64')), '/System/Volumes/Preboot/Cryptexes/OS/Users/amitkallapa/LMS/.ralph/venv/lib/python3.11/site-packages/_cffi_backend.cpython-311-darwin.so' (no such file), '/Users/amitkallapa/LMS/.ralph/venv/lib/python3.11/site-packages/_cffi_backend.cpython-311-darwin.so' (mach-o file, but is an incompatible architecture (have 'arm64', need 'x86_64'))
Process SpawnPoolWorker-91:
Traceback (most recent call last):
  File "/Library/Frameworks/Python.framework/Versions/3.11/lib/python3.11/multiprocessing/process.py", line 314, in _bootstrap
    self.run()
  File "/Library/Frameworks/Python.framework/Versions/3.11/lib/python3.11/multiprocessing/process.py", line 108, in run
    self._target(*self._args, **self._kwargs)
  File "/Library/Frameworks/Python.framework/Versions/3.11/lib/python3.11/multiprocessing/pool.py", line 109, in worker
    initializer(*initargs)
  File "/Users/amitkallapa/LMS/.ralph/venv/lib/python3.11/site-packages/django/test/runner.py", line 431, in _init_worker
    django.setup()
  File "/Users/amitkallapa/LMS/.ralph/venv/lib/python3.11/site-packages/django/__init__.py", line 24, in setup
    apps.populate(settings.INSTALLED_APPS)
  File "/Users/amitkallapa/LMS/.ralph/venv/lib/python3.11/site-packages/django/apps/registry.py", line 124, in populate
    app_config.ready()
  File "/Users/amitkallapa/LMS/.ralph/worktrees/2026-07-25_074057_normal_run/sfpcl_credit/compliance/apps.py", line 9, in ready
    from sfpcl_credit.compliance.search_facade import search_compliance_records
  File "/Users/amitkallapa/LMS/.ralph/worktrees/2026-07-25_074057_normal_run/sfpcl_credit/compliance/search_facade.py", line 4, in <module>
    from sfpcl_credit.compliance.modules import compliance_control_tracker
  File "/Users/amitkallapa/LMS/.ralph/worktrees/2026-07-25_074057_normal_run/sfpcl_credit/compliance/modules/compliance_control_tracker.py", line 14, in <module>
    from sfpcl_credit.identity.modules import auth_service
  File "/Users/amitkallapa/LMS/.ralph/worktrees/2026-07-25_074057_normal_run/sfpcl_credit/identity/modules/auth_service.py", line 18, in <module>
    from sfpcl_credit.identity.modules.tokens import (
  File "/Users/amitkallapa/LMS/.ralph/worktrees/2026-07-25_074057_normal_run/sfpcl_credit/identity/modules/tokens.py", line 13, in <module>
    import jwt
  File "/Users/amitkallapa/LMS/.ralph/venv/lib/python3.11/site-packages/jwt/__init__.py", line 1, in <module>
    from .api_jwk import PyJWK, PyJWKSet
  File "/Users/amitkallapa/LMS/.ralph/venv/lib/python3.11/site-packages/jwt/api_jwk.py", line 7, in <module>
    from .algorithms import get_default_algorithms, has_crypto, requires_cryptography
  File "/Users/amitkallapa/LMS/.ralph/venv/lib/python3.11/site-packages/jwt/algorithms.py", line 11, in <module>
    from .utils import (
  File "/Users/amitkallapa/LMS/.ralph/venv/lib/python3.11/site-packages/jwt/utils.py", line 7, in <module>
    from cryptography.hazmat.primitives.asymmetric.ec import EllipticCurve
  File "/Users/amitkallapa/LMS/.ralph/venv/lib/python3.11/site-packages/cryptography/hazmat/primitives/asymmetric/ec.py", line 11, in <module>
    from cryptography.exceptions import UnsupportedAlgorithm, _Reasons
  File "/Users/amitkallapa/LMS/.ralph/venv/lib/python3.11/site-packages/cryptography/exceptions.py", line 9, in <module>
    from cryptography.hazmat.bindings._rust import exceptions as rust_exceptions
ImportError: dlopen(/Users/amitkallapa/LMS/.ralph/venv/lib/python3.11/site-packages/_cffi_backend.cpython-311-darwin.so, 0x0002): tried: '/Users/amitkallapa/LMS/.ralph/venv/lib/python3.11/site-packages/_cffi_backend.cpython-311-darwin.so' (mach-o file, but is an incompatible architecture (have 'arm64', need 'x86_64')), '/System/Volumes/Preboot/Cryptexes/OS/Users/amitkallapa/LMS/.ralph/venv/lib/python3.11/site-packages/_cffi_backend.cpython-311-darwin.so' (no such file), '/Users/amitkallapa/LMS/.ralph/venv/lib/python3.11/site-packages/_cffi_backend.cpython-311-darwin.so' (mach-o file, but is an incompatible architecture (have 'arm64', need 'x86_64'))
Process SpawnPoolWorker-92:
Traceback (most recent call last):
  File "/Library/Frameworks/Python.framework/Versions/3.11/lib/python3.11/multiprocessing/process.py", line 314, in _bootstrap
    self.run()
  File "/Library/Frameworks/Python.framework/Versions/3.11/lib/python3.11/multiprocessing/process.py", line 108, in run
    self._target(*self._args, **self._kwargs)
  File "/Library/Frameworks/Python.framework/Versions/3.11/lib/python3.11/multiprocessing/pool.py", line 109, in worker
    initializer(*initargs)
  File "/Users/amitkallapa/LMS/.ralph/venv/lib/python3.11/site-packages/django/test/runner.py", line 431, in _init_worker
    django.setup()
  File "/Users/amitkallapa/LMS/.ralph/venv/lib/python3.11/site-packages/django/__init__.py", line 24, in setup
    apps.populate(settings.INSTALLED_APPS)
  File "/Users/amitkallapa/LMS/.ralph/venv/lib/python3.11/site-packages/django/apps/registry.py", line 124, in populate
    app_config.ready()
  File "/Users/amitkallapa/LMS/.ralph/worktrees/2026-07-25_074057_normal_run/sfpcl_credit/compliance/apps.py", line 9, in ready
    from sfpcl_credit.compliance.search_facade import search_compliance_records
  File "/Users/amitkallapa/LMS/.ralph/worktrees/2026-07-25_074057_normal_run/sfpcl_credit/compliance/search_facade.py", line 4, in <module>
    from sfpcl_credit.compliance.modules import compliance_control_tracker
  File "/Users/amitkallapa/LMS/.ralph/worktrees/2026-07-25_074057_normal_run/sfpcl_credit/compliance/modules/compliance_control_tracker.py", line 14, in <module>
    from sfpcl_credit.identity.modules import auth_service
  File "/Users/amitkallapa/LMS/.ralph/worktrees/2026-07-25_074057_normal_run/sfpcl_credit/identity/modules/auth_service.py", line 18, in <module>
    from sfpcl_credit.identity.modules.tokens import (
  File "/Users/amitkallapa/LMS/.ralph/worktrees/2026-07-25_074057_normal_run/sfpcl_credit/identity/modules/tokens.py", line 13, in <module>
    import jwt
  File "/Users/amitkallapa/LMS/.ralph/venv/lib/python3.11/site-packages/jwt/__init__.py", line 1, in <module>
    from .api_jwk import PyJWK, PyJWKSet
  File "/Users/amitkallapa/LMS/.ralph/venv/lib/python3.11/site-packages/jwt/api_jwk.py", line 7, in <module>
    from .algorithms import get_default_algorithms, has_crypto, requires_cryptography
  File "/Users/amitkallapa/LMS/.ralph/venv/lib/python3.11/site-packages/jwt/algorithms.py", line 11, in <module>
    from .utils import (
  File "/Users/amitkallapa/LMS/.ralph/venv/lib/python3.11/site-packages/jwt/utils.py", line 7, in <module>
    from cryptography.hazmat.primitives.asymmetric.ec import EllipticCurve
  File "/Users/amitkallapa/LMS/.ralph/venv/lib/python3.11/site-packages/cryptography/hazmat/primitives/asymmetric/ec.py", line 11, in <module>
    from cryptography.exceptions import UnsupportedAlgorithm, _Reasons
  File "/Users/amitkallapa/LMS/.ralph/venv/lib/python3.11/site-packages/cryptography/exceptions.py", line 9, in <module>
    from cryptography.hazmat.bindings._rust import exceptions as rust_exceptions
ImportError: dlopen(/Users/amitkallapa/LMS/.ralph/venv/lib/python3.11/site-packages/_cffi_backend.cpython-311-darwin.so, 0x0002): tried: '/Users/amitkallapa/LMS/.ralph/venv/lib/python3.11/site-packages/_cffi_backend.cpython-311-darwin.so' (mach-o file, but is an incompatible architecture (have 'arm64', need 'x86_64')), '/System/Volumes/Preboot/Cryptexes/OS/Users/amitkallapa/LMS/.ralph/venv/lib/python3.11/site-packages/_cffi_backend.cpython-311-darwin.so' (no such file), '/Users/amitkallapa/LMS/.ralph/venv/lib/python3.11/site-packages/_cffi_backend.cpython-311-darwin.so' (mach-o file, but is an incompatible architecture (have 'arm64', need 'x86_64'))
Process SpawnPoolWorker-93:
Traceback (most recent call last):
  File "/Library/Frameworks/Python.framework/Versions/3.11/lib/python3.11/multiprocessing/process.py", line 314, in _bootstrap
    self.run()
  File "/Library/Frameworks/Python.framework/Versions/3.11/lib/python3.11/multiprocessing/process.py", line 108, in run
    self._target(*self._args, **self._kwargs)
  File "/Library/Frameworks/Python.framework/Versions/3.11/lib/python3.11/multiprocessing/pool.py", line 109, in worker
    initializer(*initargs)
  File "/Users/amitkallapa/LMS/.ralph/venv/lib/python3.11/site-packages/django/test/runner.py", line 431, in _init_worker
    django.setup()
  File "/Users/amitkallapa/LMS/.ralph/venv/lib/python3.11/site-packages/django/__init__.py", line 24, in setup
    apps.populate(settings.INSTALLED_APPS)
  File "/Users/amitkallapa/LMS/.ralph/venv/lib/python3.11/site-packages/django/apps/registry.py", line 124, in populate
    app_config.ready()
  File "/Users/amitkallapa/LMS/.ralph/worktrees/2026-07-25_074057_normal_run/sfpcl_credit/compliance/apps.py", line 9, in ready
    from sfpcl_credit.compliance.search_facade import search_compliance_records
  File "/Users/amitkallapa/LMS/.ralph/worktrees/2026-07-25_074057_normal_run/sfpcl_credit/compliance/search_facade.py", line 4, in <module>
    from sfpcl_credit.compliance.modules import compliance_control_tracker
  File "/Users/amitkallapa/LMS/.ralph/worktrees/2026-07-25_074057_normal_run/sfpcl_credit/compliance/modules/compliance_control_tracker.py", line 14, in <module>
    from sfpcl_credit.identity.modules import auth_service
  File "/Users/amitkallapa/LMS/.ralph/worktrees/2026-07-25_074057_normal_run/sfpcl_credit/identity/modules/auth_service.py", line 18, in <module>
    from sfpcl_credit.identity.modules.tokens import (
  File "/Users/amitkallapa/LMS/.ralph/worktrees/2026-07-25_074057_normal_run/sfpcl_credit/identity/modules/tokens.py", line 13, in <module>
    import jwt
  File "/Users/amitkallapa/LMS/.ralph/venv/lib/python3.11/site-packages/jwt/__init__.py", line 1, in <module>
    from .api_jwk import PyJWK, PyJWKSet
  File "/Users/amitkallapa/LMS/.ralph/venv/lib/python3.11/site-packages/jwt/api_jwk.py", line 7, in <module>
    from .algorithms import get_default_algorithms, has_crypto, requires_cryptography
  File "/Users/amitkallapa/LMS/.ralph/venv/lib/python3.11/site-packages/jwt/algorithms.py", line 11, in <module>
    from .utils import (
  File "/Users/amitkallapa/LMS/.ralph/venv/lib/python3.11/site-packages/jwt/utils.py", line 7, in <module>
    from cryptography.hazmat.primitives.asymmetric.ec import EllipticCurve
  File "/Users/amitkallapa/LMS/.ralph/venv/lib/python3.11/site-packages/cryptography/hazmat/primitives/asymmetric/ec.py", line 11, in <module>
    from cryptography.exceptions import UnsupportedAlgorithm, _Reasons
  File "/Users/amitkallapa/LMS/.ralph/venv/lib/python3.11/site-packages/cryptography/exceptions.py", line 9, in <module>
    from cryptography.hazmat.bindings._rust import exceptions as rust_exceptions
ImportError: dlopen(/Users/amitkallapa/LMS/.ralph/venv/lib/python3.11/site-packages/_cffi_backend.cpython-311-darwin.so, 0x0002): tried: '/Users/amitkallapa/LMS/.ralph/venv/lib/python3.11/site-packages/_cffi_backend.cpython-311-darwin.so' (mach-o file, but is an incompatible architecture (have 'arm64', need 'x86_64')), '/System/Volumes/Preboot/Cryptexes/OS/Users/amitkallapa/LMS/.ralph/venv/lib/python3.11/site-packages/_cffi_backend.cpython-311-darwin.so' (no such file), '/Users/amitkallapa/LMS/.ralph/venv/lib/python3.11/site-packages/_cffi_backend.cpython-311-darwin.so' (mach-o file, but is an incompatible architecture (have 'arm64', need 'x86_64'))
Process SpawnPoolWorker-94:
Traceback (most recent call last):
  File "/Library/Frameworks/Python.framework/Versions/3.11/lib/python3.11/multiprocessing/process.py", line 314, in _bootstrap
    self.run()
  File "/Library/Frameworks/Python.framework/Versions/3.11/lib/python3.11/multiprocessing/process.py", line 108, in run
    self._target(*self._args, **self._kwargs)
  File "/Library/Frameworks/Python.framework/Versions/3.11/lib/python3.11/multiprocessing/pool.py", line 109, in worker
    initializer(*initargs)
  File "/Users/amitkallapa/LMS/.ralph/venv/lib/python3.11/site-packages/django/test/runner.py", line 431, in _init_worker
    django.setup()
  File "/Users/amitkallapa/LMS/.ralph/venv/lib/python3.11/site-packages/django/__init__.py", line 24, in setup
    apps.populate(settings.INSTALLED_APPS)
  File "/Users/amitkallapa/LMS/.ralph/venv/lib/python3.11/site-packages/django/apps/registry.py", line 124, in populate
    app_config.ready()
  File "/Users/amitkallapa/LMS/.ralph/worktrees/2026-07-25_074057_normal_run/sfpcl_credit/compliance/apps.py", line 9, in ready
    from sfpcl_credit.compliance.search_facade import search_compliance_records
  File "/Users/amitkallapa/LMS/.ralph/worktrees/2026-07-25_074057_normal_run/sfpcl_credit/compliance/search_facade.py", line 4, in <module>
    from sfpcl_credit.compliance.modules import compliance_control_tracker
  File "/Users/amitkallapa/LMS/.ralph/worktrees/2026-07-25_074057_normal_run/sfpcl_credit/compliance/modules/compliance_control_tracker.py", line 14, in <module>
    from sfpcl_credit.identity.modules import auth_service
  File "/Users/amitkallapa/LMS/.ralph/worktrees/2026-07-25_074057_normal_run/sfpcl_credit/identity/modules/auth_service.py", line 18, in <module>
    from sfpcl_credit.identity.modules.tokens import (
  File "/Users/amitkallapa/LMS/.ralph/worktrees/2026-07-25_074057_normal_run/sfpcl_credit/identity/modules/tokens.py", line 13, in <module>
    import jwt
  File "/Users/amitkallapa/LMS/.ralph/venv/lib/python3.11/site-packages/jwt/__init__.py", line 1, in <module>
    from .api_jwk import PyJWK, PyJWKSet
  File "/Users/amitkallapa/LMS/.ralph/venv/lib/python3.11/site-packages/jwt/api_jwk.py", line 7, in <module>
    from .algorithms import get_default_algorithms, has_crypto, requires_cryptography
  File "/Users/amitkallapa/LMS/.ralph/venv/lib/python3.11/site-packages/jwt/algorithms.py", line 11, in <module>
    from .utils import (
  File "/Users/amitkallapa/LMS/.ralph/venv/lib/python3.11/site-packages/jwt/utils.py", line 7, in <module>
    from cryptography.hazmat.primitives.asymmetric.ec import EllipticCurve
  File "/Users/amitkallapa/LMS/.ralph/venv/lib/python3.11/site-packages/cryptography/hazmat/primitives/asymmetric/ec.py", line 11, in <module>
    from cryptography.exceptions import UnsupportedAlgorithm, _Reasons
  File "/Users/amitkallapa/LMS/.ralph/venv/lib/python3.11/site-packages/cryptography/exceptions.py", line 9, in <module>
    from cryptography.hazmat.bindings._rust import exceptions as rust_exceptions
ImportError: dlopen(/Users/amitkallapa/LMS/.ralph/venv/lib/python3.11/site-packages/_cffi_backend.cpython-311-darwin.so, 0x0002): tried: '/Users/amitkallapa/LMS/.ralph/venv/lib/python3.11/site-packages/_cffi_backend.cpython-311-darwin.so' (mach-o file, but is an incompatible architecture (have 'arm64', need 'x86_64')), '/System/Volumes/Preboot/Cryptexes/OS/Users/amitkallapa/LMS/.ralph/venv/lib/python3.11/site-packages/_cffi_backend.cpython-311-darwin.so' (no such file), '/Users/amitkallapa/LMS/.ralph/venv/lib/python3.11/site-packages/_cffi_backend.cpython-311-darwin.so' (mach-o file, but is an incompatible architecture (have 'arm64', need 'x86_64'))
Process SpawnPoolWorker-95:
Traceback (most recent call last):
  File "/Library/Frameworks/Python.framework/Versions/3.11/lib/python3.11/multiprocessing/process.py", line 314, in _bootstrap
    self.run()
  File "/Library/Frameworks/Python.framework/Versions/3.11/lib/python3.11/multiprocessing/process.py", line 108, in run
    self._target(*self._args, **self._kwargs)
  File "/Library/Frameworks/Python.framework/Versions/3.11/lib/python3.11/multiprocessing/pool.py", line 109, in worker
    initializer(*initargs)
  File "/Users/amitkallapa/LMS/.ralph/venv/lib/python3.11/site-packages/django/test/runner.py", line 431, in _init_worker
    django.setup()
  File "/Users/amitkallapa/LMS/.ralph/venv/lib/python3.11/site-packages/django/__init__.py", line 24, in setup
    apps.populate(settings.INSTALLED_APPS)
  File "/Users/amitkallapa/LMS/.ralph/venv/lib/python3.11/site-packages/django/apps/registry.py", line 124, in populate
    app_config.ready()
  File "/Users/amitkallapa/LMS/.ralph/worktrees/2026-07-25_074057_normal_run/sfpcl_credit/compliance/apps.py", line 9, in ready
    from sfpcl_credit.compliance.search_facade import search_compliance_records
  File "/Users/amitkallapa/LMS/.ralph/worktrees/2026-07-25_074057_normal_run/sfpcl_credit/compliance/search_facade.py", line 4, in <module>
    from sfpcl_credit.compliance.modules import compliance_control_tracker
  File "/Users/amitkallapa/LMS/.ralph/worktrees/2026-07-25_074057_normal_run/sfpcl_credit/compliance/modules/compliance_control_tracker.py", line 14, in <module>
    from sfpcl_credit.identity.modules import auth_service
  File "/Users/amitkallapa/LMS/.ralph/worktrees/2026-07-25_074057_normal_run/sfpcl_credit/identity/modules/auth_service.py", line 18, in <module>
    from sfpcl_credit.identity.modules.tokens import (
  File "/Users/amitkallapa/LMS/.ralph/worktrees/2026-07-25_074057_normal_run/sfpcl_credit/identity/modules/tokens.py", line 13, in <module>
    import jwt
  File "/Users/amitkallapa/LMS/.ralph/venv/lib/python3.11/site-packages/jwt/__init__.py", line 1, in <module>
    from .api_jwk import PyJWK, PyJWKSet
  File "/Users/amitkallapa/LMS/.ralph/venv/lib/python3.11/site-packages/jwt/api_jwk.py", line 7, in <module>
    from .algorithms import get_default_algorithms, has_crypto, requires_cryptography
  File "/Users/amitkallapa/LMS/.ralph/venv/lib/python3.11/site-packages/jwt/algorithms.py", line 11, in <module>
    from .utils import (
  File "/Users/amitkallapa/LMS/.ralph/venv/lib/python3.11/site-packages/jwt/utils.py", line 7, in <module>
    from cryptography.hazmat.primitives.asymmetric.ec import EllipticCurve
  File "/Users/amitkallapa/LMS/.ralph/venv/lib/python3.11/site-packages/cryptography/hazmat/primitives/asymmetric/ec.py", line 11, in <module>
    from cryptography.exceptions import UnsupportedAlgorithm, _Reasons
  File "/Users/amitkallapa/LMS/.ralph/venv/lib/python3.11/site-packages/cryptography/exceptions.py", line 9, in <module>
    from cryptography.hazmat.bindings._rust import exceptions as rust_exceptions
ImportError: dlopen(/Users/amitkallapa/LMS/.ralph/venv/lib/python3.11/site-packages/_cffi_backend.cpython-311-darwin.so, 0x0002): tried: '/Users/amitkallapa/LMS/.ralph/venv/lib/python3.11/site-packages/_cffi_backend.cpython-311-darwin.so' (mach-o file, but is an incompatible architecture (have 'arm64', need 'x86_64')), '/System/Volumes/Preboot/Cryptexes/OS/Users/amitkallapa/LMS/.ralph/venv/lib/python3.11/site-packages/_cffi_backend.cpython-311-darwin.so' (no such file), '/Users/amitkallapa/LMS/.ralph/venv/lib/python3.11/site-packages/_cffi_backend.cpython-311-darwin.so' (mach-o file, but is an incompatible architecture (have 'arm64', need 'x86_64'))
Process SpawnPoolWorker-96:
Traceback (most recent call last):
  File "/Library/Frameworks/Python.framework/Versions/3.11/lib/python3.11/multiprocessing/process.py", line 314, in _bootstrap
    self.run()
  File "/Library/Frameworks/Python.framework/Versions/3.11/lib/python3.11/multiprocessing/process.py", line 108, in run
    self._target(*self._args, **self._kwargs)
  File "/Library/Frameworks/Python.framework/Versions/3.11/lib/python3.11/multiprocessing/pool.py", line 109, in worker
    initializer(*initargs)
  File "/Users/amitkallapa/LMS/.ralph/venv/lib/python3.11/site-packages/django/test/runner.py", line 431, in _init_worker
    django.setup()
  File "/Users/amitkallapa/LMS/.ralph/venv/lib/python3.11/site-packages/django/__init__.py", line 24, in setup
    apps.populate(settings.INSTALLED_APPS)
  File "/Users/amitkallapa/LMS/.ralph/venv/lib/python3.11/site-packages/django/apps/registry.py", line 124, in populate
    app_config.ready()
  File "/Users/amitkallapa/LMS/.ralph/worktrees/2026-07-25_074057_normal_run/sfpcl_credit/compliance/apps.py", line 9, in ready
    from sfpcl_credit.compliance.search_facade import search_compliance_records
  File "/Users/amitkallapa/LMS/.ralph/worktrees/2026-07-25_074057_normal_run/sfpcl_credit/compliance/search_facade.py", line 4, in <module>
    from sfpcl_credit.compliance.modules import compliance_control_tracker
  File "/Users/amitkallapa/LMS/.ralph/worktrees/2026-07-25_074057_normal_run/sfpcl_credit/compliance/modules/compliance_control_tracker.py", line 14, in <module>
    from sfpcl_credit.identity.modules import auth_service
  File "/Users/amitkallapa/LMS/.ralph/worktrees/2026-07-25_074057_normal_run/sfpcl_credit/identity/modules/auth_service.py", line 18, in <module>
    from sfpcl_credit.identity.modules.tokens import (
  File "/Users/amitkallapa/LMS/.ralph/worktrees/2026-07-25_074057_normal_run/sfpcl_credit/identity/modules/tokens.py", line 13, in <module>
    import jwt
  File "/Users/amitkallapa/LMS/.ralph/venv/lib/python3.11/site-packages/jwt/__init__.py", line 1, in <module>
    from .api_jwk import PyJWK, PyJWKSet
  File "/Users/amitkallapa/LMS/.ralph/venv/lib/python3.11/site-packages/jwt/api_jwk.py", line 7, in <module>
    from .algorithms import get_default_algorithms, has_crypto, requires_cryptography
  File "/Users/amitkallapa/LMS/.ralph/venv/lib/python3.11/site-packages/jwt/algorithms.py", line 11, in <module>
    from .utils import (
  File "/Users/amitkallapa/LMS/.ralph/venv/lib/python3.11/site-packages/jwt/utils.py", line 7, in <module>
    from cryptography.hazmat.primitives.asymmetric.ec import EllipticCurve
  File "/Users/amitkallapa/LMS/.ralph/venv/lib/python3.11/site-packages/cryptography/hazmat/primitives/asymmetric/ec.py", line 11, in <module>
    from cryptography.exceptions import UnsupportedAlgorithm, _Reasons
  File "/Users/amitkallapa/LMS/.ralph/venv/lib/python3.11/site-packages/cryptography/exceptions.py", line 9, in <module>
    from cryptography.hazmat.bindings._rust import exceptions as rust_exceptions
ImportError: dlopen(/Users/amitkallapa/LMS/.ralph/venv/lib/python3.11/site-packages/_cffi_backend.cpython-311-darwin.so, 0x0002): tried: '/Users/amitkallapa/LMS/.ralph/venv/lib/python3.11/site-packages/_cffi_backend.cpython-311-darwin.so' (mach-o file, but is an incompatible architecture (have 'arm64', need 'x86_64')), '/System/Volumes/Preboot/Cryptexes/OS/Users/amitkallapa/LMS/.ralph/venv/lib/python3.11/site-packages/_cffi_backend.cpython-311-darwin.so' (no such file), '/Users/amitkallapa/LMS/.ralph/venv/lib/python3.11/site-packages/_cffi_backend.cpython-311-darwin.so' (mach-o file, but is an incompatible architecture (have 'arm64', need 'x86_64'))
Process SpawnPoolWorker-97:
Traceback (most recent call last):
  File "/Library/Frameworks/Python.framework/Versions/3.11/lib/python3.11/multiprocessing/process.py", line 314, in _bootstrap
    self.run()
  File "/Library/Frameworks/Python.framework/Versions/3.11/lib/python3.11/multiprocessing/process.py", line 108, in run
    self._target(*self._args, **self._kwargs)
  File "/Library/Frameworks/Python.framework/Versions/3.11/lib/python3.11/multiprocessing/pool.py", line 109, in worker
    initializer(*initargs)
  File "/Users/amitkallapa/LMS/.ralph/venv/lib/python3.11/site-packages/django/test/runner.py", line 431, in _init_worker
    django.setup()
  File "/Users/amitkallapa/LMS/.ralph/venv/lib/python3.11/site-packages/django/__init__.py", line 24, in setup
    apps.populate(settings.INSTALLED_APPS)
  File "/Users/amitkallapa/LMS/.ralph/venv/lib/python3.11/site-packages/django/apps/registry.py", line 124, in populate
    app_config.ready()
  File "/Users/amitkallapa/LMS/.ralph/worktrees/2026-07-25_074057_normal_run/sfpcl_credit/compliance/apps.py", line 9, in ready
    from sfpcl_credit.compliance.search_facade import search_compliance_records
  File "/Users/amitkallapa/LMS/.ralph/worktrees/2026-07-25_074057_normal_run/sfpcl_credit/compliance/search_facade.py", line 4, in <module>
    from sfpcl_credit.compliance.modules import compliance_control_tracker
  File "/Users/amitkallapa/LMS/.ralph/worktrees/2026-07-25_074057_normal_run/sfpcl_credit/compliance/modules/compliance_control_tracker.py", line 14, in <module>
    from sfpcl_credit.identity.modules import auth_service
  File "/Users/amitkallapa/LMS/.ralph/worktrees/2026-07-25_074057_normal_run/sfpcl_credit/identity/modules/auth_service.py", line 18, in <module>
    from sfpcl_credit.identity.modules.tokens import (
  File "/Users/amitkallapa/LMS/.ralph/worktrees/2026-07-25_074057_normal_run/sfpcl_credit/identity/modules/tokens.py", line 13, in <module>
    import jwt
  File "/Users/amitkallapa/LMS/.ralph/venv/lib/python3.11/site-packages/jwt/__init__.py", line 1, in <module>
    from .api_jwk import PyJWK, PyJWKSet
  File "/Users/amitkallapa/LMS/.ralph/venv/lib/python3.11/site-packages/jwt/api_jwk.py", line 7, in <module>
    from .algorithms import get_default_algorithms, has_crypto, requires_cryptography
  File "/Users/amitkallapa/LMS/.ralph/venv/lib/python3.11/site-packages/jwt/algorithms.py", line 11, in <module>
    from .utils import (
  File "/Users/amitkallapa/LMS/.ralph/venv/lib/python3.11/site-packages/jwt/utils.py", line 7, in <module>
    from cryptography.hazmat.primitives.asymmetric.ec import EllipticCurve
  File "/Users/amitkallapa/LMS/.ralph/venv/lib/python3.11/site-packages/cryptography/hazmat/primitives/asymmetric/ec.py", line 11, in <module>
    from cryptography.exceptions import UnsupportedAlgorithm, _Reasons
  File "/Users/amitkallapa/LMS/.ralph/venv/lib/python3.11/site-packages/cryptography/exceptions.py", line 9, in <module>
    from cryptography.hazmat.bindings._rust import exceptions as rust_exceptions
ImportError: dlopen(/Users/amitkallapa/LMS/.ralph/venv/lib/python3.11/site-packages/_cffi_backend.cpython-311-darwin.so, 0x0002): tried: '/Users/amitkallapa/LMS/.ralph/venv/lib/python3.11/site-packages/_cffi_backend.cpython-311-darwin.so' (mach-o file, but is an incompatible architecture (have 'arm64', need 'x86_64')), '/System/Volumes/Preboot/Cryptexes/OS/Users/amitkallapa/LMS/.ralph/venv/lib/python3.11/site-packages/_cffi_backend.cpython-311-darwin.so' (no such file), '/Users/amitkallapa/LMS/.ralph/venv/lib/python3.11/site-packages/_cffi_backend.cpython-311-darwin.so' (mach-o file, but is an incompatible architecture (have 'arm64', need 'x86_64'))
Process SpawnPoolWorker-98:
Traceback (most recent call last):
  File "/Library/Frameworks/Python.framework/Versions/3.11/lib/python3.11/multiprocessing/process.py", line 314, in _bootstrap
    self.run()
  File "/Library/Frameworks/Python.framework/Versions/3.11/lib/python3.11/multiprocessing/process.py", line 108, in run
    self._target(*self._args, **self._kwargs)
  File "/Library/Frameworks/Python.framework/Versions/3.11/lib/python3.11/multiprocessing/pool.py", line 109, in worker
    initializer(*initargs)
  File "/Users/amitkallapa/LMS/.ralph/venv/lib/python3.11/site-packages/django/test/runner.py", line 431, in _init_worker
    django.setup()
  File "/Users/amitkallapa/LMS/.ralph/venv/lib/python3.11/site-packages/django/__init__.py", line 24, in setup
    apps.populate(settings.INSTALLED_APPS)
  File "/Users/amitkallapa/LMS/.ralph/venv/lib/python3.11/site-packages/django/apps/registry.py", line 124, in populate
    app_config.ready()
  File "/Users/amitkallapa/LMS/.ralph/worktrees/2026-07-25_074057_normal_run/sfpcl_credit/compliance/apps.py", line 9, in ready
    from sfpcl_credit.compliance.search_facade import search_compliance_records
  File "/Users/amitkallapa/LMS/.ralph/worktrees/2026-07-25_074057_normal_run/sfpcl_credit/compliance/search_facade.py", line 4, in <module>
    from sfpcl_credit.compliance.modules import compliance_control_tracker
  File "/Users/amitkallapa/LMS/.ralph/worktrees/2026-07-25_074057_normal_run/sfpcl_credit/compliance/modules/compliance_control_tracker.py", line 14, in <module>
    from sfpcl_credit.identity.modules import auth_service
  File "/Users/amitkallapa/LMS/.ralph/worktrees/2026-07-25_074057_normal_run/sfpcl_credit/identity/modules/auth_service.py", line 18, in <module>
    from sfpcl_credit.identity.modules.tokens import (
  File "/Users/amitkallapa/LMS/.ralph/worktrees/2026-07-25_074057_normal_run/sfpcl_credit/identity/modules/tokens.py", line 13, in <module>
    import jwt
  File "/Users/amitkallapa/LMS/.ralph/venv/lib/python3.11/site-packages/jwt/__init__.py", line 1, in <module>
    from .api_jwk import PyJWK, PyJWKSet
  File "/Users/amitkallapa/LMS/.ralph/venv/lib/python3.11/site-packages/jwt/api_jwk.py", line 7, in <module>
    from .algorithms import get_default_algorithms, has_crypto, requires_cryptography
  File "/Users/amitkallapa/LMS/.ralph/venv/lib/python3.11/site-packages/jwt/algorithms.py", line 11, in <module>
    from .utils import (
  File "/Users/amitkallapa/LMS/.ralph/venv/lib/python3.11/site-packages/jwt/utils.py", line 7, in <module>
    from cryptography.hazmat.primitives.asymmetric.ec import EllipticCurve
  File "/Users/amitkallapa/LMS/.ralph/venv/lib/python3.11/site-packages/cryptography/hazmat/primitives/asymmetric/ec.py", line 11, in <module>
    from cryptography.exceptions import UnsupportedAlgorithm, _Reasons
  File "/Users/amitkallapa/LMS/.ralph/venv/lib/python3.11/site-packages/cryptography/exceptions.py", line 9, in <module>
    from cryptography.hazmat.bindings._rust import exceptions as rust_exceptions
ImportError: dlopen(/Users/amitkallapa/LMS/.ralph/venv/lib/python3.11/site-packages/_cffi_backend.cpython-311-darwin.so, 0x0002): tried: '/Users/amitkallapa/LMS/.ralph/venv/lib/python3.11/site-packages/_cffi_backend.cpython-311-darwin.so' (mach-o file, but is an incompatible architecture (have 'arm64', need 'x86_64')), '/System/Volumes/Preboot/Cryptexes/OS/Users/amitkallapa/LMS/.ralph/venv/lib/python3.11/site-packages/_cffi_backend.cpython-311-darwin.so' (no such file), '/Users/amitkallapa/LMS/.ralph/venv/lib/python3.11/site-packages/_cffi_backend.cpython-311-darwin.so' (mach-o file, but is an incompatible architecture (have 'arm64', need 'x86_64'))
Process SpawnPoolWorker-99:
Traceback (most recent call last):
  File "/Library/Frameworks/Python.framework/Versions/3.11/lib/python3.11/multiprocessing/process.py", line 314, in _bootstrap
    self.run()
  File "/Library/Frameworks/Python.framework/Versions/3.11/lib/python3.11/multiprocessing/process.py", line 108, in run
    self._target(*self._args, **self._kwargs)
  File "/Library/Frameworks/Python.framework/Versions/3.11/lib/python3.11/multiprocessing/pool.py", line 109, in worker
    initializer(*initargs)
  File "/Users/amitkallapa/LMS/.ralph/venv/lib/python3.11/site-packages/django/test/runner.py", line 431, in _init_worker
    django.setup()
  File "/Users/amitkallapa/LMS/.ralph/venv/lib/python3.11/site-packages/django/__init__.py", line 24, in setup
    apps.populate(settings.INSTALLED_APPS)
  File "/Users/amitkallapa/LMS/.ralph/venv/lib/python3.11/site-packages/django/apps/registry.py", line 124, in populate
    app_config.ready()
  File "/Users/amitkallapa/LMS/.ralph/worktrees/2026-07-25_074057_normal_run/sfpcl_credit/compliance/apps.py", line 9, in ready
    from sfpcl_credit.compliance.search_facade import search_compliance_records
  File "/Users/amitkallapa/LMS/.ralph/worktrees/2026-07-25_074057_normal_run/sfpcl_credit/compliance/search_facade.py", line 4, in <module>
    from sfpcl_credit.compliance.modules import compliance_control_tracker
  File "/Users/amitkallapa/LMS/.ralph/worktrees/2026-07-25_074057_normal_run/sfpcl_credit/compliance/modules/compliance_control_tracker.py", line 14, in <module>
    from sfpcl_credit.identity.modules import auth_service
  File "/Users/amitkallapa/LMS/.ralph/worktrees/2026-07-25_074057_normal_run/sfpcl_credit/identity/modules/auth_service.py", line 18, in <module>
    from sfpcl_credit.identity.modules.tokens import (
  File "/Users/amitkallapa/LMS/.ralph/worktrees/2026-07-25_074057_normal_run/sfpcl_credit/identity/modules/tokens.py", line 13, in <module>
    import jwt
  File "/Users/amitkallapa/LMS/.ralph/venv/lib/python3.11/site-packages/jwt/__init__.py", line 1, in <module>
    from .api_jwk import PyJWK, PyJWKSet
  File "/Users/amitkallapa/LMS/.ralph/venv/lib/python3.11/site-packages/jwt/api_jwk.py", line 7, in <module>
    from .algorithms import get_default_algorithms, has_crypto, requires_cryptography
  File "/Users/amitkallapa/LMS/.ralph/venv/lib/python3.11/site-packages/jwt/algorithms.py", line 11, in <module>
    from .utils import (
  File "/Users/amitkallapa/LMS/.ralph/venv/lib/python3.11/site-packages/jwt/utils.py", line 7, in <module>
    from cryptography.hazmat.primitives.asymmetric.ec import EllipticCurve
  File "/Users/amitkallapa/LMS/.ralph/venv/lib/python3.11/site-packages/cryptography/hazmat/primitives/asymmetric/ec.py", line 11, in <module>
    from cryptography.exceptions import UnsupportedAlgorithm, _Reasons
  File "/Users/amitkallapa/LMS/.ralph/venv/lib/python3.11/site-packages/cryptography/exceptions.py", line 9, in <module>
    from cryptography.hazmat.bindings._rust import exceptions as rust_exceptions
ImportError: dlopen(/Users/amitkallapa/LMS/.ralph/venv/lib/python3.11/site-packages/_cffi_backend.cpython-311-darwin.so, 0x0002): tried: '/Users/amitkallapa/LMS/.ralph/venv/lib/python3.11/site-packages/_cffi_backend.cpython-311-darwin.so' (mach-o file, but is an incompatible architecture (have 'arm64', need 'x86_64')), '/System/Volumes/Preboot/Cryptexes/OS/Users/amitkallapa/LMS/.ralph/venv/lib/python3.11/site-packages/_cffi_backend.cpython-311-darwin.so' (no such file), '/Users/amitkallapa/LMS/.ralph/venv/lib/python3.11/site-packages/_cffi_backend.cpython-311-darwin.so' (mach-o file, but is an incompatible architecture (have 'arm64', need 'x86_64'))
Process SpawnPoolWorker-101:
Traceback (most recent call last):
  File "/Library/Frameworks/Python.framework/Versions/3.11/lib/python3.11/multiprocessing/process.py", line 314, in _bootstrap
    self.run()
  File "/Library/Frameworks/Python.framework/Versions/3.11/lib/python3.11/multiprocessing/process.py", line 108, in run
    self._target(*self._args, **self._kwargs)
  File "/Library/Frameworks/Python.framework/Versions/3.11/lib/python3.11/multiprocessing/pool.py", line 109, in worker
    initializer(*initargs)
  File "/Users/amitkallapa/LMS/.ralph/venv/lib/python3.11/site-packages/django/test/runner.py", line 431, in _init_worker
    django.setup()
  File "/Users/amitkallapa/LMS/.ralph/venv/lib/python3.11/site-packages/django/__init__.py", line 24, in setup
    apps.populate(settings.INSTALLED_APPS)
  File "/Users/amitkallapa/LMS/.ralph/venv/lib/python3.11/site-packages/django/apps/registry.py", line 124, in populate
    app_config.ready()
  File "/Users/amitkallapa/LMS/.ralph/worktrees/2026-07-25_074057_normal_run/sfpcl_credit/compliance/apps.py", line 9, in ready
    from sfpcl_credit.compliance.search_facade import search_compliance_records
  File "/Users/amitkallapa/LMS/.ralph/worktrees/2026-07-25_074057_normal_run/sfpcl_credit/compliance/search_facade.py", line 4, in <module>
    from sfpcl_credit.compliance.modules import compliance_control_tracker
  File "/Users/amitkallapa/LMS/.ralph/worktrees/2026-07-25_074057_normal_run/sfpcl_credit/compliance/modules/compliance_control_tracker.py", line 14, in <module>
    from sfpcl_credit.identity.modules import auth_service
  File "/Users/amitkallapa/LMS/.ralph/worktrees/2026-07-25_074057_normal_run/sfpcl_credit/identity/modules/auth_service.py", line 18, in <module>
    from sfpcl_credit.identity.modules.tokens import (
  File "/Users/amitkallapa/LMS/.ralph/worktrees/2026-07-25_074057_normal_run/sfpcl_credit/identity/modules/tokens.py", line 13, in <module>
    import jwt
  File "/Users/amitkallapa/LMS/.ralph/venv/lib/python3.11/site-packages/jwt/__init__.py", line 1, in <module>
    from .api_jwk import PyJWK, PyJWKSet
  File "/Users/amitkallapa/LMS/.ralph/venv/lib/python3.11/site-packages/jwt/api_jwk.py", line 7, in <module>
    from .algorithms import get_default_algorithms, has_crypto, requires_cryptography
  File "/Users/amitkallapa/LMS/.ralph/venv/lib/python3.11/site-packages/jwt/algorithms.py", line 11, in <module>
    from .utils import (
  File "/Users/amitkallapa/LMS/.ralph/venv/lib/python3.11/site-packages/jwt/utils.py", line 7, in <module>
    from cryptography.hazmat.primitives.asymmetric.ec import EllipticCurve
  File "/Users/amitkallapa/LMS/.ralph/venv/lib/python3.11/site-packages/cryptography/hazmat/primitives/asymmetric/ec.py", line 11, in <module>
    from cryptography.exceptions import UnsupportedAlgorithm, _Reasons
  File "/Users/amitkallapa/LMS/.ralph/venv/lib/python3.11/site-packages/cryptography/exceptions.py", line 9, in <module>
    from cryptography.hazmat.bindings._rust import exceptions as rust_exceptions
ImportError: dlopen(/Users/amitkallapa/LMS/.ralph/venv/lib/python3.11/site-packages/_cffi_backend.cpython-311-darwin.so, 0x0002): tried: '/Users/amitkallapa/LMS/.ralph/venv/lib/python3.11/site-packages/_cffi_backend.cpython-311-darwin.so' (mach-o file, but is an incompatible architecture (have 'arm64', need 'x86_64')), '/System/Volumes/Preboot/Cryptexes/OS/Users/amitkallapa/LMS/.ralph/venv/lib/python3.11/site-packages/_cffi_backend.cpython-311-darwin.so' (no such file), '/Users/amitkallapa/LMS/.ralph/venv/lib/python3.11/site-packages/_cffi_backend.cpython-311-darwin.so' (mach-o file, but is an incompatible architecture (have 'arm64', need 'x86_64'))
Process SpawnPoolWorker-100:
Traceback (most recent call last):
  File "/Library/Frameworks/Python.framework/Versions/3.11/lib/python3.11/multiprocessing/process.py", line 314, in _bootstrap
    self.run()
  File "/Library/Frameworks/Python.framework/Versions/3.11/lib/python3.11/multiprocessing/process.py", line 108, in run
    self._target(*self._args, **self._kwargs)
  File "/Library/Frameworks/Python.framework/Versions/3.11/lib/python3.11/multiprocessing/pool.py", line 109, in worker
    initializer(*initargs)
  File "/Users/amitkallapa/LMS/.ralph/venv/lib/python3.11/site-packages/django/test/runner.py", line 431, in _init_worker
    django.setup()
  File "/Users/amitkallapa/LMS/.ralph/venv/lib/python3.11/site-packages/django/__init__.py", line 24, in setup
    apps.populate(settings.INSTALLED_APPS)
  File "/Users/amitkallapa/LMS/.ralph/venv/lib/python3.11/site-packages/django/apps/registry.py", line 124, in populate
    app_config.ready()
  File "/Users/amitkallapa/LMS/.ralph/worktrees/2026-07-25_074057_normal_run/sfpcl_credit/compliance/apps.py", line 9, in ready
    from sfpcl_credit.compliance.search_facade import search_compliance_records
  File "/Users/amitkallapa/LMS/.ralph/worktrees/2026-07-25_074057_normal_run/sfpcl_credit/compliance/search_facade.py", line 4, in <module>
    from sfpcl_credit.compliance.modules import compliance_control_tracker
  File "/Users/amitkallapa/LMS/.ralph/worktrees/2026-07-25_074057_normal_run/sfpcl_credit/compliance/modules/compliance_control_tracker.py", line 14, in <module>
    from sfpcl_credit.identity.modules import auth_service
  File "/Users/amitkallapa/LMS/.ralph/worktrees/2026-07-25_074057_normal_run/sfpcl_credit/identity/modules/auth_service.py", line 18, in <module>
    from sfpcl_credit.identity.modules.tokens import (
  File "/Users/amitkallapa/LMS/.ralph/worktrees/2026-07-25_074057_normal_run/sfpcl_credit/identity/modules/tokens.py", line 13, in <module>
    import jwt
  File "/Users/amitkallapa/LMS/.ralph/venv/lib/python3.11/site-packages/jwt/__init__.py", line 1, in <module>
    from .api_jwk import PyJWK, PyJWKSet
  File "/Users/amitkallapa/LMS/.ralph/venv/lib/python3.11/site-packages/jwt/api_jwk.py", line 7, in <module>
    from .algorithms import get_default_algorithms, has_crypto, requires_cryptography
  File "/Users/amitkallapa/LMS/.ralph/venv/lib/python3.11/site-packages/jwt/algorithms.py", line 11, in <module>
    from .utils import (
  File "/Users/amitkallapa/LMS/.ralph/venv/lib/python3.11/site-packages/jwt/utils.py", line 7, in <module>
    from cryptography.hazmat.primitives.asymmetric.ec import EllipticCurve
  File "/Users/amitkallapa/LMS/.ralph/venv/lib/python3.11/site-packages/cryptography/hazmat/primitives/asymmetric/ec.py", line 11, in <module>
    from cryptography.exceptions import UnsupportedAlgorithm, _Reasons
  File "/Users/amitkallapa/LMS/.ralph/venv/lib/python3.11/site-packages/cryptography/exceptions.py", line 9, in <module>
    from cryptography.hazmat.bindings._rust import exceptions as rust_exceptions
ImportError: dlopen(/Users/amitkallapa/LMS/.ralph/venv/lib/python3.11/site-packages/_cffi_backend.cpython-311-darwin.so, 0x0002): tried: '/Users/amitkallapa/LMS/.ralph/venv/lib/python3.11/site-packages/_cffi_backend.cpython-311-darwin.so' (mach-o file, but is an incompatible architecture (have 'arm64', need 'x86_64')), '/System/Volumes/Preboot/Cryptexes/OS/Users/amitkallapa/LMS/.ralph/venv/lib/python3.11/site-packages/_cffi_backend.cpython-311-darwin.so' (no such file), '/Users/amitkallapa/LMS/.ralph/venv/lib/python3.11/site-packages/_cffi_backend.cpython-311-darwin.so' (mach-o file, but is an incompatible architecture (have 'arm64', need 'x86_64'))
Process SpawnPoolWorker-102:
Traceback (most recent call last):
  File "/Library/Frameworks/Python.framework/Versions/3.11/lib/python3.11/multiprocessing/process.py", line 314, in _bootstrap
    self.run()
  File "/Library/Frameworks/Python.framework/Versions/3.11/lib/python3.11/multiprocessing/process.py", line 108, in run
    self._target(*self._args, **self._kwargs)
  File "/Library/Frameworks/Python.framework/Versions/3.11/lib/python3.11/multiprocessing/pool.py", line 109, in worker
    initializer(*initargs)
  File "/Users/amitkallapa/LMS/.ralph/venv/lib/python3.11/site-packages/django/test/runner.py", line 431, in _init_worker
    django.setup()
  File "/Users/amitkallapa/LMS/.ralph/venv/lib/python3.11/site-packages/django/__init__.py", line 24, in setup
    apps.populate(settings.INSTALLED_APPS)
  File "/Users/amitkallapa/LMS/.ralph/venv/lib/python3.11/site-packages/django/apps/registry.py", line 124, in populate
    app_config.ready()
  File "/Users/amitkallapa/LMS/.ralph/worktrees/2026-07-25_074057_normal_run/sfpcl_credit/compliance/apps.py", line 9, in ready
    from sfpcl_credit.compliance.search_facade import search_compliance_records
  File "/Users/amitkallapa/LMS/.ralph/worktrees/2026-07-25_074057_normal_run/sfpcl_credit/compliance/search_facade.py", line 4, in <module>
    from sfpcl_credit.compliance.modules import compliance_control_tracker
  File "/Users/amitkallapa/LMS/.ralph/worktrees/2026-07-25_074057_normal_run/sfpcl_credit/compliance/modules/compliance_control_tracker.py", line 14, in <module>
    from sfpcl_credit.identity.modules import auth_service
  File "/Users/amitkallapa/LMS/.ralph/worktrees/2026-07-25_074057_normal_run/sfpcl_credit/identity/modules/auth_service.py", line 18, in <module>
    from sfpcl_credit.identity.modules.tokens import (
  File "/Users/amitkallapa/LMS/.ralph/worktrees/2026-07-25_074057_normal_run/sfpcl_credit/identity/modules/tokens.py", line 13, in <module>
    import jwt
  File "/Users/amitkallapa/LMS/.ralph/venv/lib/python3.11/site-packages/jwt/__init__.py", line 1, in <module>
    from .api_jwk import PyJWK, PyJWKSet
  File "/Users/amitkallapa/LMS/.ralph/venv/lib/python3.11/site-packages/jwt/api_jwk.py", line 7, in <module>
    from .algorithms import get_default_algorithms, has_crypto, requires_cryptography
  File "/Users/amitkallapa/LMS/.ralph/venv/lib/python3.11/site-packages/jwt/algorithms.py", line 11, in <module>
    from .utils import (
  File "/Users/amitkallapa/LMS/.ralph/venv/lib/python3.11/site-packages/jwt/utils.py", line 7, in <module>
    from cryptography.hazmat.primitives.asymmetric.ec import EllipticCurve
  File "/Users/amitkallapa/LMS/.ralph/venv/lib/python3.11/site-packages/cryptography/hazmat/primitives/asymmetric/ec.py", line 11, in <module>
    from cryptography.exceptions import UnsupportedAlgorithm, _Reasons
  File "/Users/amitkallapa/LMS/.ralph/venv/lib/python3.11/site-packages/cryptography/exceptions.py", line 9, in <module>
    from cryptography.hazmat.bindings._rust import exceptions as rust_exceptions
ImportError: dlopen(/Users/amitkallapa/LMS/.ralph/venv/lib/python3.11/site-packages/_cffi_backend.cpython-311-darwin.so, 0x0002): tried: '/Users/amitkallapa/LMS/.ralph/venv/lib/python3.11/site-packages/_cffi_backend.cpython-311-darwin.so' (mach-o file, but is an incompatible architecture (have 'arm64', need 'x86_64')), '/System/Volumes/Preboot/Cryptexes/OS/Users/amitkallapa/LMS/.ralph/venv/lib/python3.11/site-packages/_cffi_backend.cpython-311-darwin.so' (no such file), '/Users/amitkallapa/LMS/.ralph/venv/lib/python3.11/site-packages/_cffi_backend.cpython-311-darwin.so' (mach-o file, but is an incompatible architecture (have 'arm64', need 'x86_64'))
Process SpawnPoolWorker-103:
Traceback (most recent call last):
  File "/Library/Frameworks/Python.framework/Versions/3.11/lib/python3.11/multiprocessing/process.py", line 314, in _bootstrap
    self.run()
  File "/Library/Frameworks/Python.framework/Versions/3.11/lib/python3.11/multiprocessing/process.py", line 108, in run
    self._target(*self._args, **self._kwargs)
  File "/Library/Frameworks/Python.framework/Versions/3.11/lib/python3.11/multiprocessing/pool.py", line 109, in worker
    initializer(*initargs)
  File "/Users/amitkallapa/LMS/.ralph/venv/lib/python3.11/site-packages/django/test/runner.py", line 431, in _init_worker
    django.setup()
  File "/Users/amitkallapa/LMS/.ralph/venv/lib/python3.11/site-packages/django/__init__.py", line 24, in setup
    apps.populate(settings.INSTALLED_APPS)
  File "/Users/amitkallapa/LMS/.ralph/venv/lib/python3.11/site-packages/django/apps/registry.py", line 124, in populate
    app_config.ready()
  File "/Users/amitkallapa/LMS/.ralph/worktrees/2026-07-25_074057_normal_run/sfpcl_credit/compliance/apps.py", line 9, in ready
    from sfpcl_credit.compliance.search_facade import search_compliance_records
  File "/Users/amitkallapa/LMS/.ralph/worktrees/2026-07-25_074057_normal_run/sfpcl_credit/compliance/search_facade.py", line 4, in <module>
    from sfpcl_credit.compliance.modules import compliance_control_tracker
  File "/Users/amitkallapa/LMS/.ralph/worktrees/2026-07-25_074057_normal_run/sfpcl_credit/compliance/modules/compliance_control_tracker.py", line 14, in <module>
    from sfpcl_credit.identity.modules import auth_service
  File "/Users/amitkallapa/LMS/.ralph/worktrees/2026-07-25_074057_normal_run/sfpcl_credit/identity/modules/auth_service.py", line 18, in <module>
    from sfpcl_credit.identity.modules.tokens import (
  File "/Users/amitkallapa/LMS/.ralph/worktrees/2026-07-25_074057_normal_run/sfpcl_credit/identity/modules/tokens.py", line 13, in <module>
    import jwt
  File "/Users/amitkallapa/LMS/.ralph/venv/lib/python3.11/site-packages/jwt/__init__.py", line 1, in <module>
    from .api_jwk import PyJWK, PyJWKSet
  File "/Users/amitkallapa/LMS/.ralph/venv/lib/python3.11/site-packages/jwt/api_jwk.py", line 7, in <module>
    from .algorithms import get_default_algorithms, has_crypto, requires_cryptography
  File "/Users/amitkallapa/LMS/.ralph/venv/lib/python3.11/site-packages/jwt/algorithms.py", line 11, in <module>
    from .utils import (
  File "/Users/amitkallapa/LMS/.ralph/venv/lib/python3.11/site-packages/jwt/utils.py", line 7, in <module>
    from cryptography.hazmat.primitives.asymmetric.ec import EllipticCurve
  File "/Users/amitkallapa/LMS/.ralph/venv/lib/python3.11/site-packages/cryptography/hazmat/primitives/asymmetric/ec.py", line 11, in <module>
    from cryptography.exceptions import UnsupportedAlgorithm, _Reasons
  File "/Users/amitkallapa/LMS/.ralph/venv/lib/python3.11/site-packages/cryptography/exceptions.py", line 9, in <module>
    from cryptography.hazmat.bindings._rust import exceptions as rust_exceptions
ImportError: dlopen(/Users/amitkallapa/LMS/.ralph/venv/lib/python3.11/site-packages/_cffi_backend.cpython-311-darwin.so, 0x0002): tried: '/Users/amitkallapa/LMS/.ralph/venv/lib/python3.11/site-packages/_cffi_backend.cpython-311-darwin.so' (mach-o file, but is an incompatible architecture (have 'arm64', need 'x86_64')), '/System/Volumes/Preboot/Cryptexes/OS/Users/amitkallapa/LMS/.ralph/venv/lib/python3.11/site-packages/_cffi_backend.cpython-311-darwin.so' (no such file), '/Users/amitkallapa/LMS/.ralph/venv/lib/python3.11/site-packages/_cffi_backend.cpython-311-darwin.so' (mach-o file, but is an incompatible architecture (have 'arm64', need 'x86_64'))
Process SpawnPoolWorker-104:
Traceback (most recent call last):
  File "/Library/Frameworks/Python.framework/Versions/3.11/lib/python3.11/multiprocessing/process.py", line 314, in _bootstrap
    self.run()
  File "/Library/Frameworks/Python.framework/Versions/3.11/lib/python3.11/multiprocessing/process.py", line 108, in run
    self._target(*self._args, **self._kwargs)
  File "/Library/Frameworks/Python.framework/Versions/3.11/lib/python3.11/multiprocessing/pool.py", line 109, in worker
    initializer(*initargs)
  File "/Users/amitkallapa/LMS/.ralph/venv/lib/python3.11/site-packages/django/test/runner.py", line 431, in _init_worker
    django.setup()
  File "/Users/amitkallapa/LMS/.ralph/venv/lib/python3.11/site-packages/django/__init__.py", line 24, in setup
    apps.populate(settings.INSTALLED_APPS)
  File "/Users/amitkallapa/LMS/.ralph/venv/lib/python3.11/site-packages/django/apps/registry.py", line 124, in populate
    app_config.ready()
  File "/Users/amitkallapa/LMS/.ralph/worktrees/2026-07-25_074057_normal_run/sfpcl_credit/compliance/apps.py", line 9, in ready
    from sfpcl_credit.compliance.search_facade import search_compliance_records
  File "/Users/amitkallapa/LMS/.ralph/worktrees/2026-07-25_074057_normal_run/sfpcl_credit/compliance/search_facade.py", line 4, in <module>
    from sfpcl_credit.compliance.modules import compliance_control_tracker
  File "/Users/amitkallapa/LMS/.ralph/worktrees/2026-07-25_074057_normal_run/sfpcl_credit/compliance/modules/compliance_control_tracker.py", line 14, in <module>
    from sfpcl_credit.identity.modules import auth_service
  File "/Users/amitkallapa/LMS/.ralph/worktrees/2026-07-25_074057_normal_run/sfpcl_credit/identity/modules/auth_service.py", line 18, in <module>
    from sfpcl_credit.identity.modules.tokens import (
  File "/Users/amitkallapa/LMS/.ralph/worktrees/2026-07-25_074057_normal_run/sfpcl_credit/identity/modules/tokens.py", line 13, in <module>
    import jwt
  File "/Users/amitkallapa/LMS/.ralph/venv/lib/python3.11/site-packages/jwt/__init__.py", line 1, in <module>
    from .api_jwk import PyJWK, PyJWKSet
  File "/Users/amitkallapa/LMS/.ralph/venv/lib/python3.11/site-packages/jwt/api_jwk.py", line 7, in <module>
    from .algorithms import get_default_algorithms, has_crypto, requires_cryptography
  File "/Users/amitkallapa/LMS/.ralph/venv/lib/python3.11/site-packages/jwt/algorithms.py", line 11, in <module>
    from .utils import (
  File "/Users/amitkallapa/LMS/.ralph/venv/lib/python3.11/site-packages/jwt/utils.py", line 7, in <module>
    from cryptography.hazmat.primitives.asymmetric.ec import EllipticCurve
  File "/Users/amitkallapa/LMS/.ralph/venv/lib/python3.11/site-packages/cryptography/hazmat/primitives/asymmetric/ec.py", line 11, in <module>
    from cryptography.exceptions import UnsupportedAlgorithm, _Reasons
  File "/Users/amitkallapa/LMS/.ralph/venv/lib/python3.11/site-packages/cryptography/exceptions.py", line 9, in <module>
    from cryptography.hazmat.bindings._rust import exceptions as rust_exceptions
ImportError: dlopen(/Users/amitkallapa/LMS/.ralph/venv/lib/python3.11/site-packages/_cffi_backend.cpython-311-darwin.so, 0x0002): tried: '/Users/amitkallapa/LMS/.ralph/venv/lib/python3.11/site-packages/_cffi_backend.cpython-311-darwin.so' (mach-o file, but is an incompatible architecture (have 'arm64', need 'x86_64')), '/System/Volumes/Preboot/Cryptexes/OS/Users/amitkallapa/LMS/.ralph/venv/lib/python3.11/site-packages/_cffi_backend.cpython-311-darwin.so' (no such file), '/Users/amitkallapa/LMS/.ralph/venv/lib/python3.11/site-packages/_cffi_backend.cpython-311-darwin.so' (mach-o file, but is an incompatible architecture (have 'arm64', need 'x86_64'))
Process SpawnPoolWorker-105:
Traceback (most recent call last):
  File "/Library/Frameworks/Python.framework/Versions/3.11/lib/python3.11/multiprocessing/process.py", line 314, in _bootstrap
    self.run()
  File "/Library/Frameworks/Python.framework/Versions/3.11/lib/python3.11/multiprocessing/process.py", line 108, in run
    self._target(*self._args, **self._kwargs)
  File "/Library/Frameworks/Python.framework/Versions/3.11/lib/python3.11/multiprocessing/pool.py", line 109, in worker
    initializer(*initargs)
  File "/Users/amitkallapa/LMS/.ralph/venv/lib/python3.11/site-packages/django/test/runner.py", line 431, in _init_worker
    django.setup()
  File "/Users/amitkallapa/LMS/.ralph/venv/lib/python3.11/site-packages/django/__init__.py", line 24, in setup
    apps.populate(settings.INSTALLED_APPS)
  File "/Users/amitkallapa/LMS/.ralph/venv/lib/python3.11/site-packages/django/apps/registry.py", line 124, in populate
    app_config.ready()
  File "/Users/amitkallapa/LMS/.ralph/worktrees/2026-07-25_074057_normal_run/sfpcl_credit/compliance/apps.py", line 9, in ready
    from sfpcl_credit.compliance.search_facade import search_compliance_records
  File "/Users/amitkallapa/LMS/.ralph/worktrees/2026-07-25_074057_normal_run/sfpcl_credit/compliance/search_facade.py", line 4, in <module>
    from sfpcl_credit.compliance.modules import compliance_control_tracker
  File "/Users/amitkallapa/LMS/.ralph/worktrees/2026-07-25_074057_normal_run/sfpcl_credit/compliance/modules/compliance_control_tracker.py", line 14, in <module>
    from sfpcl_credit.identity.modules import auth_service
  File "/Users/amitkallapa/LMS/.ralph/worktrees/2026-07-25_074057_normal_run/sfpcl_credit/identity/modules/auth_service.py", line 18, in <module>
    from sfpcl_credit.identity.modules.tokens import (
  File "/Users/amitkallapa/LMS/.ralph/worktrees/2026-07-25_074057_normal_run/sfpcl_credit/identity/modules/tokens.py", line 13, in <module>
    import jwt
  File "/Users/amitkallapa/LMS/.ralph/venv/lib/python3.11/site-packages/jwt/__init__.py", line 1, in <module>
    from .api_jwk import PyJWK, PyJWKSet
  File "/Users/amitkallapa/LMS/.ralph/venv/lib/python3.11/site-packages/jwt/api_jwk.py", line 7, in <module>
    from .algorithms import get_default_algorithms, has_crypto, requires_cryptography
  File "/Users/amitkallapa/LMS/.ralph/venv/lib/python3.11/site-packages/jwt/algorithms.py", line 11, in <module>
    from .utils import (
  File "/Users/amitkallapa/LMS/.ralph/venv/lib/python3.11/site-packages/jwt/utils.py", line 7, in <module>
    from cryptography.hazmat.primitives.asymmetric.ec import EllipticCurve
  File "/Users/amitkallapa/LMS/.ralph/venv/lib/python3.11/site-packages/cryptography/hazmat/primitives/asymmetric/ec.py", line 11, in <module>
    from cryptography.exceptions import UnsupportedAlgorithm, _Reasons
  File "/Users/amitkallapa/LMS/.ralph/venv/lib/python3.11/site-packages/cryptography/exceptions.py", line 9, in <module>
    from cryptography.hazmat.bindings._rust import exceptions as rust_exceptions
ImportError: dlopen(/Users/amitkallapa/LMS/.ralph/venv/lib/python3.11/site-packages/_cffi_backend.cpython-311-darwin.so, 0x0002): tried: '/Users/amitkallapa/LMS/.ralph/venv/lib/python3.11/site-packages/_cffi_backend.cpython-311-darwin.so' (mach-o file, but is an incompatible architecture (have 'arm64', need 'x86_64')), '/System/Volumes/Preboot/Cryptexes/OS/Users/amitkallapa/LMS/.ralph/venv/lib/python3.11/site-packages/_cffi_backend.cpython-311-darwin.so' (no such file), '/Users/amitkallapa/LMS/.ralph/venv/lib/python3.11/site-packages/_cffi_backend.cpython-311-darwin.so' (mach-o file, but is an incompatible architecture (have 'arm64', need 'x86_64'))
Process SpawnPoolWorker-106:
Process SpawnPoolWorker-107:
Traceback (most recent call last):
  File "/Library/Frameworks/Python.framework/Versions/3.11/lib/python3.11/multiprocessing/process.py", line 314, in _bootstrap
    self.run()
  File "/Library/Frameworks/Python.framework/Versions/3.11/lib/python3.11/multiprocessing/process.py", line 108, in run
    self._target(*self._args, **self._kwargs)
  File "/Library/Frameworks/Python.framework/Versions/3.11/lib/python3.11/multiprocessing/pool.py", line 109, in worker
    initializer(*initargs)
  File "/Users/amitkallapa/LMS/.ralph/venv/lib/python3.11/site-packages/django/test/runner.py", line 431, in _init_worker
    django.setup()
  File "/Users/amitkallapa/LMS/.ralph/venv/lib/python3.11/site-packages/django/__init__.py", line 24, in setup
    apps.populate(settings.INSTALLED_APPS)
  File "/Users/amitkallapa/LMS/.ralph/venv/lib/python3.11/site-packages/django/apps/registry.py", line 124, in populate
    app_config.ready()
  File "/Users/amitkallapa/LMS/.ralph/worktrees/2026-07-25_074057_normal_run/sfpcl_credit/compliance/apps.py", line 9, in ready
    from sfpcl_credit.compliance.search_facade import search_compliance_records
  File "/Users/amitkallapa/LMS/.ralph/worktrees/2026-07-25_074057_normal_run/sfpcl_credit/compliance/search_facade.py", line 4, in <module>
    from sfpcl_credit.compliance.modules import compliance_control_tracker
  File "/Users/amitkallapa/LMS/.ralph/worktrees/2026-07-25_074057_normal_run/sfpcl_credit/compliance/modules/compliance_control_tracker.py", line 14, in <module>
    from sfpcl_credit.identity.modules import auth_service
  File "/Users/amitkallapa/LMS/.ralph/worktrees/2026-07-25_074057_normal_run/sfpcl_credit/identity/modules/auth_service.py", line 18, in <module>
    from sfpcl_credit.identity.modules.tokens import (
  File "/Users/amitkallapa/LMS/.ralph/worktrees/2026-07-25_074057_normal_run/sfpcl_credit/identity/modules/tokens.py", line 13, in <module>
    import jwt
  File "/Users/amitkallapa/LMS/.ralph/venv/lib/python3.11/site-packages/jwt/__init__.py", line 1, in <module>
    from .api_jwk import PyJWK, PyJWKSet
  File "/Users/amitkallapa/LMS/.ralph/venv/lib/python3.11/site-packages/jwt/api_jwk.py", line 7, in <module>
    from .algorithms import get_default_algorithms, has_crypto, requires_cryptography
  File "/Users/amitkallapa/LMS/.ralph/venv/lib/python3.11/site-packages/jwt/algorithms.py", line 11, in <module>
    from .utils import (
  File "/Users/amitkallapa/LMS/.ralph/venv/lib/python3.11/site-packages/jwt/utils.py", line 7, in <module>
    from cryptography.hazmat.primitives.asymmetric.ec import EllipticCurve
  File "/Users/amitkallapa/LMS/.ralph/venv/lib/python3.11/site-packages/cryptography/hazmat/primitives/asymmetric/ec.py", line 11, in <module>
    from cryptography.exceptions import UnsupportedAlgorithm, _Reasons
  File "/Users/amitkallapa/LMS/.ralph/venv/lib/python3.11/site-packages/cryptography/exceptions.py", line 9, in <module>
    from cryptography.hazmat.bindings._rust import exceptions as rust_exceptions
ImportError: dlopen(/Users/amitkallapa/LMS/.ralph/venv/lib/python3.11/site-packages/_cffi_backend.cpython-311-darwin.so, 0x0002): tried: '/Users/amitkallapa/LMS/.ralph/venv/lib/python3.11/site-packages/_cffi_backend.cpython-311-darwin.so' (mach-o file, but is an incompatible architecture (have 'arm64', need 'x86_64')), '/System/Volumes/Preboot/Cryptexes/OS/Users/amitkallapa/LMS/.ralph/venv/lib/python3.11/site-packages/_cffi_backend.cpython-311-darwin.so' (no such file), '/Users/amitkallapa/LMS/.ralph/venv/lib/python3.11/site-packages/_cffi_backend.cpython-311-darwin.so' (mach-o file, but is an incompatible architecture (have 'arm64', need 'x86_64'))
Traceback (most recent call last):
  File "/Library/Frameworks/Python.framework/Versions/3.11/lib/python3.11/multiprocessing/process.py", line 314, in _bootstrap
    self.run()
  File "/Library/Frameworks/Python.framework/Versions/3.11/lib/python3.11/multiprocessing/process.py", line 108, in run
    self._target(*self._args, **self._kwargs)
  File "/Library/Frameworks/Python.framework/Versions/3.11/lib/python3.11/multiprocessing/pool.py", line 109, in worker
    initializer(*initargs)
  File "/Users/amitkallapa/LMS/.ralph/venv/lib/python3.11/site-packages/django/test/runner.py", line 431, in _init_worker
    django.setup()
  File "/Users/amitkallapa/LMS/.ralph/venv/lib/python3.11/site-packages/django/__init__.py", line 24, in setup
    apps.populate(settings.INSTALLED_APPS)
  File "/Users/amitkallapa/LMS/.ralph/venv/lib/python3.11/site-packages/django/apps/registry.py", line 124, in populate
    app_config.ready()
  File "/Users/amitkallapa/LMS/.ralph/worktrees/2026-07-25_074057_normal_run/sfpcl_credit/compliance/apps.py", line 9, in ready
    from sfpcl_credit.compliance.search_facade import search_compliance_records
  File "/Users/amitkallapa/LMS/.ralph/worktrees/2026-07-25_074057_normal_run/sfpcl_credit/compliance/search_facade.py", line 4, in <module>
    from sfpcl_credit.compliance.modules import compliance_control_tracker
  File "/Users/amitkallapa/LMS/.ralph/worktrees/2026-07-25_074057_normal_run/sfpcl_credit/compliance/modules/compliance_control_tracker.py", line 14, in <module>
    from sfpcl_credit.identity.modules import auth_service
  File "/Users/amitkallapa/LMS/.ralph/worktrees/2026-07-25_074057_normal_run/sfpcl_credit/identity/modules/auth_service.py", line 18, in <module>
    from sfpcl_credit.identity.modules.tokens import (
  File "/Users/amitkallapa/LMS/.ralph/worktrees/2026-07-25_074057_normal_run/sfpcl_credit/identity/modules/tokens.py", line 13, in <module>
    import jwt
  File "/Users/amitkallapa/LMS/.ralph/venv/lib/python3.11/site-packages/jwt/__init__.py", line 1, in <module>
    from .api_jwk import PyJWK, PyJWKSet
  File "/Users/amitkallapa/LMS/.ralph/venv/lib/python3.11/site-packages/jwt/api_jwk.py", line 7, in <module>
    from .algorithms import get_default_algorithms, has_crypto, requires_cryptography
  File "/Users/amitkallapa/LMS/.ralph/venv/lib/python3.11/site-packages/jwt/algorithms.py", line 11, in <module>
    from .utils import (
  File "/Users/amitkallapa/LMS/.ralph/venv/lib/python3.11/site-packages/jwt/utils.py", line 7, in <module>
    from cryptography.hazmat.primitives.asymmetric.ec import EllipticCurve
  File "/Users/amitkallapa/LMS/.ralph/venv/lib/python3.11/site-packages/cryptography/hazmat/primitives/asymmetric/ec.py", line 11, in <module>
    from cryptography.exceptions import UnsupportedAlgorithm, _Reasons
  File "/Users/amitkallapa/LMS/.ralph/venv/lib/python3.11/site-packages/cryptography/exceptions.py", line 9, in <module>
    from cryptography.hazmat.bindings._rust import exceptions as rust_exceptions
ImportError: dlopen(/Users/amitkallapa/LMS/.ralph/venv/lib/python3.11/site-packages/_cffi_backend.cpython-311-darwin.so, 0x0002): tried: '/Users/amitkallapa/LMS/.ralph/venv/lib/python3.11/site-packages/_cffi_backend.cpython-311-darwin.so' (mach-o file, but is an incompatible architecture (have 'arm64', need 'x86_64')), '/System/Volumes/Preboot/Cryptexes/OS/Users/amitkallapa/LMS/.ralph/venv/lib/python3.11/site-packages/_cffi_backend.cpython-311-darwin.so' (no such file), '/Users/amitkallapa/LMS/.ralph/venv/lib/python3.11/site-packages/_cffi_backend.cpython-311-darwin.so' (mach-o file, but is an incompatible architecture (have 'arm64', need 'x86_64'))
Process SpawnPoolWorker-108:
Traceback (most recent call last):
  File "/Library/Frameworks/Python.framework/Versions/3.11/lib/python3.11/multiprocessing/process.py", line 314, in _bootstrap
    self.run()
  File "/Library/Frameworks/Python.framework/Versions/3.11/lib/python3.11/multiprocessing/process.py", line 108, in run
    self._target(*self._args, **self._kwargs)
  File "/Library/Frameworks/Python.framework/Versions/3.11/lib/python3.11/multiprocessing/pool.py", line 109, in worker
    initializer(*initargs)
  File "/Users/amitkallapa/LMS/.ralph/venv/lib/python3.11/site-packages/django/test/runner.py", line 431, in _init_worker
    django.setup()
  File "/Users/amitkallapa/LMS/.ralph/venv/lib/python3.11/site-packages/django/__init__.py", line 24, in setup
    apps.populate(settings.INSTALLED_APPS)
  File "/Users/amitkallapa/LMS/.ralph/venv/lib/python3.11/site-packages/django/apps/registry.py", line 124, in populate
    app_config.ready()
  File "/Users/amitkallapa/LMS/.ralph/worktrees/2026-07-25_074057_normal_run/sfpcl_credit/compliance/apps.py", line 9, in ready
    from sfpcl_credit.compliance.search_facade import search_compliance_records
  File "/Users/amitkallapa/LMS/.ralph/worktrees/2026-07-25_074057_normal_run/sfpcl_credit/compliance/search_facade.py", line 4, in <module>
    from sfpcl_credit.compliance.modules import compliance_control_tracker
  File "/Users/amitkallapa/LMS/.ralph/worktrees/2026-07-25_074057_normal_run/sfpcl_credit/compliance/modules/compliance_control_tracker.py", line 14, in <module>
    from sfpcl_credit.identity.modules import auth_service
  File "/Users/amitkallapa/LMS/.ralph/worktrees/2026-07-25_074057_normal_run/sfpcl_credit/identity/modules/auth_service.py", line 18, in <module>
    from sfpcl_credit.identity.modules.tokens import (
  File "/Users/amitkallapa/LMS/.ralph/worktrees/2026-07-25_074057_normal_run/sfpcl_credit/identity/modules/tokens.py", line 13, in <module>
    import jwt
  File "/Users/amitkallapa/LMS/.ralph/venv/lib/python3.11/site-packages/jwt/__init__.py", line 1, in <module>
    from .api_jwk import PyJWK, PyJWKSet
  File "/Users/amitkallapa/LMS/.ralph/venv/lib/python3.11/site-packages/jwt/api_jwk.py", line 7, in <module>
    from .algorithms import get_default_algorithms, has_crypto, requires_cryptography
  File "/Users/amitkallapa/LMS/.ralph/venv/lib/python3.11/site-packages/jwt/algorithms.py", line 11, in <module>
    from .utils import (
  File "/Users/amitkallapa/LMS/.ralph/venv/lib/python3.11/site-packages/jwt/utils.py", line 7, in <module>
    from cryptography.hazmat.primitives.asymmetric.ec import EllipticCurve
  File "/Users/amitkallapa/LMS/.ralph/venv/lib/python3.11/site-packages/cryptography/hazmat/primitives/asymmetric/ec.py", line 11, in <module>
    from cryptography.exceptions import UnsupportedAlgorithm, _Reasons
  File "/Users/amitkallapa/LMS/.ralph/venv/lib/python3.11/site-packages/cryptography/exceptions.py", line 9, in <module>
    from cryptography.hazmat.bindings._rust import exceptions as rust_exceptions
ImportError: dlopen(/Users/amitkallapa/LMS/.ralph/venv/lib/python3.11/site-packages/_cffi_backend.cpython-311-darwin.so, 0x0002): tried: '/Users/amitkallapa/LMS/.ralph/venv/lib/python3.11/site-packages/_cffi_backend.cpython-311-darwin.so' (mach-o file, but is an incompatible architecture (have 'arm64', need 'x86_64')), '/System/Volumes/Preboot/Cryptexes/OS/Users/amitkallapa/LMS/.ralph/venv/lib/python3.11/site-packages/_cffi_backend.cpython-311-darwin.so' (no such file), '/Users/amitkallapa/LMS/.ralph/venv/lib/python3.11/site-packages/_cffi_backend.cpython-311-darwin.so' (mach-o file, but is an incompatible architecture (have 'arm64', need 'x86_64'))
Process SpawnPoolWorker-109:
Traceback (most recent call last):
  File "/Library/Frameworks/Python.framework/Versions/3.11/lib/python3.11/multiprocessing/process.py", line 314, in _bootstrap
    self.run()
  File "/Library/Frameworks/Python.framework/Versions/3.11/lib/python3.11/multiprocessing/process.py", line 108, in run
    self._target(*self._args, **self._kwargs)
  File "/Library/Frameworks/Python.framework/Versions/3.11/lib/python3.11/multiprocessing/pool.py", line 109, in worker
    initializer(*initargs)
  File "/Users/amitkallapa/LMS/.ralph/venv/lib/python3.11/site-packages/django/test/runner.py", line 431, in _init_worker
    django.setup()
  File "/Users/amitkallapa/LMS/.ralph/venv/lib/python3.11/site-packages/django/__init__.py", line 24, in setup
    apps.populate(settings.INSTALLED_APPS)
  File "/Users/amitkallapa/LMS/.ralph/venv/lib/python3.11/site-packages/django/apps/registry.py", line 124, in populate
    app_config.ready()
  File "/Users/amitkallapa/LMS/.ralph/worktrees/2026-07-25_074057_normal_run/sfpcl_credit/compliance/apps.py", line 9, in ready
    from sfpcl_credit.compliance.search_facade import search_compliance_records
  File "/Users/amitkallapa/LMS/.ralph/worktrees/2026-07-25_074057_normal_run/sfpcl_credit/compliance/search_facade.py", line 4, in <module>
    from sfpcl_credit.compliance.modules import compliance_control_tracker
  File "/Users/amitkallapa/LMS/.ralph/worktrees/2026-07-25_074057_normal_run/sfpcl_credit/compliance/modules/compliance_control_tracker.py", line 14, in <module>
    from sfpcl_credit.identity.modules import auth_service
  File "/Users/amitkallapa/LMS/.ralph/worktrees/2026-07-25_074057_normal_run/sfpcl_credit/identity/modules/auth_service.py", line 18, in <module>
    from sfpcl_credit.identity.modules.tokens import (
  File "/Users/amitkallapa/LMS/.ralph/worktrees/2026-07-25_074057_normal_run/sfpcl_credit/identity/modules/tokens.py", line 13, in <module>
    import jwt
  File "/Users/amitkallapa/LMS/.ralph/venv/lib/python3.11/site-packages/jwt/__init__.py", line 1, in <module>
    from .api_jwk import PyJWK, PyJWKSet
  File "/Users/amitkallapa/LMS/.ralph/venv/lib/python3.11/site-packages/jwt/api_jwk.py", line 7, in <module>
    from .algorithms import get_default_algorithms, has_crypto, requires_cryptography
  File "/Users/amitkallapa/LMS/.ralph/venv/lib/python3.11/site-packages/jwt/algorithms.py", line 11, in <module>
    from .utils import (
  File "/Users/amitkallapa/LMS/.ralph/venv/lib/python3.11/site-packages/jwt/utils.py", line 7, in <module>
    from cryptography.hazmat.primitives.asymmetric.ec import EllipticCurve
  File "/Users/amitkallapa/LMS/.ralph/venv/lib/python3.11/site-packages/cryptography/hazmat/primitives/asymmetric/ec.py", line 11, in <module>
    from cryptography.exceptions import UnsupportedAlgorithm, _Reasons
  File "/Users/amitkallapa/LMS/.ralph/venv/lib/python3.11/site-packages/cryptography/exceptions.py", line 9, in <module>
    from cryptography.hazmat.bindings._rust import exceptions as rust_exceptions
ImportError: dlopen(/Users/amitkallapa/LMS/.ralph/venv/lib/python3.11/site-packages/_cffi_backend.cpython-311-darwin.so, 0x0002): tried: '/Users/amitkallapa/LMS/.ralph/venv/lib/python3.11/site-packages/_cffi_backend.cpython-311-darwin.so' (mach-o file, but is an incompatible architecture (have 'arm64', need 'x86_64')), '/System/Volumes/Preboot/Cryptexes/OS/Users/amitkallapa/LMS/.ralph/venv/lib/python3.11/site-packages/_cffi_backend.cpython-311-darwin.so' (no such file), '/Users/amitkallapa/LMS/.ralph/venv/lib/python3.11/site-packages/_cffi_backend.cpython-311-darwin.so' (mach-o file, but is an incompatible architecture (have 'arm64', need 'x86_64'))
Process SpawnPoolWorker-110:
Traceback (most recent call last):
  File "/Library/Frameworks/Python.framework/Versions/3.11/lib/python3.11/multiprocessing/process.py", line 314, in _bootstrap
    self.run()
  File "/Library/Frameworks/Python.framework/Versions/3.11/lib/python3.11/multiprocessing/process.py", line 108, in run
    self._target(*self._args, **self._kwargs)
  File "/Library/Frameworks/Python.framework/Versions/3.11/lib/python3.11/multiprocessing/pool.py", line 109, in worker
    initializer(*initargs)
  File "/Users/amitkallapa/LMS/.ralph/venv/lib/python3.11/site-packages/django/test/runner.py", line 431, in _init_worker
    django.setup()
  File "/Users/amitkallapa/LMS/.ralph/venv/lib/python3.11/site-packages/django/__init__.py", line 24, in setup
    apps.populate(settings.INSTALLED_APPS)
  File "/Users/amitkallapa/LMS/.ralph/venv/lib/python3.11/site-packages/django/apps/registry.py", line 124, in populate
    app_config.ready()
  File "/Users/amitkallapa/LMS/.ralph/worktrees/2026-07-25_074057_normal_run/sfpcl_credit/compliance/apps.py", line 9, in ready
    from sfpcl_credit.compliance.search_facade import search_compliance_records
  File "/Users/amitkallapa/LMS/.ralph/worktrees/2026-07-25_074057_normal_run/sfpcl_credit/compliance/search_facade.py", line 4, in <module>
    from sfpcl_credit.compliance.modules import compliance_control_tracker
  File "/Users/amitkallapa/LMS/.ralph/worktrees/2026-07-25_074057_normal_run/sfpcl_credit/compliance/modules/compliance_control_tracker.py", line 14, in <module>
    from sfpcl_credit.identity.modules import auth_service
  File "/Users/amitkallapa/LMS/.ralph/worktrees/2026-07-25_074057_normal_run/sfpcl_credit/identity/modules/auth_service.py", line 18, in <module>
    from sfpcl_credit.identity.modules.tokens import (
  File "/Users/amitkallapa/LMS/.ralph/worktrees/2026-07-25_074057_normal_run/sfpcl_credit/identity/modules/tokens.py", line 13, in <module>
    import jwt
  File "/Users/amitkallapa/LMS/.ralph/venv/lib/python3.11/site-packages/jwt/__init__.py", line 1, in <module>
    from .api_jwk import PyJWK, PyJWKSet
  File "/Users/amitkallapa/LMS/.ralph/venv/lib/python3.11/site-packages/jwt/api_jwk.py", line 7, in <module>
    from .algorithms import get_default_algorithms, has_crypto, requires_cryptography
  File "/Users/amitkallapa/LMS/.ralph/venv/lib/python3.11/site-packages/jwt/algorithms.py", line 11, in <module>
    from .utils import (
  File "/Users/amitkallapa/LMS/.ralph/venv/lib/python3.11/site-packages/jwt/utils.py", line 7, in <module>
    from cryptography.hazmat.primitives.asymmetric.ec import EllipticCurve
  File "/Users/amitkallapa/LMS/.ralph/venv/lib/python3.11/site-packages/cryptography/hazmat/primitives/asymmetric/ec.py", line 11, in <module>
    from cryptography.exceptions import UnsupportedAlgorithm, _Reasons
  File "/Users/amitkallapa/LMS/.ralph/venv/lib/python3.11/site-packages/cryptography/exceptions.py", line 9, in <module>
    from cryptography.hazmat.bindings._rust import exceptions as rust_exceptions
ImportError: dlopen(/Users/amitkallapa/LMS/.ralph/venv/lib/python3.11/site-packages/_cffi_backend.cpython-311-darwin.so, 0x0002): tried: '/Users/amitkallapa/LMS/.ralph/venv/lib/python3.11/site-packages/_cffi_backend.cpython-311-darwin.so' (mach-o file, but is an incompatible architecture (have 'arm64', need 'x86_64')), '/System/Volumes/Preboot/Cryptexes/OS/Users/amitkallapa/LMS/.ralph/venv/lib/python3.11/site-packages/_cffi_backend.cpython-311-darwin.so' (no such file), '/Users/amitkallapa/LMS/.ralph/venv/lib/python3.11/site-packages/_cffi_backend.cpython-311-darwin.so' (mach-o file, but is an incompatible architecture (have 'arm64', need 'x86_64'))
Process SpawnPoolWorker-111:
Traceback (most recent call last):
  File "/Library/Frameworks/Python.framework/Versions/3.11/lib/python3.11/multiprocessing/process.py", line 314, in _bootstrap
    self.run()
  File "/Library/Frameworks/Python.framework/Versions/3.11/lib/python3.11/multiprocessing/process.py", line 108, in run
    self._target(*self._args, **self._kwargs)
  File "/Library/Frameworks/Python.framework/Versions/3.11/lib/python3.11/multiprocessing/pool.py", line 109, in worker
    initializer(*initargs)
  File "/Users/amitkallapa/LMS/.ralph/venv/lib/python3.11/site-packages/django/test/runner.py", line 431, in _init_worker
    django.setup()
  File "/Users/amitkallapa/LMS/.ralph/venv/lib/python3.11/site-packages/django/__init__.py", line 24, in setup
    apps.populate(settings.INSTALLED_APPS)
  File "/Users/amitkallapa/LMS/.ralph/venv/lib/python3.11/site-packages/django/apps/registry.py", line 124, in populate
    app_config.ready()
  File "/Users/amitkallapa/LMS/.ralph/worktrees/2026-07-25_074057_normal_run/sfpcl_credit/compliance/apps.py", line 9, in ready
    from sfpcl_credit.compliance.search_facade import search_compliance_records
  File "/Users/amitkallapa/LMS/.ralph/worktrees/2026-07-25_074057_normal_run/sfpcl_credit/compliance/search_facade.py", line 4, in <module>
    from sfpcl_credit.compliance.modules import compliance_control_tracker
  File "/Users/amitkallapa/LMS/.ralph/worktrees/2026-07-25_074057_normal_run/sfpcl_credit/compliance/modules/compliance_control_tracker.py", line 14, in <module>
    from sfpcl_credit.identity.modules import auth_service
  File "/Users/amitkallapa/LMS/.ralph/worktrees/2026-07-25_074057_normal_run/sfpcl_credit/identity/modules/auth_service.py", line 18, in <module>
    from sfpcl_credit.identity.modules.tokens import (
  File "/Users/amitkallapa/LMS/.ralph/worktrees/2026-07-25_074057_normal_run/sfpcl_credit/identity/modules/tokens.py", line 13, in <module>
    import jwt
  File "/Users/amitkallapa/LMS/.ralph/venv/lib/python3.11/site-packages/jwt/__init__.py", line 1, in <module>
    from .api_jwk import PyJWK, PyJWKSet
  File "/Users/amitkallapa/LMS/.ralph/venv/lib/python3.11/site-packages/jwt/api_jwk.py", line 7, in <module>
    from .algorithms import get_default_algorithms, has_crypto, requires_cryptography
  File "/Users/amitkallapa/LMS/.ralph/venv/lib/python3.11/site-packages/jwt/algorithms.py", line 11, in <module>
    from .utils import (
  File "/Users/amitkallapa/LMS/.ralph/venv/lib/python3.11/site-packages/jwt/utils.py", line 7, in <module>
    from cryptography.hazmat.primitives.asymmetric.ec import EllipticCurve
  File "/Users/amitkallapa/LMS/.ralph/venv/lib/python3.11/site-packages/cryptography/hazmat/primitives/asymmetric/ec.py", line 11, in <module>
    from cryptography.exceptions import UnsupportedAlgorithm, _Reasons
  File "/Users/amitkallapa/LMS/.ralph/venv/lib/python3.11/site-packages/cryptography/exceptions.py", line 9, in <module>
    from cryptography.hazmat.bindings._rust import exceptions as rust_exceptions
ImportError: dlopen(/Users/amitkallapa/LMS/.ralph/venv/lib/python3.11/site-packages/_cffi_backend.cpython-311-darwin.so, 0x0002): tried: '/Users/amitkallapa/LMS/.ralph/venv/lib/python3.11/site-packages/_cffi_backend.cpython-311-darwin.so' (mach-o file, but is an incompatible architecture (have 'arm64', need 'x86_64')), '/System/Volumes/Preboot/Cryptexes/OS/Users/amitkallapa/LMS/.ralph/venv/lib/python3.11/site-packages/_cffi_backend.cpython-311-darwin.so' (no such file), '/Users/amitkallapa/LMS/.ralph/venv/lib/python3.11/site-packages/_cffi_backend.cpython-311-darwin.so' (mach-o file, but is an incompatible architecture (have 'arm64', need 'x86_64'))
Process SpawnPoolWorker-113:
Traceback (most recent call last):
  File "/Library/Frameworks/Python.framework/Versions/3.11/lib/python3.11/multiprocessing/process.py", line 314, in _bootstrap
    self.run()
  File "/Library/Frameworks/Python.framework/Versions/3.11/lib/python3.11/multiprocessing/process.py", line 108, in run
    self._target(*self._args, **self._kwargs)
  File "/Library/Frameworks/Python.framework/Versions/3.11/lib/python3.11/multiprocessing/pool.py", line 109, in worker
    initializer(*initargs)
  File "/Users/amitkallapa/LMS/.ralph/venv/lib/python3.11/site-packages/django/test/runner.py", line 431, in _init_worker
    django.setup()
  File "/Users/amitkallapa/LMS/.ralph/venv/lib/python3.11/site-packages/django/__init__.py", line 24, in setup
    apps.populate(settings.INSTALLED_APPS)
  File "/Users/amitkallapa/LMS/.ralph/venv/lib/python3.11/site-packages/django/apps/registry.py", line 124, in populate
    app_config.ready()
  File "/Users/amitkallapa/LMS/.ralph/worktrees/2026-07-25_074057_normal_run/sfpcl_credit/compliance/apps.py", line 9, in ready
    from sfpcl_credit.compliance.search_facade import search_compliance_records
  File "/Users/amitkallapa/LMS/.ralph/worktrees/2026-07-25_074057_normal_run/sfpcl_credit/compliance/search_facade.py", line 4, in <module>
    from sfpcl_credit.compliance.modules import compliance_control_tracker
  File "/Users/amitkallapa/LMS/.ralph/worktrees/2026-07-25_074057_normal_run/sfpcl_credit/compliance/modules/compliance_control_tracker.py", line 14, in <module>
    from sfpcl_credit.identity.modules import auth_service
  File "/Users/amitkallapa/LMS/.ralph/worktrees/2026-07-25_074057_normal_run/sfpcl_credit/identity/modules/auth_service.py", line 18, in <module>
    from sfpcl_credit.identity.modules.tokens import (
  File "/Users/amitkallapa/LMS/.ralph/worktrees/2026-07-25_074057_normal_run/sfpcl_credit/identity/modules/tokens.py", line 13, in <module>
    import jwt
  File "/Users/amitkallapa/LMS/.ralph/venv/lib/python3.11/site-packages/jwt/__init__.py", line 1, in <module>
    from .api_jwk import PyJWK, PyJWKSet
  File "/Users/amitkallapa/LMS/.ralph/venv/lib/python3.11/site-packages/jwt/api_jwk.py", line 7, in <module>
    from .algorithms import get_default_algorithms, has_crypto, requires_cryptography
  File "/Users/amitkallapa/LMS/.ralph/venv/lib/python3.11/site-packages/jwt/algorithms.py", line 11, in <module>
    from .utils import (
  File "/Users/amitkallapa/LMS/.ralph/venv/lib/python3.11/site-packages/jwt/utils.py", line 7, in <module>
    from cryptography.hazmat.primitives.asymmetric.ec import EllipticCurve
  File "/Users/amitkallapa/LMS/.ralph/venv/lib/python3.11/site-packages/cryptography/hazmat/primitives/asymmetric/ec.py", line 11, in <module>
    from cryptography.exceptions import UnsupportedAlgorithm, _Reasons
  File "/Users/amitkallapa/LMS/.ralph/venv/lib/python3.11/site-packages/cryptography/exceptions.py", line 9, in <module>
    from cryptography.hazmat.bindings._rust import exceptions as rust_exceptions
ImportError: dlopen(/Users/amitkallapa/LMS/.ralph/venv/lib/python3.11/site-packages/_cffi_backend.cpython-311-darwin.so, 0x0002): tried: '/Users/amitkallapa/LMS/.ralph/venv/lib/python3.11/site-packages/_cffi_backend.cpython-311-darwin.so' (mach-o file, but is an incompatible architecture (have 'arm64', need 'x86_64')), '/System/Volumes/Preboot/Cryptexes/OS/Users/amitkallapa/LMS/.ralph/venv/lib/python3.11/site-packages/_cffi_backend.cpython-311-darwin.so' (no such file), '/Users/amitkallapa/LMS/.ralph/venv/lib/python3.11/site-packages/_cffi_backend.cpython-311-darwin.so' (mach-o file, but is an incompatible architecture (have 'arm64', need 'x86_64'))
Process SpawnPoolWorker-112:
Traceback (most recent call last):
  File "/Library/Frameworks/Python.framework/Versions/3.11/lib/python3.11/multiprocessing/process.py", line 314, in _bootstrap
    self.run()
  File "/Library/Frameworks/Python.framework/Versions/3.11/lib/python3.11/multiprocessing/process.py", line 108, in run
    self._target(*self._args, **self._kwargs)
  File "/Library/Frameworks/Python.framework/Versions/3.11/lib/python3.11/multiprocessing/pool.py", line 109, in worker
    initializer(*initargs)
  File "/Users/amitkallapa/LMS/.ralph/venv/lib/python3.11/site-packages/django/test/runner.py", line 431, in _init_worker
    django.setup()
  File "/Users/amitkallapa/LMS/.ralph/venv/lib/python3.11/site-packages/django/__init__.py", line 24, in setup
    apps.populate(settings.INSTALLED_APPS)
  File "/Users/amitkallapa/LMS/.ralph/venv/lib/python3.11/site-packages/django/apps/registry.py", line 124, in populate
    app_config.ready()
  File "/Users/amitkallapa/LMS/.ralph/worktrees/2026-07-25_074057_normal_run/sfpcl_credit/compliance/apps.py", line 9, in ready
    from sfpcl_credit.compliance.search_facade import search_compliance_records
  File "/Users/amitkallapa/LMS/.ralph/worktrees/2026-07-25_074057_normal_run/sfpcl_credit/compliance/search_facade.py", line 4, in <module>
    from sfpcl_credit.compliance.modules import compliance_control_tracker
  File "/Users/amitkallapa/LMS/.ralph/worktrees/2026-07-25_074057_normal_run/sfpcl_credit/compliance/modules/compliance_control_tracker.py", line 14, in <module>
    from sfpcl_credit.identity.modules import auth_service
  File "/Users/amitkallapa/LMS/.ralph/worktrees/2026-07-25_074057_normal_run/sfpcl_credit/identity/modules/auth_service.py", line 18, in <module>
    from sfpcl_credit.identity.modules.tokens import (
  File "/Users/amitkallapa/LMS/.ralph/worktrees/2026-07-25_074057_normal_run/sfpcl_credit/identity/modules/tokens.py", line 13, in <module>
    import jwt
  File "/Users/amitkallapa/LMS/.ralph/venv/lib/python3.11/site-packages/jwt/__init__.py", line 1, in <module>
    from .api_jwk import PyJWK, PyJWKSet
  File "/Users/amitkallapa/LMS/.ralph/venv/lib/python3.11/site-packages/jwt/api_jwk.py", line 7, in <module>
    from .algorithms import get_default_algorithms, has_crypto, requires_cryptography
  File "/Users/amitkallapa/LMS/.ralph/venv/lib/python3.11/site-packages/jwt/algorithms.py", line 11, in <module>
    from .utils import (
  File "/Users/amitkallapa/LMS/.ralph/venv/lib/python3.11/site-packages/jwt/utils.py", line 7, in <module>
    from cryptography.hazmat.primitives.asymmetric.ec import EllipticCurve
  File "/Users/amitkallapa/LMS/.ralph/venv/lib/python3.11/site-packages/cryptography/hazmat/primitives/asymmetric/ec.py", line 11, in <module>
    from cryptography.exceptions import UnsupportedAlgorithm, _Reasons
  File "/Users/amitkallapa/LMS/.ralph/venv/lib/python3.11/site-packages/cryptography/exceptions.py", line 9, in <module>
    from cryptography.hazmat.bindings._rust import exceptions as rust_exceptions
ImportError: dlopen(/Users/amitkallapa/LMS/.ralph/venv/lib/python3.11/site-packages/_cffi_backend.cpython-311-darwin.so, 0x0002): tried: '/Users/amitkallapa/LMS/.ralph/venv/lib/python3.11/site-packages/_cffi_backend.cpython-311-darwin.so' (mach-o file, but is an incompatible architecture (have 'arm64', need 'x86_64')), '/System/Volumes/Preboot/Cryptexes/OS/Users/amitkallapa/LMS/.ralph/venv/lib/python3.11/site-packages/_cffi_backend.cpython-311-darwin.so' (no such file), '/Users/amitkallapa/LMS/.ralph/venv/lib/python3.11/site-packages/_cffi_backend.cpython-311-darwin.so' (mach-o file, but is an incompatible architecture (have 'arm64', need 'x86_64'))
Process SpawnPoolWorker-114:
Traceback (most recent call last):
  File "/Library/Frameworks/Python.framework/Versions/3.11/lib/python3.11/multiprocessing/process.py", line 314, in _bootstrap
    self.run()
  File "/Library/Frameworks/Python.framework/Versions/3.11/lib/python3.11/multiprocessing/process.py", line 108, in run
    self._target(*self._args, **self._kwargs)
  File "/Library/Frameworks/Python.framework/Versions/3.11/lib/python3.11/multiprocessing/pool.py", line 109, in worker
    initializer(*initargs)
  File "/Users/amitkallapa/LMS/.ralph/venv/lib/python3.11/site-packages/django/test/runner.py", line 431, in _init_worker
    django.setup()
  File "/Users/amitkallapa/LMS/.ralph/venv/lib/python3.11/site-packages/django/__init__.py", line 24, in setup
    apps.populate(settings.INSTALLED_APPS)
  File "/Users/amitkallapa/LMS/.ralph/venv/lib/python3.11/site-packages/django/apps/registry.py", line 124, in populate
    app_config.ready()
  File "/Users/amitkallapa/LMS/.ralph/worktrees/2026-07-25_074057_normal_run/sfpcl_credit/compliance/apps.py", line 9, in ready
    from sfpcl_credit.compliance.search_facade import search_compliance_records
  File "/Users/amitkallapa/LMS/.ralph/worktrees/2026-07-25_074057_normal_run/sfpcl_credit/compliance/search_facade.py", line 4, in <module>
    from sfpcl_credit.compliance.modules import compliance_control_tracker
  File "/Users/amitkallapa/LMS/.ralph/worktrees/2026-07-25_074057_normal_run/sfpcl_credit/compliance/modules/compliance_control_tracker.py", line 14, in <module>
    from sfpcl_credit.identity.modules import auth_service
  File "/Users/amitkallapa/LMS/.ralph/worktrees/2026-07-25_074057_normal_run/sfpcl_credit/identity/modules/auth_service.py", line 18, in <module>
    from sfpcl_credit.identity.modules.tokens import (
  File "/Users/amitkallapa/LMS/.ralph/worktrees/2026-07-25_074057_normal_run/sfpcl_credit/identity/modules/tokens.py", line 13, in <module>
    import jwt
  File "/Users/amitkallapa/LMS/.ralph/venv/lib/python3.11/site-packages/jwt/__init__.py", line 1, in <module>
    from .api_jwk import PyJWK, PyJWKSet
  File "/Users/amitkallapa/LMS/.ralph/venv/lib/python3.11/site-packages/jwt/api_jwk.py", line 7, in <module>
    from .algorithms import get_default_algorithms, has_crypto, requires_cryptography
  File "/Users/amitkallapa/LMS/.ralph/venv/lib/python3.11/site-packages/jwt/algorithms.py", line 11, in <module>
    from .utils import (
  File "/Users/amitkallapa/LMS/.ralph/venv/lib/python3.11/site-packages/jwt/utils.py", line 7, in <module>
    from cryptography.hazmat.primitives.asymmetric.ec import EllipticCurve
  File "/Users/amitkallapa/LMS/.ralph/venv/lib/python3.11/site-packages/cryptography/hazmat/primitives/asymmetric/ec.py", line 11, in <module>
    from cryptography.exceptions import UnsupportedAlgorithm, _Reasons
  File "/Users/amitkallapa/LMS/.ralph/venv/lib/python3.11/site-packages/cryptography/exceptions.py", line 9, in <module>
    from cryptography.hazmat.bindings._rust import exceptions as rust_exceptions
ImportError: dlopen(/Users/amitkallapa/LMS/.ralph/venv/lib/python3.11/site-packages/_cffi_backend.cpython-311-darwin.so, 0x0002): tried: '/Users/amitkallapa/LMS/.ralph/venv/lib/python3.11/site-packages/_cffi_backend.cpython-311-darwin.so' (mach-o file, but is an incompatible architecture (have 'arm64', need 'x86_64')), '/System/Volumes/Preboot/Cryptexes/OS/Users/amitkallapa/LMS/.ralph/venv/lib/python3.11/site-packages/_cffi_backend.cpython-311-darwin.so' (no such file), '/Users/amitkallapa/LMS/.ralph/venv/lib/python3.11/site-packages/_cffi_backend.cpython-311-darwin.so' (mach-o file, but is an incompatible architecture (have 'arm64', need 'x86_64'))
Process SpawnPoolWorker-115:
Traceback (most recent call last):
  File "/Library/Frameworks/Python.framework/Versions/3.11/lib/python3.11/multiprocessing/process.py", line 314, in _bootstrap
    self.run()
  File "/Library/Frameworks/Python.framework/Versions/3.11/lib/python3.11/multiprocessing/process.py", line 108, in run
    self._target(*self._args, **self._kwargs)
  File "/Library/Frameworks/Python.framework/Versions/3.11/lib/python3.11/multiprocessing/pool.py", line 109, in worker
    initializer(*initargs)
  File "/Users/amitkallapa/LMS/.ralph/venv/lib/python3.11/site-packages/django/test/runner.py", line 431, in _init_worker
    django.setup()
  File "/Users/amitkallapa/LMS/.ralph/venv/lib/python3.11/site-packages/django/__init__.py", line 24, in setup
    apps.populate(settings.INSTALLED_APPS)
  File "/Users/amitkallapa/LMS/.ralph/venv/lib/python3.11/site-packages/django/apps/registry.py", line 124, in populate
    app_config.ready()
  File "/Users/amitkallapa/LMS/.ralph/worktrees/2026-07-25_074057_normal_run/sfpcl_credit/compliance/apps.py", line 9, in ready
    from sfpcl_credit.compliance.search_facade import search_compliance_records
  File "/Users/amitkallapa/LMS/.ralph/worktrees/2026-07-25_074057_normal_run/sfpcl_credit/compliance/search_facade.py", line 4, in <module>
    from sfpcl_credit.compliance.modules import compliance_control_tracker
  File "/Users/amitkallapa/LMS/.ralph/worktrees/2026-07-25_074057_normal_run/sfpcl_credit/compliance/modules/compliance_control_tracker.py", line 14, in <module>
    from sfpcl_credit.identity.modules import auth_service
  File "/Users/amitkallapa/LMS/.ralph/worktrees/2026-07-25_074057_normal_run/sfpcl_credit/identity/modules/auth_service.py", line 18, in <module>
    from sfpcl_credit.identity.modules.tokens import (
  File "/Users/amitkallapa/LMS/.ralph/worktrees/2026-07-25_074057_normal_run/sfpcl_credit/identity/modules/tokens.py", line 13, in <module>
    import jwt
  File "/Users/amitkallapa/LMS/.ralph/venv/lib/python3.11/site-packages/jwt/__init__.py", line 1, in <module>
    from .api_jwk import PyJWK, PyJWKSet
  File "/Users/amitkallapa/LMS/.ralph/venv/lib/python3.11/site-packages/jwt/api_jwk.py", line 7, in <module>
    from .algorithms import get_default_algorithms, has_crypto, requires_cryptography
  File "/Users/amitkallapa/LMS/.ralph/venv/lib/python3.11/site-packages/jwt/algorithms.py", line 11, in <module>
    from .utils import (
  File "/Users/amitkallapa/LMS/.ralph/venv/lib/python3.11/site-packages/jwt/utils.py", line 7, in <module>
    from cryptography.hazmat.primitives.asymmetric.ec import EllipticCurve
  File "/Users/amitkallapa/LMS/.ralph/venv/lib/python3.11/site-packages/cryptography/hazmat/primitives/asymmetric/ec.py", line 11, in <module>
    from cryptography.exceptions import UnsupportedAlgorithm, _Reasons
  File "/Users/amitkallapa/LMS/.ralph/venv/lib/python3.11/site-packages/cryptography/exceptions.py", line 9, in <module>
    from cryptography.hazmat.bindings._rust import exceptions as rust_exceptions
ImportError: dlopen(/Users/amitkallapa/LMS/.ralph/venv/lib/python3.11/site-packages/_cffi_backend.cpython-311-darwin.so, 0x0002): tried: '/Users/amitkallapa/LMS/.ralph/venv/lib/python3.11/site-packages/_cffi_backend.cpython-311-darwin.so' (mach-o file, but is an incompatible architecture (have 'arm64', need 'x86_64')), '/System/Volumes/Preboot/Cryptexes/OS/Users/amitkallapa/LMS/.ralph/venv/lib/python3.11/site-packages/_cffi_backend.cpython-311-darwin.so' (no such file), '/Users/amitkallapa/LMS/.ralph/venv/lib/python3.11/site-packages/_cffi_backend.cpython-311-darwin.so' (mach-o file, but is an incompatible architecture (have 'arm64', need 'x86_64'))
Process SpawnPoolWorker-116:
Traceback (most recent call last):
  File "/Library/Frameworks/Python.framework/Versions/3.11/lib/python3.11/multiprocessing/process.py", line 314, in _bootstrap
    self.run()
  File "/Library/Frameworks/Python.framework/Versions/3.11/lib/python3.11/multiprocessing/process.py", line 108, in run
    self._target(*self._args, **self._kwargs)
  File "/Library/Frameworks/Python.framework/Versions/3.11/lib/python3.11/multiprocessing/pool.py", line 109, in worker
    initializer(*initargs)
  File "/Users/amitkallapa/LMS/.ralph/venv/lib/python3.11/site-packages/django/test/runner.py", line 431, in _init_worker
    django.setup()
  File "/Users/amitkallapa/LMS/.ralph/venv/lib/python3.11/site-packages/django/__init__.py", line 24, in setup
    apps.populate(settings.INSTALLED_APPS)
  File "/Users/amitkallapa/LMS/.ralph/venv/lib/python3.11/site-packages/django/apps/registry.py", line 124, in populate
    app_config.ready()
  File "/Users/amitkallapa/LMS/.ralph/worktrees/2026-07-25_074057_normal_run/sfpcl_credit/compliance/apps.py", line 9, in ready
    from sfpcl_credit.compliance.search_facade import search_compliance_records
  File "/Users/amitkallapa/LMS/.ralph/worktrees/2026-07-25_074057_normal_run/sfpcl_credit/compliance/search_facade.py", line 4, in <module>
    from sfpcl_credit.compliance.modules import compliance_control_tracker
  File "/Users/amitkallapa/LMS/.ralph/worktrees/2026-07-25_074057_normal_run/sfpcl_credit/compliance/modules/compliance_control_tracker.py", line 14, in <module>
    from sfpcl_credit.identity.modules import auth_service
  File "/Users/amitkallapa/LMS/.ralph/worktrees/2026-07-25_074057_normal_run/sfpcl_credit/identity/modules/auth_service.py", line 18, in <module>
    from sfpcl_credit.identity.modules.tokens import (
  File "/Users/amitkallapa/LMS/.ralph/worktrees/2026-07-25_074057_normal_run/sfpcl_credit/identity/modules/tokens.py", line 13, in <module>
    import jwt
  File "/Users/amitkallapa/LMS/.ralph/venv/lib/python3.11/site-packages/jwt/__init__.py", line 1, in <module>
    from .api_jwk import PyJWK, PyJWKSet
  File "/Users/amitkallapa/LMS/.ralph/venv/lib/python3.11/site-packages/jwt/api_jwk.py", line 7, in <module>
    from .algorithms import get_default_algorithms, has_crypto, requires_cryptography
  File "/Users/amitkallapa/LMS/.ralph/venv/lib/python3.11/site-packages/jwt/algorithms.py", line 11, in <module>
    from .utils import (
  File "/Users/amitkallapa/LMS/.ralph/venv/lib/python3.11/site-packages/jwt/utils.py", line 7, in <module>
    from cryptography.hazmat.primitives.asymmetric.ec import EllipticCurve
  File "/Users/amitkallapa/LMS/.ralph/venv/lib/python3.11/site-packages/cryptography/hazmat/primitives/asymmetric/ec.py", line 11, in <module>
    from cryptography.exceptions import UnsupportedAlgorithm, _Reasons
  File "/Users/amitkallapa/LMS/.ralph/venv/lib/python3.11/site-packages/cryptography/exceptions.py", line 9, in <module>
    from cryptography.hazmat.bindings._rust import exceptions as rust_exceptions
ImportError: dlopen(/Users/amitkallapa/LMS/.ralph/venv/lib/python3.11/site-packages/_cffi_backend.cpython-311-darwin.so, 0x0002): tried: '/Users/amitkallapa/LMS/.ralph/venv/lib/python3.11/site-packages/_cffi_backend.cpython-311-darwin.so' (mach-o file, but is an incompatible architecture (have 'arm64', need 'x86_64')), '/System/Volumes/Preboot/Cryptexes/OS/Users/amitkallapa/LMS/.ralph/venv/lib/python3.11/site-packages/_cffi_backend.cpython-311-darwin.so' (no such file), '/Users/amitkallapa/LMS/.ralph/venv/lib/python3.11/site-packages/_cffi_backend.cpython-311-darwin.so' (mach-o file, but is an incompatible architecture (have 'arm64', need 'x86_64'))
Process SpawnPoolWorker-117:
Traceback (most recent call last):
  File "/Library/Frameworks/Python.framework/Versions/3.11/lib/python3.11/multiprocessing/process.py", line 314, in _bootstrap
    self.run()
  File "/Library/Frameworks/Python.framework/Versions/3.11/lib/python3.11/multiprocessing/process.py", line 108, in run
    self._target(*self._args, **self._kwargs)
  File "/Library/Frameworks/Python.framework/Versions/3.11/lib/python3.11/multiprocessing/pool.py", line 109, in worker
    initializer(*initargs)
  File "/Users/amitkallapa/LMS/.ralph/venv/lib/python3.11/site-packages/django/test/runner.py", line 431, in _init_worker
    django.setup()
  File "/Users/amitkallapa/LMS/.ralph/venv/lib/python3.11/site-packages/django/__init__.py", line 24, in setup
    apps.populate(settings.INSTALLED_APPS)
  File "/Users/amitkallapa/LMS/.ralph/venv/lib/python3.11/site-packages/django/apps/registry.py", line 124, in populate
    app_config.ready()
  File "/Users/amitkallapa/LMS/.ralph/worktrees/2026-07-25_074057_normal_run/sfpcl_credit/compliance/apps.py", line 9, in ready
    from sfpcl_credit.compliance.search_facade import search_compliance_records
  File "/Users/amitkallapa/LMS/.ralph/worktrees/2026-07-25_074057_normal_run/sfpcl_credit/compliance/search_facade.py", line 4, in <module>
    from sfpcl_credit.compliance.modules import compliance_control_tracker
  File "/Users/amitkallapa/LMS/.ralph/worktrees/2026-07-25_074057_normal_run/sfpcl_credit/compliance/modules/compliance_control_tracker.py", line 14, in <module>
    from sfpcl_credit.identity.modules import auth_service
  File "/Users/amitkallapa/LMS/.ralph/worktrees/2026-07-25_074057_normal_run/sfpcl_credit/identity/modules/auth_service.py", line 18, in <module>
    from sfpcl_credit.identity.modules.tokens import (
  File "/Users/amitkallapa/LMS/.ralph/worktrees/2026-07-25_074057_normal_run/sfpcl_credit/identity/modules/tokens.py", line 13, in <module>
    import jwt
  File "/Users/amitkallapa/LMS/.ralph/venv/lib/python3.11/site-packages/jwt/__init__.py", line 1, in <module>
    from .api_jwk import PyJWK, PyJWKSet
  File "/Users/amitkallapa/LMS/.ralph/venv/lib/python3.11/site-packages/jwt/api_jwk.py", line 7, in <module>
    from .algorithms import get_default_algorithms, has_crypto, requires_cryptography
  File "/Users/amitkallapa/LMS/.ralph/venv/lib/python3.11/site-packages/jwt/algorithms.py", line 11, in <module>
    from .utils import (
  File "/Users/amitkallapa/LMS/.ralph/venv/lib/python3.11/site-packages/jwt/utils.py", line 7, in <module>
    from cryptography.hazmat.primitives.asymmetric.ec import EllipticCurve
  File "/Users/amitkallapa/LMS/.ralph/venv/lib/python3.11/site-packages/cryptography/hazmat/primitives/asymmetric/ec.py", line 11, in <module>
    from cryptography.exceptions import UnsupportedAlgorithm, _Reasons
  File "/Users/amitkallapa/LMS/.ralph/venv/lib/python3.11/site-packages/cryptography/exceptions.py", line 9, in <module>
    from cryptography.hazmat.bindings._rust import exceptions as rust_exceptions
ImportError: dlopen(/Users/amitkallapa/LMS/.ralph/venv/lib/python3.11/site-packages/_cffi_backend.cpython-311-darwin.so, 0x0002): tried: '/Users/amitkallapa/LMS/.ralph/venv/lib/python3.11/site-packages/_cffi_backend.cpython-311-darwin.so' (mach-o file, but is an incompatible architecture (have 'arm64', need 'x86_64')), '/System/Volumes/Preboot/Cryptexes/OS/Users/amitkallapa/LMS/.ralph/venv/lib/python3.11/site-packages/_cffi_backend.cpython-311-darwin.so' (no such file), '/Users/amitkallapa/LMS/.ralph/venv/lib/python3.11/site-packages/_cffi_backend.cpython-311-darwin.so' (mach-o file, but is an incompatible architecture (have 'arm64', need 'x86_64'))
Process SpawnPoolWorker-118:
Traceback (most recent call last):
  File "/Library/Frameworks/Python.framework/Versions/3.11/lib/python3.11/multiprocessing/process.py", line 314, in _bootstrap
    self.run()
  File "/Library/Frameworks/Python.framework/Versions/3.11/lib/python3.11/multiprocessing/process.py", line 108, in run
    self._target(*self._args, **self._kwargs)
  File "/Library/Frameworks/Python.framework/Versions/3.11/lib/python3.11/multiprocessing/pool.py", line 109, in worker
    initializer(*initargs)
  File "/Users/amitkallapa/LMS/.ralph/venv/lib/python3.11/site-packages/django/test/runner.py", line 431, in _init_worker
    django.setup()
  File "/Users/amitkallapa/LMS/.ralph/venv/lib/python3.11/site-packages/django/__init__.py", line 24, in setup
    apps.populate(settings.INSTALLED_APPS)
  File "/Users/amitkallapa/LMS/.ralph/venv/lib/python3.11/site-packages/django/apps/registry.py", line 124, in populate
    app_config.ready()
  File "/Users/amitkallapa/LMS/.ralph/worktrees/2026-07-25_074057_normal_run/sfpcl_credit/compliance/apps.py", line 9, in ready
    from sfpcl_credit.compliance.search_facade import search_compliance_records
  File "/Users/amitkallapa/LMS/.ralph/worktrees/2026-07-25_074057_normal_run/sfpcl_credit/compliance/search_facade.py", line 4, in <module>
    from sfpcl_credit.compliance.modules import compliance_control_tracker
  File "/Users/amitkallapa/LMS/.ralph/worktrees/2026-07-25_074057_normal_run/sfpcl_credit/compliance/modules/compliance_control_tracker.py", line 14, in <module>
    from sfpcl_credit.identity.modules import auth_service
  File "/Users/amitkallapa/LMS/.ralph/worktrees/2026-07-25_074057_normal_run/sfpcl_credit/identity/modules/auth_service.py", line 18, in <module>
    from sfpcl_credit.identity.modules.tokens import (
  File "/Users/amitkallapa/LMS/.ralph/worktrees/2026-07-25_074057_normal_run/sfpcl_credit/identity/modules/tokens.py", line 13, in <module>
    import jwt
  File "/Users/amitkallapa/LMS/.ralph/venv/lib/python3.11/site-packages/jwt/__init__.py", line 1, in <module>
    from .api_jwk import PyJWK, PyJWKSet
  File "/Users/amitkallapa/LMS/.ralph/venv/lib/python3.11/site-packages/jwt/api_jwk.py", line 7, in <module>
    from .algorithms import get_default_algorithms, has_crypto, requires_cryptography
  File "/Users/amitkallapa/LMS/.ralph/venv/lib/python3.11/site-packages/jwt/algorithms.py", line 11, in <module>
    from .utils import (
  File "/Users/amitkallapa/LMS/.ralph/venv/lib/python3.11/site-packages/jwt/utils.py", line 7, in <module>
    from cryptography.hazmat.primitives.asymmetric.ec import EllipticCurve
  File "/Users/amitkallapa/LMS/.ralph/venv/lib/python3.11/site-packages/cryptography/hazmat/primitives/asymmetric/ec.py", line 11, in <module>
    from cryptography.exceptions import UnsupportedAlgorithm, _Reasons
  File "/Users/amitkallapa/LMS/.ralph/venv/lib/python3.11/site-packages/cryptography/exceptions.py", line 9, in <module>
    from cryptography.hazmat.bindings._rust import exceptions as rust_exceptions
ImportError: dlopen(/Users/amitkallapa/LMS/.ralph/venv/lib/python3.11/site-packages/_cffi_backend.cpython-311-darwin.so, 0x0002): tried: '/Users/amitkallapa/LMS/.ralph/venv/lib/python3.11/site-packages/_cffi_backend.cpython-311-darwin.so' (mach-o file, but is an incompatible architecture (have 'arm64', need 'x86_64')), '/System/Volumes/Preboot/Cryptexes/OS/Users/amitkallapa/LMS/.ralph/venv/lib/python3.11/site-packages/_cffi_backend.cpython-311-darwin.so' (no such file), '/Users/amitkallapa/LMS/.ralph/venv/lib/python3.11/site-packages/_cffi_backend.cpython-311-darwin.so' (mach-o file, but is an incompatible architecture (have 'arm64', need 'x86_64'))
Process SpawnPoolWorker-119:
Traceback (most recent call last):
  File "/Library/Frameworks/Python.framework/Versions/3.11/lib/python3.11/multiprocessing/process.py", line 314, in _bootstrap
    self.run()
  File "/Library/Frameworks/Python.framework/Versions/3.11/lib/python3.11/multiprocessing/process.py", line 108, in run
    self._target(*self._args, **self._kwargs)
  File "/Library/Frameworks/Python.framework/Versions/3.11/lib/python3.11/multiprocessing/pool.py", line 109, in worker
    initializer(*initargs)
  File "/Users/amitkallapa/LMS/.ralph/venv/lib/python3.11/site-packages/django/test/runner.py", line 431, in _init_worker
    django.setup()
  File "/Users/amitkallapa/LMS/.ralph/venv/lib/python3.11/site-packages/django/__init__.py", line 24, in setup
    apps.populate(settings.INSTALLED_APPS)
  File "/Users/amitkallapa/LMS/.ralph/venv/lib/python3.11/site-packages/django/apps/registry.py", line 124, in populate
    app_config.ready()
  File "/Users/amitkallapa/LMS/.ralph/worktrees/2026-07-25_074057_normal_run/sfpcl_credit/compliance/apps.py", line 9, in ready
    from sfpcl_credit.compliance.search_facade import search_compliance_records
  File "/Users/amitkallapa/LMS/.ralph/worktrees/2026-07-25_074057_normal_run/sfpcl_credit/compliance/search_facade.py", line 4, in <module>
    from sfpcl_credit.compliance.modules import compliance_control_tracker
  File "/Users/amitkallapa/LMS/.ralph/worktrees/2026-07-25_074057_normal_run/sfpcl_credit/compliance/modules/compliance_control_tracker.py", line 14, in <module>
    from sfpcl_credit.identity.modules import auth_service
  File "/Users/amitkallapa/LMS/.ralph/worktrees/2026-07-25_074057_normal_run/sfpcl_credit/identity/modules/auth_service.py", line 18, in <module>
    from sfpcl_credit.identity.modules.tokens import (
  File "/Users/amitkallapa/LMS/.ralph/worktrees/2026-07-25_074057_normal_run/sfpcl_credit/identity/modules/tokens.py", line 13, in <module>
    import jwt
  File "/Users/amitkallapa/LMS/.ralph/venv/lib/python3.11/site-packages/jwt/__init__.py", line 1, in <module>
    from .api_jwk import PyJWK, PyJWKSet
  File "/Users/amitkallapa/LMS/.ralph/venv/lib/python3.11/site-packages/jwt/api_jwk.py", line 7, in <module>
    from .algorithms import get_default_algorithms, has_crypto, requires_cryptography
  File "/Users/amitkallapa/LMS/.ralph/venv/lib/python3.11/site-packages/jwt/algorithms.py", line 11, in <module>
    from .utils import (
  File "/Users/amitkallapa/LMS/.ralph/venv/lib/python3.11/site-packages/jwt/utils.py", line 7, in <module>
    from cryptography.hazmat.primitives.asymmetric.ec import EllipticCurve
  File "/Users/amitkallapa/LMS/.ralph/venv/lib/python3.11/site-packages/cryptography/hazmat/primitives/asymmetric/ec.py", line 11, in <module>
    from cryptography.exceptions import UnsupportedAlgorithm, _Reasons
  File "/Users/amitkallapa/LMS/.ralph/venv/lib/python3.11/site-packages/cryptography/exceptions.py", line 9, in <module>
    from cryptography.hazmat.bindings._rust import exceptions as rust_exceptions
ImportError: dlopen(/Users/amitkallapa/LMS/.ralph/venv/lib/python3.11/site-packages/_cffi_backend.cpython-311-darwin.so, 0x0002): tried: '/Users/amitkallapa/LMS/.ralph/venv/lib/python3.11/site-packages/_cffi_backend.cpython-311-darwin.so' (mach-o file, but is an incompatible architecture (have 'arm64', need 'x86_64')), '/System/Volumes/Preboot/Cryptexes/OS/Users/amitkallapa/LMS/.ralph/venv/lib/python3.11/site-packages/_cffi_backend.cpython-311-darwin.so' (no such file), '/Users/amitkallapa/LMS/.ralph/venv/lib/python3.11/site-packages/_cffi_backend.cpython-311-darwin.so' (mach-o file, but is an incompatible architecture (have 'arm64', need 'x86_64'))
Process SpawnPoolWorker-120:
Traceback (most recent call last):
  File "/Library/Frameworks/Python.framework/Versions/3.11/lib/python3.11/multiprocessing/process.py", line 314, in _bootstrap
    self.run()
  File "/Library/Frameworks/Python.framework/Versions/3.11/lib/python3.11/multiprocessing/process.py", line 108, in run
    self._target(*self._args, **self._kwargs)
  File "/Library/Frameworks/Python.framework/Versions/3.11/lib/python3.11/multiprocessing/pool.py", line 109, in worker
    initializer(*initargs)
  File "/Users/amitkallapa/LMS/.ralph/venv/lib/python3.11/site-packages/django/test/runner.py", line 431, in _init_worker
    django.setup()
  File "/Users/amitkallapa/LMS/.ralph/venv/lib/python3.11/site-packages/django/__init__.py", line 24, in setup
    apps.populate(settings.INSTALLED_APPS)
  File "/Users/amitkallapa/LMS/.ralph/venv/lib/python3.11/site-packages/django/apps/registry.py", line 124, in populate
    app_config.ready()
  File "/Users/amitkallapa/LMS/.ralph/worktrees/2026-07-25_074057_normal_run/sfpcl_credit/compliance/apps.py", line 9, in ready
    from sfpcl_credit.compliance.search_facade import search_compliance_records
  File "/Users/amitkallapa/LMS/.ralph/worktrees/2026-07-25_074057_normal_run/sfpcl_credit/compliance/search_facade.py", line 4, in <module>
    from sfpcl_credit.compliance.modules import compliance_control_tracker
  File "/Users/amitkallapa/LMS/.ralph/worktrees/2026-07-25_074057_normal_run/sfpcl_credit/compliance/modules/compliance_control_tracker.py", line 14, in <module>
    from sfpcl_credit.identity.modules import auth_service
  File "/Users/amitkallapa/LMS/.ralph/worktrees/2026-07-25_074057_normal_run/sfpcl_credit/identity/modules/auth_service.py", line 18, in <module>
    from sfpcl_credit.identity.modules.tokens import (
  File "/Users/amitkallapa/LMS/.ralph/worktrees/2026-07-25_074057_normal_run/sfpcl_credit/identity/modules/tokens.py", line 13, in <module>
    import jwt
  File "/Users/amitkallapa/LMS/.ralph/venv/lib/python3.11/site-packages/jwt/__init__.py", line 1, in <module>
    from .api_jwk import PyJWK, PyJWKSet
  File "/Users/amitkallapa/LMS/.ralph/venv/lib/python3.11/site-packages/jwt/api_jwk.py", line 7, in <module>
    from .algorithms import get_default_algorithms, has_crypto, requires_cryptography
  File "/Users/amitkallapa/LMS/.ralph/venv/lib/python3.11/site-packages/jwt/algorithms.py", line 11, in <module>
    from .utils import (
  File "/Users/amitkallapa/LMS/.ralph/venv/lib/python3.11/site-packages/jwt/utils.py", line 7, in <module>
    from cryptography.hazmat.primitives.asymmetric.ec import EllipticCurve
  File "/Users/amitkallapa/LMS/.ralph/venv/lib/python3.11/site-packages/cryptography/hazmat/primitives/asymmetric/ec.py", line 11, in <module>
    from cryptography.exceptions import UnsupportedAlgorithm, _Reasons
  File "/Users/amitkallapa/LMS/.ralph/venv/lib/python3.11/site-packages/cryptography/exceptions.py", line 9, in <module>
    from cryptography.hazmat.bindings._rust import exceptions as rust_exceptions
ImportError: dlopen(/Users/amitkallapa/LMS/.ralph/venv/lib/python3.11/site-packages/_cffi_backend.cpython-311-darwin.so, 0x0002): tried: '/Users/amitkallapa/LMS/.ralph/venv/lib/python3.11/site-packages/_cffi_backend.cpython-311-darwin.so' (mach-o file, but is an incompatible architecture (have 'arm64', need 'x86_64')), '/System/Volumes/Preboot/Cryptexes/OS/Users/amitkallapa/LMS/.ralph/venv/lib/python3.11/site-packages/_cffi_backend.cpython-311-darwin.so' (no such file), '/Users/amitkallapa/LMS/.ralph/venv/lib/python3.11/site-packages/_cffi_backend.cpython-311-darwin.so' (mach-o file, but is an incompatible architecture (have 'arm64', need 'x86_64'))
Process SpawnPoolWorker-121:
Traceback (most recent call last):
  File "/Library/Frameworks/Python.framework/Versions/3.11/lib/python3.11/multiprocessing/process.py", line 314, in _bootstrap
    self.run()
  File "/Library/Frameworks/Python.framework/Versions/3.11/lib/python3.11/multiprocessing/process.py", line 108, in run
    self._target(*self._args, **self._kwargs)
  File "/Library/Frameworks/Python.framework/Versions/3.11/lib/python3.11/multiprocessing/pool.py", line 109, in worker
    initializer(*initargs)
  File "/Users/amitkallapa/LMS/.ralph/venv/lib/python3.11/site-packages/django/test/runner.py", line 431, in _init_worker
    django.setup()
  File "/Users/amitkallapa/LMS/.ralph/venv/lib/python3.11/site-packages/django/__init__.py", line 24, in setup
    apps.populate(settings.INSTALLED_APPS)
  File "/Users/amitkallapa/LMS/.ralph/venv/lib/python3.11/site-packages/django/apps/registry.py", line 124, in populate
    app_config.ready()
  File "/Users/amitkallapa/LMS/.ralph/worktrees/2026-07-25_074057_normal_run/sfpcl_credit/compliance/apps.py", line 9, in ready
    from sfpcl_credit.compliance.search_facade import search_compliance_records
  File "/Users/amitkallapa/LMS/.ralph/worktrees/2026-07-25_074057_normal_run/sfpcl_credit/compliance/search_facade.py", line 4, in <module>
    from sfpcl_credit.compliance.modules import compliance_control_tracker
  File "/Users/amitkallapa/LMS/.ralph/worktrees/2026-07-25_074057_normal_run/sfpcl_credit/compliance/modules/compliance_control_tracker.py", line 14, in <module>
    from sfpcl_credit.identity.modules import auth_service
  File "/Users/amitkallapa/LMS/.ralph/worktrees/2026-07-25_074057_normal_run/sfpcl_credit/identity/modules/auth_service.py", line 18, in <module>
    from sfpcl_credit.identity.modules.tokens import (
  File "/Users/amitkallapa/LMS/.ralph/worktrees/2026-07-25_074057_normal_run/sfpcl_credit/identity/modules/tokens.py", line 13, in <module>
    import jwt
  File "/Users/amitkallapa/LMS/.ralph/venv/lib/python3.11/site-packages/jwt/__init__.py", line 1, in <module>
    from .api_jwk import PyJWK, PyJWKSet
  File "/Users/amitkallapa/LMS/.ralph/venv/lib/python3.11/site-packages/jwt/api_jwk.py", line 7, in <module>
    from .algorithms import get_default_algorithms, has_crypto, requires_cryptography
  File "/Users/amitkallapa/LMS/.ralph/venv/lib/python3.11/site-packages/jwt/algorithms.py", line 11, in <module>
    from .utils import (
  File "/Users/amitkallapa/LMS/.ralph/venv/lib/python3.11/site-packages/jwt/utils.py", line 7, in <module>
    from cryptography.hazmat.primitives.asymmetric.ec import EllipticCurve
  File "/Users/amitkallapa/LMS/.ralph/venv/lib/python3.11/site-packages/cryptography/hazmat/primitives/asymmetric/ec.py", line 11, in <module>
    from cryptography.exceptions import UnsupportedAlgorithm, _Reasons
  File "/Users/amitkallapa/LMS/.ralph/venv/lib/python3.11/site-packages/cryptography/exceptions.py", line 9, in <module>
    from cryptography.hazmat.bindings._rust import exceptions as rust_exceptions
ImportError: dlopen(/Users/amitkallapa/LMS/.ralph/venv/lib/python3.11/site-packages/_cffi_backend.cpython-311-darwin.so, 0x0002): tried: '/Users/amitkallapa/LMS/.ralph/venv/lib/python3.11/site-packages/_cffi_backend.cpython-311-darwin.so' (mach-o file, but is an incompatible architecture (have 'arm64', need 'x86_64')), '/System/Volumes/Preboot/Cryptexes/OS/Users/amitkallapa/LMS/.ralph/venv/lib/python3.11/site-packages/_cffi_backend.cpython-311-darwin.so' (no such file), '/Users/amitkallapa/LMS/.ralph/venv/lib/python3.11/site-packages/_cffi_backend.cpython-311-darwin.so' (mach-o file, but is an incompatible architecture (have 'arm64', need 'x86_64'))
Process SpawnPoolWorker-122:
Traceback (most recent call last):
  File "/Library/Frameworks/Python.framework/Versions/3.11/lib/python3.11/multiprocessing/process.py", line 314, in _bootstrap
    self.run()
  File "/Library/Frameworks/Python.framework/Versions/3.11/lib/python3.11/multiprocessing/process.py", line 108, in run
    self._target(*self._args, **self._kwargs)
  File "/Library/Frameworks/Python.framework/Versions/3.11/lib/python3.11/multiprocessing/pool.py", line 109, in worker
    initializer(*initargs)
  File "/Users/amitkallapa/LMS/.ralph/venv/lib/python3.11/site-packages/django/test/runner.py", line 431, in _init_worker
    django.setup()
  File "/Users/amitkallapa/LMS/.ralph/venv/lib/python3.11/site-packages/django/__init__.py", line 24, in setup
    apps.populate(settings.INSTALLED_APPS)
  File "/Users/amitkallapa/LMS/.ralph/venv/lib/python3.11/site-packages/django/apps/registry.py", line 124, in populate
    app_config.ready()
  File "/Users/amitkallapa/LMS/.ralph/worktrees/2026-07-25_074057_normal_run/sfpcl_credit/compliance/apps.py", line 9, in ready
    from sfpcl_credit.compliance.search_facade import search_compliance_records
  File "/Users/amitkallapa/LMS/.ralph/worktrees/2026-07-25_074057_normal_run/sfpcl_credit/compliance/search_facade.py", line 4, in <module>
    from sfpcl_credit.compliance.modules import compliance_control_tracker
  File "/Users/amitkallapa/LMS/.ralph/worktrees/2026-07-25_074057_normal_run/sfpcl_credit/compliance/modules/compliance_control_tracker.py", line 14, in <module>
    from sfpcl_credit.identity.modules import auth_service
  File "/Users/amitkallapa/LMS/.ralph/worktrees/2026-07-25_074057_normal_run/sfpcl_credit/identity/modules/auth_service.py", line 18, in <module>
    from sfpcl_credit.identity.modules.tokens import (
  File "/Users/amitkallapa/LMS/.ralph/worktrees/2026-07-25_074057_normal_run/sfpcl_credit/identity/modules/tokens.py", line 13, in <module>
    import jwt
  File "/Users/amitkallapa/LMS/.ralph/venv/lib/python3.11/site-packages/jwt/__init__.py", line 1, in <module>
    from .api_jwk import PyJWK, PyJWKSet
  File "/Users/amitkallapa/LMS/.ralph/venv/lib/python3.11/site-packages/jwt/api_jwk.py", line 7, in <module>
    from .algorithms import get_default_algorithms, has_crypto, requires_cryptography
  File "/Users/amitkallapa/LMS/.ralph/venv/lib/python3.11/site-packages/jwt/algorithms.py", line 11, in <module>
    from .utils import (
  File "/Users/amitkallapa/LMS/.ralph/venv/lib/python3.11/site-packages/jwt/utils.py", line 7, in <module>
    from cryptography.hazmat.primitives.asymmetric.ec import EllipticCurve
  File "/Users/amitkallapa/LMS/.ralph/venv/lib/python3.11/site-packages/cryptography/hazmat/primitives/asymmetric/ec.py", line 11, in <module>
    from cryptography.exceptions import UnsupportedAlgorithm, _Reasons
  File "/Users/amitkallapa/LMS/.ralph/venv/lib/python3.11/site-packages/cryptography/exceptions.py", line 9, in <module>
    from cryptography.hazmat.bindings._rust import exceptions as rust_exceptions
ImportError: dlopen(/Users/amitkallapa/LMS/.ralph/venv/lib/python3.11/site-packages/_cffi_backend.cpython-311-darwin.so, 0x0002): tried: '/Users/amitkallapa/LMS/.ralph/venv/lib/python3.11/site-packages/_cffi_backend.cpython-311-darwin.so' (mach-o file, but is an incompatible architecture (have 'arm64', need 'x86_64')), '/System/Volumes/Preboot/Cryptexes/OS/Users/amitkallapa/LMS/.ralph/venv/lib/python3.11/site-packages/_cffi_backend.cpython-311-darwin.so' (no such file), '/Users/amitkallapa/LMS/.ralph/venv/lib/python3.11/site-packages/_cffi_backend.cpython-311-darwin.so' (mach-o file, but is an incompatible architecture (have 'arm64', need 'x86_64'))
Process SpawnPoolWorker-123:
Traceback (most recent call last):
  File "/Library/Frameworks/Python.framework/Versions/3.11/lib/python3.11/multiprocessing/process.py", line 314, in _bootstrap
    self.run()
  File "/Library/Frameworks/Python.framework/Versions/3.11/lib/python3.11/multiprocessing/process.py", line 108, in run
    self._target(*self._args, **self._kwargs)
  File "/Library/Frameworks/Python.framework/Versions/3.11/lib/python3.11/multiprocessing/pool.py", line 109, in worker
    initializer(*initargs)
  File "/Users/amitkallapa/LMS/.ralph/venv/lib/python3.11/site-packages/django/test/runner.py", line 431, in _init_worker
    django.setup()
  File "/Users/amitkallapa/LMS/.ralph/venv/lib/python3.11/site-packages/django/__init__.py", line 24, in setup
    apps.populate(settings.INSTALLED_APPS)
  File "/Users/amitkallapa/LMS/.ralph/venv/lib/python3.11/site-packages/django/apps/registry.py", line 124, in populate
    app_config.ready()
  File "/Users/amitkallapa/LMS/.ralph/worktrees/2026-07-25_074057_normal_run/sfpcl_credit/compliance/apps.py", line 9, in ready
    from sfpcl_credit.compliance.search_facade import search_compliance_records
  File "/Users/amitkallapa/LMS/.ralph/worktrees/2026-07-25_074057_normal_run/sfpcl_credit/compliance/search_facade.py", line 4, in <module>
    from sfpcl_credit.compliance.modules import compliance_control_tracker
  File "/Users/amitkallapa/LMS/.ralph/worktrees/2026-07-25_074057_normal_run/sfpcl_credit/compliance/modules/compliance_control_tracker.py", line 14, in <module>
    from sfpcl_credit.identity.modules import auth_service
  File "/Users/amitkallapa/LMS/.ralph/worktrees/2026-07-25_074057_normal_run/sfpcl_credit/identity/modules/auth_service.py", line 18, in <module>
    from sfpcl_credit.identity.modules.tokens import (
  File "/Users/amitkallapa/LMS/.ralph/worktrees/2026-07-25_074057_normal_run/sfpcl_credit/identity/modules/tokens.py", line 13, in <module>
    import jwt
  File "/Users/amitkallapa/LMS/.ralph/venv/lib/python3.11/site-packages/jwt/__init__.py", line 1, in <module>
    from .api_jwk import PyJWK, PyJWKSet
  File "/Users/amitkallapa/LMS/.ralph/venv/lib/python3.11/site-packages/jwt/api_jwk.py", line 7, in <module>
    from .algorithms import get_default_algorithms, has_crypto, requires_cryptography
  File "/Users/amitkallapa/LMS/.ralph/venv/lib/python3.11/site-packages/jwt/algorithms.py", line 11, in <module>
    from .utils import (
  File "/Users/amitkallapa/LMS/.ralph/venv/lib/python3.11/site-packages/jwt/utils.py", line 7, in <module>
    from cryptography.hazmat.primitives.asymmetric.ec import EllipticCurve
  File "/Users/amitkallapa/LMS/.ralph/venv/lib/python3.11/site-packages/cryptography/hazmat/primitives/asymmetric/ec.py", line 11, in <module>
    from cryptography.exceptions import UnsupportedAlgorithm, _Reasons
  File "/Users/amitkallapa/LMS/.ralph/venv/lib/python3.11/site-packages/cryptography/exceptions.py", line 9, in <module>
    from cryptography.hazmat.bindings._rust import exceptions as rust_exceptions
ImportError: dlopen(/Users/amitkallapa/LMS/.ralph/venv/lib/python3.11/site-packages/_cffi_backend.cpython-311-darwin.so, 0x0002): tried: '/Users/amitkallapa/LMS/.ralph/venv/lib/python3.11/site-packages/_cffi_backend.cpython-311-darwin.so' (mach-o file, but is an incompatible architecture (have 'arm64', need 'x86_64')), '/System/Volumes/Preboot/Cryptexes/OS/Users/amitkallapa/LMS/.ralph/venv/lib/python3.11/site-packages/_cffi_backend.cpython-311-darwin.so' (no such file), '/Users/amitkallapa/LMS/.ralph/venv/lib/python3.11/site-packages/_cffi_backend.cpython-311-darwin.so' (mach-o file, but is an incompatible architecture (have 'arm64', need 'x86_64'))
Process SpawnPoolWorker-124:
Traceback (most recent call last):
  File "/Library/Frameworks/Python.framework/Versions/3.11/lib/python3.11/multiprocessing/process.py", line 314, in _bootstrap
    self.run()
  File "/Library/Frameworks/Python.framework/Versions/3.11/lib/python3.11/multiprocessing/process.py", line 108, in run
    self._target(*self._args, **self._kwargs)
  File "/Library/Frameworks/Python.framework/Versions/3.11/lib/python3.11/multiprocessing/pool.py", line 109, in worker
    initializer(*initargs)
  File "/Users/amitkallapa/LMS/.ralph/venv/lib/python3.11/site-packages/django/test/runner.py", line 431, in _init_worker
    django.setup()
  File "/Users/amitkallapa/LMS/.ralph/venv/lib/python3.11/site-packages/django/__init__.py", line 24, in setup
    apps.populate(settings.INSTALLED_APPS)
  File "/Users/amitkallapa/LMS/.ralph/venv/lib/python3.11/site-packages/django/apps/registry.py", line 124, in populate
    app_config.ready()
  File "/Users/amitkallapa/LMS/.ralph/worktrees/2026-07-25_074057_normal_run/sfpcl_credit/compliance/apps.py", line 9, in ready
    from sfpcl_credit.compliance.search_facade import search_compliance_records
  File "/Users/amitkallapa/LMS/.ralph/worktrees/2026-07-25_074057_normal_run/sfpcl_credit/compliance/search_facade.py", line 4, in <module>
    from sfpcl_credit.compliance.modules import compliance_control_tracker
  File "/Users/amitkallapa/LMS/.ralph/worktrees/2026-07-25_074057_normal_run/sfpcl_credit/compliance/modules/compliance_control_tracker.py", line 14, in <module>
    from sfpcl_credit.identity.modules import auth_service
  File "/Users/amitkallapa/LMS/.ralph/worktrees/2026-07-25_074057_normal_run/sfpcl_credit/identity/modules/auth_service.py", line 18, in <module>
    from sfpcl_credit.identity.modules.tokens import (
  File "/Users/amitkallapa/LMS/.ralph/worktrees/2026-07-25_074057_normal_run/sfpcl_credit/identity/modules/tokens.py", line 13, in <module>
    import jwt
  File "/Users/amitkallapa/LMS/.ralph/venv/lib/python3.11/site-packages/jwt/__init__.py", line 1, in <module>
    from .api_jwk import PyJWK, PyJWKSet
  File "/Users/amitkallapa/LMS/.ralph/venv/lib/python3.11/site-packages/jwt/api_jwk.py", line 7, in <module>
    from .algorithms import get_default_algorithms, has_crypto, requires_cryptography
  File "/Users/amitkallapa/LMS/.ralph/venv/lib/python3.11/site-packages/jwt/algorithms.py", line 11, in <module>
    from .utils import (
  File "/Users/amitkallapa/LMS/.ralph/venv/lib/python3.11/site-packages/jwt/utils.py", line 7, in <module>
    from cryptography.hazmat.primitives.asymmetric.ec import EllipticCurve
  File "/Users/amitkallapa/LMS/.ralph/venv/lib/python3.11/site-packages/cryptography/hazmat/primitives/asymmetric/ec.py", line 11, in <module>
    from cryptography.exceptions import UnsupportedAlgorithm, _Reasons
  File "/Users/amitkallapa/LMS/.ralph/venv/lib/python3.11/site-packages/cryptography/exceptions.py", line 9, in <module>
    from cryptography.hazmat.bindings._rust import exceptions as rust_exceptions
ImportError: dlopen(/Users/amitkallapa/LMS/.ralph/venv/lib/python3.11/site-packages/_cffi_backend.cpython-311-darwin.so, 0x0002): tried: '/Users/amitkallapa/LMS/.ralph/venv/lib/python3.11/site-packages/_cffi_backend.cpython-311-darwin.so' (mach-o file, but is an incompatible architecture (have 'arm64', need 'x86_64')), '/System/Volumes/Preboot/Cryptexes/OS/Users/amitkallapa/LMS/.ralph/venv/lib/python3.11/site-packages/_cffi_backend.cpython-311-darwin.so' (no such file), '/Users/amitkallapa/LMS/.ralph/venv/lib/python3.11/site-packages/_cffi_backend.cpython-311-darwin.so' (mach-o file, but is an incompatible architecture (have 'arm64', need 'x86_64'))
Process SpawnPoolWorker-125:
Traceback (most recent call last):
  File "/Library/Frameworks/Python.framework/Versions/3.11/lib/python3.11/multiprocessing/process.py", line 314, in _bootstrap
    self.run()
  File "/Library/Frameworks/Python.framework/Versions/3.11/lib/python3.11/multiprocessing/process.py", line 108, in run
    self._target(*self._args, **self._kwargs)
  File "/Library/Frameworks/Python.framework/Versions/3.11/lib/python3.11/multiprocessing/pool.py", line 109, in worker
    initializer(*initargs)
  File "/Users/amitkallapa/LMS/.ralph/venv/lib/python3.11/site-packages/django/test/runner.py", line 431, in _init_worker
    django.setup()
  File "/Users/amitkallapa/LMS/.ralph/venv/lib/python3.11/site-packages/django/__init__.py", line 24, in setup
    apps.populate(settings.INSTALLED_APPS)
  File "/Users/amitkallapa/LMS/.ralph/venv/lib/python3.11/site-packages/django/apps/registry.py", line 124, in populate
    app_config.ready()
  File "/Users/amitkallapa/LMS/.ralph/worktrees/2026-07-25_074057_normal_run/sfpcl_credit/compliance/apps.py", line 9, in ready
    from sfpcl_credit.compliance.search_facade import search_compliance_records
  File "/Users/amitkallapa/LMS/.ralph/worktrees/2026-07-25_074057_normal_run/sfpcl_credit/compliance/search_facade.py", line 4, in <module>
    from sfpcl_credit.compliance.modules import compliance_control_tracker
  File "/Users/amitkallapa/LMS/.ralph/worktrees/2026-07-25_074057_normal_run/sfpcl_credit/compliance/modules/compliance_control_tracker.py", line 14, in <module>
    from sfpcl_credit.identity.modules import auth_service
  File "/Users/amitkallapa/LMS/.ralph/worktrees/2026-07-25_074057_normal_run/sfpcl_credit/identity/modules/auth_service.py", line 18, in <module>
    from sfpcl_credit.identity.modules.tokens import (
  File "/Users/amitkallapa/LMS/.ralph/worktrees/2026-07-25_074057_normal_run/sfpcl_credit/identity/modules/tokens.py", line 13, in <module>
    import jwt
  File "/Users/amitkallapa/LMS/.ralph/venv/lib/python3.11/site-packages/jwt/__init__.py", line 1, in <module>
    from .api_jwk import PyJWK, PyJWKSet
  File "/Users/amitkallapa/LMS/.ralph/venv/lib/python3.11/site-packages/jwt/api_jwk.py", line 7, in <module>
    from .algorithms import get_default_algorithms, has_crypto, requires_cryptography
  File "/Users/amitkallapa/LMS/.ralph/venv/lib/python3.11/site-packages/jwt/algorithms.py", line 11, in <module>
    from .utils import (
  File "/Users/amitkallapa/LMS/.ralph/venv/lib/python3.11/site-packages/jwt/utils.py", line 7, in <module>
    from cryptography.hazmat.primitives.asymmetric.ec import EllipticCurve
  File "/Users/amitkallapa/LMS/.ralph/venv/lib/python3.11/site-packages/cryptography/hazmat/primitives/asymmetric/ec.py", line 11, in <module>
    from cryptography.exceptions import UnsupportedAlgorithm, _Reasons
  File "/Users/amitkallapa/LMS/.ralph/venv/lib/python3.11/site-packages/cryptography/exceptions.py", line 9, in <module>
    from cryptography.hazmat.bindings._rust import exceptions as rust_exceptions
ImportError: dlopen(/Users/amitkallapa/LMS/.ralph/venv/lib/python3.11/site-packages/_cffi_backend.cpython-311-darwin.so, 0x0002): tried: '/Users/amitkallapa/LMS/.ralph/venv/lib/python3.11/site-packages/_cffi_backend.cpython-311-darwin.so' (mach-o file, but is an incompatible architecture (have 'arm64', need 'x86_64')), '/System/Volumes/Preboot/Cryptexes/OS/Users/amitkallapa/LMS/.ralph/venv/lib/python3.11/site-packages/_cffi_backend.cpython-311-darwin.so' (no such file), '/Users/amitkallapa/LMS/.ralph/venv/lib/python3.11/site-packages/_cffi_backend.cpython-311-darwin.so' (mach-o file, but is an incompatible architecture (have 'arm64', need 'x86_64'))
Process SpawnPoolWorker-126:
Traceback (most recent call last):
  File "/Library/Frameworks/Python.framework/Versions/3.11/lib/python3.11/multiprocessing/process.py", line 314, in _bootstrap
    self.run()
  File "/Library/Frameworks/Python.framework/Versions/3.11/lib/python3.11/multiprocessing/process.py", line 108, in run
    self._target(*self._args, **self._kwargs)
  File "/Library/Frameworks/Python.framework/Versions/3.11/lib/python3.11/multiprocessing/pool.py", line 109, in worker
    initializer(*initargs)
  File "/Users/amitkallapa/LMS/.ralph/venv/lib/python3.11/site-packages/django/test/runner.py", line 431, in _init_worker
    django.setup()
  File "/Users/amitkallapa/LMS/.ralph/venv/lib/python3.11/site-packages/django/__init__.py", line 24, in setup
    apps.populate(settings.INSTALLED_APPS)
  File "/Users/amitkallapa/LMS/.ralph/venv/lib/python3.11/site-packages/django/apps/registry.py", line 124, in populate
    app_config.ready()
  File "/Users/amitkallapa/LMS/.ralph/worktrees/2026-07-25_074057_normal_run/sfpcl_credit/compliance/apps.py", line 9, in ready
    from sfpcl_credit.compliance.search_facade import search_compliance_records
  File "/Users/amitkallapa/LMS/.ralph/worktrees/2026-07-25_074057_normal_run/sfpcl_credit/compliance/search_facade.py", line 4, in <module>
    from sfpcl_credit.compliance.modules import compliance_control_tracker
  File "/Users/amitkallapa/LMS/.ralph/worktrees/2026-07-25_074057_normal_run/sfpcl_credit/compliance/modules/compliance_control_tracker.py", line 14, in <module>
    from sfpcl_credit.identity.modules import auth_service
  File "/Users/amitkallapa/LMS/.ralph/worktrees/2026-07-25_074057_normal_run/sfpcl_credit/identity/modules/auth_service.py", line 18, in <module>
    from sfpcl_credit.identity.modules.tokens import (
  File "/Users/amitkallapa/LMS/.ralph/worktrees/2026-07-25_074057_normal_run/sfpcl_credit/identity/modules/tokens.py", line 13, in <module>
    import jwt
  File "/Users/amitkallapa/LMS/.ralph/venv/lib/python3.11/site-packages/jwt/__init__.py", line 1, in <module>
    from .api_jwk import PyJWK, PyJWKSet
  File "/Users/amitkallapa/LMS/.ralph/venv/lib/python3.11/site-packages/jwt/api_jwk.py", line 7, in <module>
    from .algorithms import get_default_algorithms, has_crypto, requires_cryptography
  File "/Users/amitkallapa/LMS/.ralph/venv/lib/python3.11/site-packages/jwt/algorithms.py", line 11, in <module>
    from .utils import (
  File "/Users/amitkallapa/LMS/.ralph/venv/lib/python3.11/site-packages/jwt/utils.py", line 7, in <module>
    from cryptography.hazmat.primitives.asymmetric.ec import EllipticCurve
  File "/Users/amitkallapa/LMS/.ralph/venv/lib/python3.11/site-packages/cryptography/hazmat/primitives/asymmetric/ec.py", line 11, in <module>
    from cryptography.exceptions import UnsupportedAlgorithm, _Reasons
  File "/Users/amitkallapa/LMS/.ralph/venv/lib/python3.11/site-packages/cryptography/exceptions.py", line 9, in <module>
    from cryptography.hazmat.bindings._rust import exceptions as rust_exceptions
ImportError: dlopen(/Users/amitkallapa/LMS/.ralph/venv/lib/python3.11/site-packages/_cffi_backend.cpython-311-darwin.so, 0x0002): tried: '/Users/amitkallapa/LMS/.ralph/venv/lib/python3.11/site-packages/_cffi_backend.cpython-311-darwin.so' (mach-o file, but is an incompatible architecture (have 'arm64', need 'x86_64')), '/System/Volumes/Preboot/Cryptexes/OS/Users/amitkallapa/LMS/.ralph/venv/lib/python3.11/site-packages/_cffi_backend.cpython-311-darwin.so' (no such file), '/Users/amitkallapa/LMS/.ralph/venv/lib/python3.11/site-packages/_cffi_backend.cpython-311-darwin.so' (mach-o file, but is an incompatible architecture (have 'arm64', need 'x86_64'))
Process SpawnPoolWorker-127:
Traceback (most recent call last):
  File "/Library/Frameworks/Python.framework/Versions/3.11/lib/python3.11/multiprocessing/process.py", line 314, in _bootstrap
    self.run()
  File "/Library/Frameworks/Python.framework/Versions/3.11/lib/python3.11/multiprocessing/process.py", line 108, in run
    self._target(*self._args, **self._kwargs)
  File "/Library/Frameworks/Python.framework/Versions/3.11/lib/python3.11/multiprocessing/pool.py", line 109, in worker
    initializer(*initargs)
  File "/Users/amitkallapa/LMS/.ralph/venv/lib/python3.11/site-packages/django/test/runner.py", line 431, in _init_worker
    django.setup()
  File "/Users/amitkallapa/LMS/.ralph/venv/lib/python3.11/site-packages/django/__init__.py", line 24, in setup
    apps.populate(settings.INSTALLED_APPS)
  File "/Users/amitkallapa/LMS/.ralph/venv/lib/python3.11/site-packages/django/apps/registry.py", line 124, in populate
    app_config.ready()
  File "/Users/amitkallapa/LMS/.ralph/worktrees/2026-07-25_074057_normal_run/sfpcl_credit/compliance/apps.py", line 9, in ready
    from sfpcl_credit.compliance.search_facade import search_compliance_records
  File "/Users/amitkallapa/LMS/.ralph/worktrees/2026-07-25_074057_normal_run/sfpcl_credit/compliance/search_facade.py", line 4, in <module>
    from sfpcl_credit.compliance.modules import compliance_control_tracker
  File "/Users/amitkallapa/LMS/.ralph/worktrees/2026-07-25_074057_normal_run/sfpcl_credit/compliance/modules/compliance_control_tracker.py", line 14, in <module>
    from sfpcl_credit.identity.modules import auth_service
  File "/Users/amitkallapa/LMS/.ralph/worktrees/2026-07-25_074057_normal_run/sfpcl_credit/identity/modules/auth_service.py", line 18, in <module>
    from sfpcl_credit.identity.modules.tokens import (
  File "/Users/amitkallapa/LMS/.ralph/worktrees/2026-07-25_074057_normal_run/sfpcl_credit/identity/modules/tokens.py", line 13, in <module>
    import jwt
  File "/Users/amitkallapa/LMS/.ralph/venv/lib/python3.11/site-packages/jwt/__init__.py", line 1, in <module>
    from .api_jwk import PyJWK, PyJWKSet
  File "/Users/amitkallapa/LMS/.ralph/venv/lib/python3.11/site-packages/jwt/api_jwk.py", line 7, in <module>
    from .algorithms import get_default_algorithms, has_crypto, requires_cryptography
  File "/Users/amitkallapa/LMS/.ralph/venv/lib/python3.11/site-packages/jwt/algorithms.py", line 11, in <module>
    from .utils import (
  File "/Users/amitkallapa/LMS/.ralph/venv/lib/python3.11/site-packages/jwt/utils.py", line 7, in <module>
    from cryptography.hazmat.primitives.asymmetric.ec import EllipticCurve
  File "/Users/amitkallapa/LMS/.ralph/venv/lib/python3.11/site-packages/cryptography/hazmat/primitives/asymmetric/ec.py", line 11, in <module>
    from cryptography.exceptions import UnsupportedAlgorithm, _Reasons
  File "/Users/amitkallapa/LMS/.ralph/venv/lib/python3.11/site-packages/cryptography/exceptions.py", line 9, in <module>
    from cryptography.hazmat.bindings._rust import exceptions as rust_exceptions
ImportError: dlopen(/Users/amitkallapa/LMS/.ralph/venv/lib/python3.11/site-packages/_cffi_backend.cpython-311-darwin.so, 0x0002): tried: '/Users/amitkallapa/LMS/.ralph/venv/lib/python3.11/site-packages/_cffi_backend.cpython-311-darwin.so' (mach-o file, but is an incompatible architecture (have 'arm64', need 'x86_64')), '/System/Volumes/Preboot/Cryptexes/OS/Users/amitkallapa/LMS/.ralph/venv/lib/python3.11/site-packages/_cffi_backend.cpython-311-darwin.so' (no such file), '/Users/amitkallapa/LMS/.ralph/venv/lib/python3.11/site-packages/_cffi_backend.cpython-311-darwin.so' (mach-o file, but is an incompatible architecture (have 'arm64', need 'x86_64'))
Process SpawnPoolWorker-128:
Traceback (most recent call last):
  File "/Library/Frameworks/Python.framework/Versions/3.11/lib/python3.11/multiprocessing/process.py", line 314, in _bootstrap
    self.run()
  File "/Library/Frameworks/Python.framework/Versions/3.11/lib/python3.11/multiprocessing/process.py", line 108, in run
    self._target(*self._args, **self._kwargs)
  File "/Library/Frameworks/Python.framework/Versions/3.11/lib/python3.11/multiprocessing/pool.py", line 109, in worker
    initializer(*initargs)
  File "/Users/amitkallapa/LMS/.ralph/venv/lib/python3.11/site-packages/django/test/runner.py", line 431, in _init_worker
    django.setup()
  File "/Users/amitkallapa/LMS/.ralph/venv/lib/python3.11/site-packages/django/__init__.py", line 24, in setup
    apps.populate(settings.INSTALLED_APPS)
  File "/Users/amitkallapa/LMS/.ralph/venv/lib/python3.11/site-packages/django/apps/registry.py", line 124, in populate
    app_config.ready()
  File "/Users/amitkallapa/LMS/.ralph/worktrees/2026-07-25_074057_normal_run/sfpcl_credit/compliance/apps.py", line 9, in ready
    from sfpcl_credit.compliance.search_facade import search_compliance_records
  File "/Users/amitkallapa/LMS/.ralph/worktrees/2026-07-25_074057_normal_run/sfpcl_credit/compliance/search_facade.py", line 4, in <module>
    from sfpcl_credit.compliance.modules import compliance_control_tracker
  File "/Users/amitkallapa/LMS/.ralph/worktrees/2026-07-25_074057_normal_run/sfpcl_credit/compliance/modules/compliance_control_tracker.py", line 14, in <module>
    from sfpcl_credit.identity.modules import auth_service
  File "/Users/amitkallapa/LMS/.ralph/worktrees/2026-07-25_074057_normal_run/sfpcl_credit/identity/modules/auth_service.py", line 18, in <module>
    from sfpcl_credit.identity.modules.tokens import (
  File "/Users/amitkallapa/LMS/.ralph/worktrees/2026-07-25_074057_normal_run/sfpcl_credit/identity/modules/tokens.py", line 13, in <module>
    import jwt
  File "/Users/amitkallapa/LMS/.ralph/venv/lib/python3.11/site-packages/jwt/__init__.py", line 1, in <module>
    from .api_jwk import PyJWK, PyJWKSet
  File "/Users/amitkallapa/LMS/.ralph/venv/lib/python3.11/site-packages/jwt/api_jwk.py", line 7, in <module>
    from .algorithms import get_default_algorithms, has_crypto, requires_cryptography
  File "/Users/amitkallapa/LMS/.ralph/venv/lib/python3.11/site-packages/jwt/algorithms.py", line 11, in <module>
    from .utils import (
  File "/Users/amitkallapa/LMS/.ralph/venv/lib/python3.11/site-packages/jwt/utils.py", line 7, in <module>
    from cryptography.hazmat.primitives.asymmetric.ec import EllipticCurve
  File "/Users/amitkallapa/LMS/.ralph/venv/lib/python3.11/site-packages/cryptography/hazmat/primitives/asymmetric/ec.py", line 11, in <module>
    from cryptography.exceptions import UnsupportedAlgorithm, _Reasons
  File "/Users/amitkallapa/LMS/.ralph/venv/lib/python3.11/site-packages/cryptography/exceptions.py", line 9, in <module>
    from cryptography.hazmat.bindings._rust import exceptions as rust_exceptions
ImportError: dlopen(/Users/amitkallapa/LMS/.ralph/venv/lib/python3.11/site-packages/_cffi_backend.cpython-311-darwin.so, 0x0002): tried: '/Users/amitkallapa/LMS/.ralph/venv/lib/python3.11/site-packages/_cffi_backend.cpython-311-darwin.so' (mach-o file, but is an incompatible architecture (have 'arm64', need 'x86_64')), '/System/Volumes/Preboot/Cryptexes/OS/Users/amitkallapa/LMS/.ralph/venv/lib/python3.11/site-packages/_cffi_backend.cpython-311-darwin.so' (no such file), '/Users/amitkallapa/LMS/.ralph/venv/lib/python3.11/site-packages/_cffi_backend.cpython-311-darwin.so' (mach-o file, but is an incompatible architecture (have 'arm64', need 'x86_64'))
Process SpawnPoolWorker-129:
Traceback (most recent call last):
  File "/Library/Frameworks/Python.framework/Versions/3.11/lib/python3.11/multiprocessing/process.py", line 314, in _bootstrap
    self.run()
  File "/Library/Frameworks/Python.framework/Versions/3.11/lib/python3.11/multiprocessing/process.py", line 108, in run
    self._target(*self._args, **self._kwargs)
  File "/Library/Frameworks/Python.framework/Versions/3.11/lib/python3.11/multiprocessing/pool.py", line 109, in worker
    initializer(*initargs)
  File "/Users/amitkallapa/LMS/.ralph/venv/lib/python3.11/site-packages/django/test/runner.py", line 431, in _init_worker
    django.setup()
  File "/Users/amitkallapa/LMS/.ralph/venv/lib/python3.11/site-packages/django/__init__.py", line 24, in setup
    apps.populate(settings.INSTALLED_APPS)
  File "/Users/amitkallapa/LMS/.ralph/venv/lib/python3.11/site-packages/django/apps/registry.py", line 124, in populate
    app_config.ready()
  File "/Users/amitkallapa/LMS/.ralph/worktrees/2026-07-25_074057_normal_run/sfpcl_credit/compliance/apps.py", line 9, in ready
    from sfpcl_credit.compliance.search_facade import search_compliance_records
  File "/Users/amitkallapa/LMS/.ralph/worktrees/2026-07-25_074057_normal_run/sfpcl_credit/compliance/search_facade.py", line 4, in <module>
    from sfpcl_credit.compliance.modules import compliance_control_tracker
  File "/Users/amitkallapa/LMS/.ralph/worktrees/2026-07-25_074057_normal_run/sfpcl_credit/compliance/modules/compliance_control_tracker.py", line 14, in <module>
    from sfpcl_credit.identity.modules import auth_service
  File "/Users/amitkallapa/LMS/.ralph/worktrees/2026-07-25_074057_normal_run/sfpcl_credit/identity/modules/auth_service.py", line 18, in <module>
    from sfpcl_credit.identity.modules.tokens import (
  File "/Users/amitkallapa/LMS/.ralph/worktrees/2026-07-25_074057_normal_run/sfpcl_credit/identity/modules/tokens.py", line 13, in <module>
    import jwt
  File "/Users/amitkallapa/LMS/.ralph/venv/lib/python3.11/site-packages/jwt/__init__.py", line 1, in <module>
    from .api_jwk import PyJWK, PyJWKSet
  File "/Users/amitkallapa/LMS/.ralph/venv/lib/python3.11/site-packages/jwt/api_jwk.py", line 7, in <module>
    from .algorithms import get_default_algorithms, has_crypto, requires_cryptography
  File "/Users/amitkallapa/LMS/.ralph/venv/lib/python3.11/site-packages/jwt/algorithms.py", line 11, in <module>
    from .utils import (
  File "/Users/amitkallapa/LMS/.ralph/venv/lib/python3.11/site-packages/jwt/utils.py", line 7, in <module>
    from cryptography.hazmat.primitives.asymmetric.ec import EllipticCurve
  File "/Users/amitkallapa/LMS/.ralph/venv/lib/python3.11/site-packages/cryptography/hazmat/primitives/asymmetric/ec.py", line 11, in <module>
    from cryptography.exceptions import UnsupportedAlgorithm, _Reasons
  File "/Users/amitkallapa/LMS/.ralph/venv/lib/python3.11/site-packages/cryptography/exceptions.py", line 9, in <module>
    from cryptography.hazmat.bindings._rust import exceptions as rust_exceptions
ImportError: dlopen(/Users/amitkallapa/LMS/.ralph/venv/lib/python3.11/site-packages/_cffi_backend.cpython-311-darwin.so, 0x0002): tried: '/Users/amitkallapa/LMS/.ralph/venv/lib/python3.11/site-packages/_cffi_backend.cpython-311-darwin.so' (mach-o file, but is an incompatible architecture (have 'arm64', need 'x86_64')), '/System/Volumes/Preboot/Cryptexes/OS/Users/amitkallapa/LMS/.ralph/venv/lib/python3.11/site-packages/_cffi_backend.cpython-311-darwin.so' (no such file), '/Users/amitkallapa/LMS/.ralph/venv/lib/python3.11/site-packages/_cffi_backend.cpython-311-darwin.so' (mach-o file, but is an incompatible architecture (have 'arm64', need 'x86_64'))
Process SpawnPoolWorker-130:
Traceback (most recent call last):
  File "/Library/Frameworks/Python.framework/Versions/3.11/lib/python3.11/multiprocessing/process.py", line 314, in _bootstrap
    self.run()
  File "/Library/Frameworks/Python.framework/Versions/3.11/lib/python3.11/multiprocessing/process.py", line 108, in run
    self._target(*self._args, **self._kwargs)
  File "/Library/Frameworks/Python.framework/Versions/3.11/lib/python3.11/multiprocessing/pool.py", line 109, in worker
    initializer(*initargs)
  File "/Users/amitkallapa/LMS/.ralph/venv/lib/python3.11/site-packages/django/test/runner.py", line 431, in _init_worker
    django.setup()
  File "/Users/amitkallapa/LMS/.ralph/venv/lib/python3.11/site-packages/django/__init__.py", line 24, in setup
    apps.populate(settings.INSTALLED_APPS)
  File "/Users/amitkallapa/LMS/.ralph/venv/lib/python3.11/site-packages/django/apps/registry.py", line 124, in populate
    app_config.ready()
  File "/Users/amitkallapa/LMS/.ralph/worktrees/2026-07-25_074057_normal_run/sfpcl_credit/compliance/apps.py", line 9, in ready
    from sfpcl_credit.compliance.search_facade import search_compliance_records
  File "/Users/amitkallapa/LMS/.ralph/worktrees/2026-07-25_074057_normal_run/sfpcl_credit/compliance/search_facade.py", line 4, in <module>
    from sfpcl_credit.compliance.modules import compliance_control_tracker
  File "/Users/amitkallapa/LMS/.ralph/worktrees/2026-07-25_074057_normal_run/sfpcl_credit/compliance/modules/compliance_control_tracker.py", line 14, in <module>
    from sfpcl_credit.identity.modules import auth_service
  File "/Users/amitkallapa/LMS/.ralph/worktrees/2026-07-25_074057_normal_run/sfpcl_credit/identity/modules/auth_service.py", line 18, in <module>
    from sfpcl_credit.identity.modules.tokens import (
  File "/Users/amitkallapa/LMS/.ralph/worktrees/2026-07-25_074057_normal_run/sfpcl_credit/identity/modules/tokens.py", line 13, in <module>
    import jwt
  File "/Users/amitkallapa/LMS/.ralph/venv/lib/python3.11/site-packages/jwt/__init__.py", line 1, in <module>
    from .api_jwk import PyJWK, PyJWKSet
  File "/Users/amitkallapa/LMS/.ralph/venv/lib/python3.11/site-packages/jwt/api_jwk.py", line 7, in <module>
    from .algorithms import get_default_algorithms, has_crypto, requires_cryptography
  File "/Users/amitkallapa/LMS/.ralph/venv/lib/python3.11/site-packages/jwt/algorithms.py", line 11, in <module>
    from .utils import (
  File "/Users/amitkallapa/LMS/.ralph/venv/lib/python3.11/site-packages/jwt/utils.py", line 7, in <module>
    from cryptography.hazmat.primitives.asymmetric.ec import EllipticCurve
  File "/Users/amitkallapa/LMS/.ralph/venv/lib/python3.11/site-packages/cryptography/hazmat/primitives/asymmetric/ec.py", line 11, in <module>
    from cryptography.exceptions import UnsupportedAlgorithm, _Reasons
  File "/Users/amitkallapa/LMS/.ralph/venv/lib/python3.11/site-packages/cryptography/exceptions.py", line 9, in <module>
    from cryptography.hazmat.bindings._rust import exceptions as rust_exceptions
ImportError: dlopen(/Users/amitkallapa/LMS/.ralph/venv/lib/python3.11/site-packages/_cffi_backend.cpython-311-darwin.so, 0x0002): tried: '/Users/amitkallapa/LMS/.ralph/venv/lib/python3.11/site-packages/_cffi_backend.cpython-311-darwin.so' (mach-o file, but is an incompatible architecture (have 'arm64', need 'x86_64')), '/System/Volumes/Preboot/Cryptexes/OS/Users/amitkallapa/LMS/.ralph/venv/lib/python3.11/site-packages/_cffi_backend.cpython-311-darwin.so' (no such file), '/Users/amitkallapa/LMS/.ralph/venv/lib/python3.11/site-packages/_cffi_backend.cpython-311-darwin.so' (mach-o file, but is an incompatible architecture (have 'arm64', need 'x86_64'))
Process SpawnPoolWorker-131:
Traceback (most recent call last):
  File "/Library/Frameworks/Python.framework/Versions/3.11/lib/python3.11/multiprocessing/process.py", line 314, in _bootstrap
    self.run()
  File "/Library/Frameworks/Python.framework/Versions/3.11/lib/python3.11/multiprocessing/process.py", line 108, in run
    self._target(*self._args, **self._kwargs)
  File "/Library/Frameworks/Python.framework/Versions/3.11/lib/python3.11/multiprocessing/pool.py", line 109, in worker
    initializer(*initargs)
  File "/Users/amitkallapa/LMS/.ralph/venv/lib/python3.11/site-packages/django/test/runner.py", line 431, in _init_worker
    django.setup()
  File "/Users/amitkallapa/LMS/.ralph/venv/lib/python3.11/site-packages/django/__init__.py", line 24, in setup
    apps.populate(settings.INSTALLED_APPS)
  File "/Users/amitkallapa/LMS/.ralph/venv/lib/python3.11/site-packages/django/apps/registry.py", line 124, in populate
    app_config.ready()
  File "/Users/amitkallapa/LMS/.ralph/worktrees/2026-07-25_074057_normal_run/sfpcl_credit/compliance/apps.py", line 9, in ready
    from sfpcl_credit.compliance.search_facade import search_compliance_records
  File "/Users/amitkallapa/LMS/.ralph/worktrees/2026-07-25_074057_normal_run/sfpcl_credit/compliance/search_facade.py", line 4, in <module>
    from sfpcl_credit.compliance.modules import compliance_control_tracker
  File "/Users/amitkallapa/LMS/.ralph/worktrees/2026-07-25_074057_normal_run/sfpcl_credit/compliance/modules/compliance_control_tracker.py", line 14, in <module>
    from sfpcl_credit.identity.modules import auth_service
  File "/Users/amitkallapa/LMS/.ralph/worktrees/2026-07-25_074057_normal_run/sfpcl_credit/identity/modules/auth_service.py", line 18, in <module>
    from sfpcl_credit.identity.modules.tokens import (
  File "/Users/amitkallapa/LMS/.ralph/worktrees/2026-07-25_074057_normal_run/sfpcl_credit/identity/modules/tokens.py", line 13, in <module>
    import jwt
  File "/Users/amitkallapa/LMS/.ralph/venv/lib/python3.11/site-packages/jwt/__init__.py", line 1, in <module>
    from .api_jwk import PyJWK, PyJWKSet
  File "/Users/amitkallapa/LMS/.ralph/venv/lib/python3.11/site-packages/jwt/api_jwk.py", line 7, in <module>
    from .algorithms import get_default_algorithms, has_crypto, requires_cryptography
  File "/Users/amitkallapa/LMS/.ralph/venv/lib/python3.11/site-packages/jwt/algorithms.py", line 11, in <module>
    from .utils import (
  File "/Users/amitkallapa/LMS/.ralph/venv/lib/python3.11/site-packages/jwt/utils.py", line 7, in <module>
    from cryptography.hazmat.primitives.asymmetric.ec import EllipticCurve
  File "/Users/amitkallapa/LMS/.ralph/venv/lib/python3.11/site-packages/cryptography/hazmat/primitives/asymmetric/ec.py", line 11, in <module>
    from cryptography.exceptions import UnsupportedAlgorithm, _Reasons
  File "/Users/amitkallapa/LMS/.ralph/venv/lib/python3.11/site-packages/cryptography/exceptions.py", line 9, in <module>
    from cryptography.hazmat.bindings._rust import exceptions as rust_exceptions
ImportError: dlopen(/Users/amitkallapa/LMS/.ralph/venv/lib/python3.11/site-packages/_cffi_backend.cpython-311-darwin.so, 0x0002): tried: '/Users/amitkallapa/LMS/.ralph/venv/lib/python3.11/site-packages/_cffi_backend.cpython-311-darwin.so' (mach-o file, but is an incompatible architecture (have 'arm64', need 'x86_64')), '/System/Volumes/Preboot/Cryptexes/OS/Users/amitkallapa/LMS/.ralph/venv/lib/python3.11/site-packages/_cffi_backend.cpython-311-darwin.so' (no such file), '/Users/amitkallapa/LMS/.ralph/venv/lib/python3.11/site-packages/_cffi_backend.cpython-311-darwin.so' (mach-o file, but is an incompatible architecture (have 'arm64', need 'x86_64'))
Process SpawnPoolWorker-132:
Traceback (most recent call last):
  File "/Library/Frameworks/Python.framework/Versions/3.11/lib/python3.11/multiprocessing/process.py", line 314, in _bootstrap
    self.run()
  File "/Library/Frameworks/Python.framework/Versions/3.11/lib/python3.11/multiprocessing/process.py", line 108, in run
    self._target(*self._args, **self._kwargs)
  File "/Library/Frameworks/Python.framework/Versions/3.11/lib/python3.11/multiprocessing/pool.py", line 109, in worker
    initializer(*initargs)
  File "/Users/amitkallapa/LMS/.ralph/venv/lib/python3.11/site-packages/django/test/runner.py", line 431, in _init_worker
    django.setup()
  File "/Users/amitkallapa/LMS/.ralph/venv/lib/python3.11/site-packages/django/__init__.py", line 24, in setup
    apps.populate(settings.INSTALLED_APPS)
  File "/Users/amitkallapa/LMS/.ralph/venv/lib/python3.11/site-packages/django/apps/registry.py", line 124, in populate
    app_config.ready()
  File "/Users/amitkallapa/LMS/.ralph/worktrees/2026-07-25_074057_normal_run/sfpcl_credit/compliance/apps.py", line 9, in ready
    from sfpcl_credit.compliance.search_facade import search_compliance_records
  File "/Users/amitkallapa/LMS/.ralph/worktrees/2026-07-25_074057_normal_run/sfpcl_credit/compliance/search_facade.py", line 4, in <module>
    from sfpcl_credit.compliance.modules import compliance_control_tracker
  File "/Users/amitkallapa/LMS/.ralph/worktrees/2026-07-25_074057_normal_run/sfpcl_credit/compliance/modules/compliance_control_tracker.py", line 14, in <module>
    from sfpcl_credit.identity.modules import auth_service
  File "/Users/amitkallapa/LMS/.ralph/worktrees/2026-07-25_074057_normal_run/sfpcl_credit/identity/modules/auth_service.py", line 18, in <module>
    from sfpcl_credit.identity.modules.tokens import (
  File "/Users/amitkallapa/LMS/.ralph/worktrees/2026-07-25_074057_normal_run/sfpcl_credit/identity/modules/tokens.py", line 13, in <module>
    import jwt
  File "/Users/amitkallapa/LMS/.ralph/venv/lib/python3.11/site-packages/jwt/__init__.py", line 1, in <module>
    from .api_jwk import PyJWK, PyJWKSet
  File "/Users/amitkallapa/LMS/.ralph/venv/lib/python3.11/site-packages/jwt/api_jwk.py", line 7, in <module>
    from .algorithms import get_default_algorithms, has_crypto, requires_cryptography
  File "/Users/amitkallapa/LMS/.ralph/venv/lib/python3.11/site-packages/jwt/algorithms.py", line 11, in <module>
    from .utils import (
  File "/Users/amitkallapa/LMS/.ralph/venv/lib/python3.11/site-packages/jwt/utils.py", line 7, in <module>
    from cryptography.hazmat.primitives.asymmetric.ec import EllipticCurve
  File "/Users/amitkallapa/LMS/.ralph/venv/lib/python3.11/site-packages/cryptography/hazmat/primitives/asymmetric/ec.py", line 11, in <module>
    from cryptography.exceptions import UnsupportedAlgorithm, _Reasons
  File "/Users/amitkallapa/LMS/.ralph/venv/lib/python3.11/site-packages/cryptography/exceptions.py", line 9, in <module>
    from cryptography.hazmat.bindings._rust import exceptions as rust_exceptions
ImportError: dlopen(/Users/amitkallapa/LMS/.ralph/venv/lib/python3.11/site-packages/_cffi_backend.cpython-311-darwin.so, 0x0002): tried: '/Users/amitkallapa/LMS/.ralph/venv/lib/python3.11/site-packages/_cffi_backend.cpython-311-darwin.so' (mach-o file, but is an incompatible architecture (have 'arm64', need 'x86_64')), '/System/Volumes/Preboot/Cryptexes/OS/Users/amitkallapa/LMS/.ralph/venv/lib/python3.11/site-packages/_cffi_backend.cpython-311-darwin.so' (no such file), '/Users/amitkallapa/LMS/.ralph/venv/lib/python3.11/site-packages/_cffi_backend.cpython-311-darwin.so' (mach-o file, but is an incompatible architecture (have 'arm64', need 'x86_64'))
Process SpawnPoolWorker-133:
Traceback (most recent call last):
  File "/Library/Frameworks/Python.framework/Versions/3.11/lib/python3.11/multiprocessing/process.py", line 314, in _bootstrap
    self.run()
  File "/Library/Frameworks/Python.framework/Versions/3.11/lib/python3.11/multiprocessing/process.py", line 108, in run
    self._target(*self._args, **self._kwargs)
  File "/Library/Frameworks/Python.framework/Versions/3.11/lib/python3.11/multiprocessing/pool.py", line 109, in worker
    initializer(*initargs)
  File "/Users/amitkallapa/LMS/.ralph/venv/lib/python3.11/site-packages/django/test/runner.py", line 431, in _init_worker
    django.setup()
  File "/Users/amitkallapa/LMS/.ralph/venv/lib/python3.11/site-packages/django/__init__.py", line 24, in setup
    apps.populate(settings.INSTALLED_APPS)
  File "/Users/amitkallapa/LMS/.ralph/venv/lib/python3.11/site-packages/django/apps/registry.py", line 124, in populate
    app_config.ready()
  File "/Users/amitkallapa/LMS/.ralph/worktrees/2026-07-25_074057_normal_run/sfpcl_credit/compliance/apps.py", line 9, in ready
    from sfpcl_credit.compliance.search_facade import search_compliance_records
  File "/Users/amitkallapa/LMS/.ralph/worktrees/2026-07-25_074057_normal_run/sfpcl_credit/compliance/search_facade.py", line 4, in <module>
    from sfpcl_credit.compliance.modules import compliance_control_tracker
  File "/Users/amitkallapa/LMS/.ralph/worktrees/2026-07-25_074057_normal_run/sfpcl_credit/compliance/modules/compliance_control_tracker.py", line 14, in <module>
    from sfpcl_credit.identity.modules import auth_service
  File "/Users/amitkallapa/LMS/.ralph/worktrees/2026-07-25_074057_normal_run/sfpcl_credit/identity/modules/auth_service.py", line 18, in <module>
    from sfpcl_credit.identity.modules.tokens import (
  File "/Users/amitkallapa/LMS/.ralph/worktrees/2026-07-25_074057_normal_run/sfpcl_credit/identity/modules/tokens.py", line 13, in <module>
    import jwt
  File "/Users/amitkallapa/LMS/.ralph/venv/lib/python3.11/site-packages/jwt/__init__.py", line 1, in <module>
    from .api_jwk import PyJWK, PyJWKSet
  File "/Users/amitkallapa/LMS/.ralph/venv/lib/python3.11/site-packages/jwt/api_jwk.py", line 7, in <module>
    from .algorithms import get_default_algorithms, has_crypto, requires_cryptography
  File "/Users/amitkallapa/LMS/.ralph/venv/lib/python3.11/site-packages/jwt/algorithms.py", line 11, in <module>
    from .utils import (
  File "/Users/amitkallapa/LMS/.ralph/venv/lib/python3.11/site-packages/jwt/utils.py", line 7, in <module>
    from cryptography.hazmat.primitives.asymmetric.ec import EllipticCurve
  File "/Users/amitkallapa/LMS/.ralph/venv/lib/python3.11/site-packages/cryptography/hazmat/primitives/asymmetric/ec.py", line 11, in <module>
    from cryptography.exceptions import UnsupportedAlgorithm, _Reasons
  File "/Users/amitkallapa/LMS/.ralph/venv/lib/python3.11/site-packages/cryptography/exceptions.py", line 9, in <module>
    from cryptography.hazmat.bindings._rust import exceptions as rust_exceptions
ImportError: dlopen(/Users/amitkallapa/LMS/.ralph/venv/lib/python3.11/site-packages/_cffi_backend.cpython-311-darwin.so, 0x0002): tried: '/Users/amitkallapa/LMS/.ralph/venv/lib/python3.11/site-packages/_cffi_backend.cpython-311-darwin.so' (mach-o file, but is an incompatible architecture (have 'arm64', need 'x86_64')), '/System/Volumes/Preboot/Cryptexes/OS/Users/amitkallapa/LMS/.ralph/venv/lib/python3.11/site-packages/_cffi_backend.cpython-311-darwin.so' (no such file), '/Users/amitkallapa/LMS/.ralph/venv/lib/python3.11/site-packages/_cffi_backend.cpython-311-darwin.so' (mach-o file, but is an incompatible architecture (have 'arm64', need 'x86_64'))
Process SpawnPoolWorker-134:
Traceback (most recent call last):
  File "/Library/Frameworks/Python.framework/Versions/3.11/lib/python3.11/multiprocessing/process.py", line 314, in _bootstrap
    self.run()
  File "/Library/Frameworks/Python.framework/Versions/3.11/lib/python3.11/multiprocessing/process.py", line 108, in run
    self._target(*self._args, **self._kwargs)
  File "/Library/Frameworks/Python.framework/Versions/3.11/lib/python3.11/multiprocessing/pool.py", line 109, in worker
    initializer(*initargs)
  File "/Users/amitkallapa/LMS/.ralph/venv/lib/python3.11/site-packages/django/test/runner.py", line 431, in _init_worker
    django.setup()
  File "/Users/amitkallapa/LMS/.ralph/venv/lib/python3.11/site-packages/django/__init__.py", line 24, in setup
    apps.populate(settings.INSTALLED_APPS)
  File "/Users/amitkallapa/LMS/.ralph/venv/lib/python3.11/site-packages/django/apps/registry.py", line 124, in populate
    app_config.ready()
  File "/Users/amitkallapa/LMS/.ralph/worktrees/2026-07-25_074057_normal_run/sfpcl_credit/compliance/apps.py", line 9, in ready
    from sfpcl_credit.compliance.search_facade import search_compliance_records
  File "/Users/amitkallapa/LMS/.ralph/worktrees/2026-07-25_074057_normal_run/sfpcl_credit/compliance/search_facade.py", line 4, in <module>
    from sfpcl_credit.compliance.modules import compliance_control_tracker
  File "/Users/amitkallapa/LMS/.ralph/worktrees/2026-07-25_074057_normal_run/sfpcl_credit/compliance/modules/compliance_control_tracker.py", line 14, in <module>
    from sfpcl_credit.identity.modules import auth_service
  File "/Users/amitkallapa/LMS/.ralph/worktrees/2026-07-25_074057_normal_run/sfpcl_credit/identity/modules/auth_service.py", line 18, in <module>
    from sfpcl_credit.identity.modules.tokens import (
  File "/Users/amitkallapa/LMS/.ralph/worktrees/2026-07-25_074057_normal_run/sfpcl_credit/identity/modules/tokens.py", line 13, in <module>
    import jwt
  File "/Users/amitkallapa/LMS/.ralph/venv/lib/python3.11/site-packages/jwt/__init__.py", line 1, in <module>
    from .api_jwk import PyJWK, PyJWKSet
  File "/Users/amitkallapa/LMS/.ralph/venv/lib/python3.11/site-packages/jwt/api_jwk.py", line 7, in <module>
    from .algorithms import get_default_algorithms, has_crypto, requires_cryptography
  File "/Users/amitkallapa/LMS/.ralph/venv/lib/python3.11/site-packages/jwt/algorithms.py", line 11, in <module>
    from .utils import (
  File "/Users/amitkallapa/LMS/.ralph/venv/lib/python3.11/site-packages/jwt/utils.py", line 7, in <module>
    from cryptography.hazmat.primitives.asymmetric.ec import EllipticCurve
  File "/Users/amitkallapa/LMS/.ralph/venv/lib/python3.11/site-packages/cryptography/hazmat/primitives/asymmetric/ec.py", line 11, in <module>
    from cryptography.exceptions import UnsupportedAlgorithm, _Reasons
  File "/Users/amitkallapa/LMS/.ralph/venv/lib/python3.11/site-packages/cryptography/exceptions.py", line 9, in <module>
    from cryptography.hazmat.bindings._rust import exceptions as rust_exceptions
ImportError: dlopen(/Users/amitkallapa/LMS/.ralph/venv/lib/python3.11/site-packages/_cffi_backend.cpython-311-darwin.so, 0x0002): tried: '/Users/amitkallapa/LMS/.ralph/venv/lib/python3.11/site-packages/_cffi_backend.cpython-311-darwin.so' (mach-o file, but is an incompatible architecture (have 'arm64', need 'x86_64')), '/System/Volumes/Preboot/Cryptexes/OS/Users/amitkallapa/LMS/.ralph/venv/lib/python3.11/site-packages/_cffi_backend.cpython-311-darwin.so' (no such file), '/Users/amitkallapa/LMS/.ralph/venv/lib/python3.11/site-packages/_cffi_backend.cpython-311-darwin.so' (mach-o file, but is an incompatible architecture (have 'arm64', need 'x86_64'))
Process SpawnPoolWorker-135:
Traceback (most recent call last):
  File "/Library/Frameworks/Python.framework/Versions/3.11/lib/python3.11/multiprocessing/process.py", line 314, in _bootstrap
    self.run()
  File "/Library/Frameworks/Python.framework/Versions/3.11/lib/python3.11/multiprocessing/process.py", line 108, in run
    self._target(*self._args, **self._kwargs)
  File "/Library/Frameworks/Python.framework/Versions/3.11/lib/python3.11/multiprocessing/pool.py", line 109, in worker
    initializer(*initargs)
  File "/Users/amitkallapa/LMS/.ralph/venv/lib/python3.11/site-packages/django/test/runner.py", line 431, in _init_worker
    django.setup()
  File "/Users/amitkallapa/LMS/.ralph/venv/lib/python3.11/site-packages/django/__init__.py", line 24, in setup
    apps.populate(settings.INSTALLED_APPS)
  File "/Users/amitkallapa/LMS/.ralph/venv/lib/python3.11/site-packages/django/apps/registry.py", line 124, in populate
    app_config.ready()
  File "/Users/amitkallapa/LMS/.ralph/worktrees/2026-07-25_074057_normal_run/sfpcl_credit/compliance/apps.py", line 9, in ready
    from sfpcl_credit.compliance.search_facade import search_compliance_records
  File "/Users/amitkallapa/LMS/.ralph/worktrees/2026-07-25_074057_normal_run/sfpcl_credit/compliance/search_facade.py", line 4, in <module>
    from sfpcl_credit.compliance.modules import compliance_control_tracker
  File "/Users/amitkallapa/LMS/.ralph/worktrees/2026-07-25_074057_normal_run/sfpcl_credit/compliance/modules/compliance_control_tracker.py", line 14, in <module>
    from sfpcl_credit.identity.modules import auth_service
  File "/Users/amitkallapa/LMS/.ralph/worktrees/2026-07-25_074057_normal_run/sfpcl_credit/identity/modules/auth_service.py", line 18, in <module>
    from sfpcl_credit.identity.modules.tokens import (
  File "/Users/amitkallapa/LMS/.ralph/worktrees/2026-07-25_074057_normal_run/sfpcl_credit/identity/modules/tokens.py", line 13, in <module>
    import jwt
  File "/Users/amitkallapa/LMS/.ralph/venv/lib/python3.11/site-packages/jwt/__init__.py", line 1, in <module>
    from .api_jwk import PyJWK, PyJWKSet
  File "/Users/amitkallapa/LMS/.ralph/venv/lib/python3.11/site-packages/jwt/api_jwk.py", line 7, in <module>
    from .algorithms import get_default_algorithms, has_crypto, requires_cryptography
  File "/Users/amitkallapa/LMS/.ralph/venv/lib/python3.11/site-packages/jwt/algorithms.py", line 11, in <module>
    from .utils import (
  File "/Users/amitkallapa/LMS/.ralph/venv/lib/python3.11/site-packages/jwt/utils.py", line 7, in <module>
    from cryptography.hazmat.primitives.asymmetric.ec import EllipticCurve
  File "/Users/amitkallapa/LMS/.ralph/venv/lib/python3.11/site-packages/cryptography/hazmat/primitives/asymmetric/ec.py", line 11, in <module>
    from cryptography.exceptions import UnsupportedAlgorithm, _Reasons
  File "/Users/amitkallapa/LMS/.ralph/venv/lib/python3.11/site-packages/cryptography/exceptions.py", line 9, in <module>
    from cryptography.hazmat.bindings._rust import exceptions as rust_exceptions
ImportError: dlopen(/Users/amitkallapa/LMS/.ralph/venv/lib/python3.11/site-packages/_cffi_backend.cpython-311-darwin.so, 0x0002): tried: '/Users/amitkallapa/LMS/.ralph/venv/lib/python3.11/site-packages/_cffi_backend.cpython-311-darwin.so' (mach-o file, but is an incompatible architecture (have 'arm64', need 'x86_64')), '/System/Volumes/Preboot/Cryptexes/OS/Users/amitkallapa/LMS/.ralph/venv/lib/python3.11/site-packages/_cffi_backend.cpython-311-darwin.so' (no such file), '/Users/amitkallapa/LMS/.ralph/venv/lib/python3.11/site-packages/_cffi_backend.cpython-311-darwin.so' (mach-o file, but is an incompatible architecture (have 'arm64', need 'x86_64'))
Process SpawnPoolWorker-136:
Traceback (most recent call last):
  File "/Library/Frameworks/Python.framework/Versions/3.11/lib/python3.11/multiprocessing/process.py", line 314, in _bootstrap
    self.run()
  File "/Library/Frameworks/Python.framework/Versions/3.11/lib/python3.11/multiprocessing/process.py", line 108, in run
    self._target(*self._args, **self._kwargs)
  File "/Library/Frameworks/Python.framework/Versions/3.11/lib/python3.11/multiprocessing/pool.py", line 109, in worker
    initializer(*initargs)
  File "/Users/amitkallapa/LMS/.ralph/venv/lib/python3.11/site-packages/django/test/runner.py", line 431, in _init_worker
    django.setup()
  File "/Users/amitkallapa/LMS/.ralph/venv/lib/python3.11/site-packages/django/__init__.py", line 24, in setup
    apps.populate(settings.INSTALLED_APPS)
  File "/Users/amitkallapa/LMS/.ralph/venv/lib/python3.11/site-packages/django/apps/registry.py", line 124, in populate
    app_config.ready()
  File "/Users/amitkallapa/LMS/.ralph/worktrees/2026-07-25_074057_normal_run/sfpcl_credit/compliance/apps.py", line 9, in ready
    from sfpcl_credit.compliance.search_facade import search_compliance_records
  File "/Users/amitkallapa/LMS/.ralph/worktrees/2026-07-25_074057_normal_run/sfpcl_credit/compliance/search_facade.py", line 4, in <module>
    from sfpcl_credit.compliance.modules import compliance_control_tracker
  File "/Users/amitkallapa/LMS/.ralph/worktrees/2026-07-25_074057_normal_run/sfpcl_credit/compliance/modules/compliance_control_tracker.py", line 14, in <module>
    from sfpcl_credit.identity.modules import auth_service
  File "/Users/amitkallapa/LMS/.ralph/worktrees/2026-07-25_074057_normal_run/sfpcl_credit/identity/modules/auth_service.py", line 18, in <module>
    from sfpcl_credit.identity.modules.tokens import (
  File "/Users/amitkallapa/LMS/.ralph/worktrees/2026-07-25_074057_normal_run/sfpcl_credit/identity/modules/tokens.py", line 13, in <module>
    import jwt
  File "/Users/amitkallapa/LMS/.ralph/venv/lib/python3.11/site-packages/jwt/__init__.py", line 1, in <module>
    from .api_jwk import PyJWK, PyJWKSet
  File "/Users/amitkallapa/LMS/.ralph/venv/lib/python3.11/site-packages/jwt/api_jwk.py", line 7, in <module>
    from .algorithms import get_default_algorithms, has_crypto, requires_cryptography
  File "/Users/amitkallapa/LMS/.ralph/venv/lib/python3.11/site-packages/jwt/algorithms.py", line 11, in <module>
    from .utils import (
  File "/Users/amitkallapa/LMS/.ralph/venv/lib/python3.11/site-packages/jwt/utils.py", line 7, in <module>
    from cryptography.hazmat.primitives.asymmetric.ec import EllipticCurve
  File "/Users/amitkallapa/LMS/.ralph/venv/lib/python3.11/site-packages/cryptography/hazmat/primitives/asymmetric/ec.py", line 11, in <module>
    from cryptography.exceptions import UnsupportedAlgorithm, _Reasons
  File "/Users/amitkallapa/LMS/.ralph/venv/lib/python3.11/site-packages/cryptography/exceptions.py", line 9, in <module>
    from cryptography.hazmat.bindings._rust import exceptions as rust_exceptions
ImportError: dlopen(/Users/amitkallapa/LMS/.ralph/venv/lib/python3.11/site-packages/_cffi_backend.cpython-311-darwin.so, 0x0002): tried: '/Users/amitkallapa/LMS/.ralph/venv/lib/python3.11/site-packages/_cffi_backend.cpython-311-darwin.so' (mach-o file, but is an incompatible architecture (have 'arm64', need 'x86_64')), '/System/Volumes/Preboot/Cryptexes/OS/Users/amitkallapa/LMS/.ralph/venv/lib/python3.11/site-packages/_cffi_backend.cpython-311-darwin.so' (no such file), '/Users/amitkallapa/LMS/.ralph/venv/lib/python3.11/site-packages/_cffi_backend.cpython-311-darwin.so' (mach-o file, but is an incompatible architecture (have 'arm64', need 'x86_64'))
Process SpawnPoolWorker-137:
Traceback (most recent call last):
  File "/Library/Frameworks/Python.framework/Versions/3.11/lib/python3.11/multiprocessing/process.py", line 314, in _bootstrap
    self.run()
  File "/Library/Frameworks/Python.framework/Versions/3.11/lib/python3.11/multiprocessing/process.py", line 108, in run
    self._target(*self._args, **self._kwargs)
  File "/Library/Frameworks/Python.framework/Versions/3.11/lib/python3.11/multiprocessing/pool.py", line 109, in worker
    initializer(*initargs)
  File "/Users/amitkallapa/LMS/.ralph/venv/lib/python3.11/site-packages/django/test/runner.py", line 431, in _init_worker
    django.setup()
  File "/Users/amitkallapa/LMS/.ralph/venv/lib/python3.11/site-packages/django/__init__.py", line 24, in setup
    apps.populate(settings.INSTALLED_APPS)
  File "/Users/amitkallapa/LMS/.ralph/venv/lib/python3.11/site-packages/django/apps/registry.py", line 124, in populate
    app_config.ready()
  File "/Users/amitkallapa/LMS/.ralph/worktrees/2026-07-25_074057_normal_run/sfpcl_credit/compliance/apps.py", line 9, in ready
    from sfpcl_credit.compliance.search_facade import search_compliance_records
  File "/Users/amitkallapa/LMS/.ralph/worktrees/2026-07-25_074057_normal_run/sfpcl_credit/compliance/search_facade.py", line 4, in <module>
    from sfpcl_credit.compliance.modules import compliance_control_tracker
  File "/Users/amitkallapa/LMS/.ralph/worktrees/2026-07-25_074057_normal_run/sfpcl_credit/compliance/modules/compliance_control_tracker.py", line 14, in <module>
    from sfpcl_credit.identity.modules import auth_service
  File "/Users/amitkallapa/LMS/.ralph/worktrees/2026-07-25_074057_normal_run/sfpcl_credit/identity/modules/auth_service.py", line 18, in <module>
    from sfpcl_credit.identity.modules.tokens import (
  File "/Users/amitkallapa/LMS/.ralph/worktrees/2026-07-25_074057_normal_run/sfpcl_credit/identity/modules/tokens.py", line 13, in <module>
    import jwt
  File "/Users/amitkallapa/LMS/.ralph/venv/lib/python3.11/site-packages/jwt/__init__.py", line 1, in <module>
    from .api_jwk import PyJWK, PyJWKSet
  File "/Users/amitkallapa/LMS/.ralph/venv/lib/python3.11/site-packages/jwt/api_jwk.py", line 7, in <module>
    from .algorithms import get_default_algorithms, has_crypto, requires_cryptography
  File "/Users/amitkallapa/LMS/.ralph/venv/lib/python3.11/site-packages/jwt/algorithms.py", line 11, in <module>
    from .utils import (
  File "/Users/amitkallapa/LMS/.ralph/venv/lib/python3.11/site-packages/jwt/utils.py", line 7, in <module>
    from cryptography.hazmat.primitives.asymmetric.ec import EllipticCurve
  File "/Users/amitkallapa/LMS/.ralph/venv/lib/python3.11/site-packages/cryptography/hazmat/primitives/asymmetric/ec.py", line 11, in <module>
    from cryptography.exceptions import UnsupportedAlgorithm, _Reasons
  File "/Users/amitkallapa/LMS/.ralph/venv/lib/python3.11/site-packages/cryptography/exceptions.py", line 9, in <module>
    from cryptography.hazmat.bindings._rust import exceptions as rust_exceptions
ImportError: dlopen(/Users/amitkallapa/LMS/.ralph/venv/lib/python3.11/site-packages/_cffi_backend.cpython-311-darwin.so, 0x0002): tried: '/Users/amitkallapa/LMS/.ralph/venv/lib/python3.11/site-packages/_cffi_backend.cpython-311-darwin.so' (mach-o file, but is an incompatible architecture (have 'arm64', need 'x86_64')), '/System/Volumes/Preboot/Cryptexes/OS/Users/amitkallapa/LMS/.ralph/venv/lib/python3.11/site-packages/_cffi_backend.cpython-311-darwin.so' (no such file), '/Users/amitkallapa/LMS/.ralph/venv/lib/python3.11/site-packages/_cffi_backend.cpython-311-darwin.so' (mach-o file, but is an incompatible architecture (have 'arm64', need 'x86_64'))
Process SpawnPoolWorker-138:
Traceback (most recent call last):
  File "/Library/Frameworks/Python.framework/Versions/3.11/lib/python3.11/multiprocessing/process.py", line 314, in _bootstrap
    self.run()
  File "/Library/Frameworks/Python.framework/Versions/3.11/lib/python3.11/multiprocessing/process.py", line 108, in run
    self._target(*self._args, **self._kwargs)
  File "/Library/Frameworks/Python.framework/Versions/3.11/lib/python3.11/multiprocessing/pool.py", line 109, in worker
    initializer(*initargs)
  File "/Users/amitkallapa/LMS/.ralph/venv/lib/python3.11/site-packages/django/test/runner.py", line 431, in _init_worker
    django.setup()
  File "/Users/amitkallapa/LMS/.ralph/venv/lib/python3.11/site-packages/django/__init__.py", line 24, in setup
    apps.populate(settings.INSTALLED_APPS)
  File "/Users/amitkallapa/LMS/.ralph/venv/lib/python3.11/site-packages/django/apps/registry.py", line 124, in populate
    app_config.ready()
  File "/Users/amitkallapa/LMS/.ralph/worktrees/2026-07-25_074057_normal_run/sfpcl_credit/compliance/apps.py", line 9, in ready
    from sfpcl_credit.compliance.search_facade import search_compliance_records
  File "/Users/amitkallapa/LMS/.ralph/worktrees/2026-07-25_074057_normal_run/sfpcl_credit/compliance/search_facade.py", line 4, in <module>
    from sfpcl_credit.compliance.modules import compliance_control_tracker
  File "/Users/amitkallapa/LMS/.ralph/worktrees/2026-07-25_074057_normal_run/sfpcl_credit/compliance/modules/compliance_control_tracker.py", line 14, in <module>
    from sfpcl_credit.identity.modules import auth_service
  File "/Users/amitkallapa/LMS/.ralph/worktrees/2026-07-25_074057_normal_run/sfpcl_credit/identity/modules/auth_service.py", line 18, in <module>
    from sfpcl_credit.identity.modules.tokens import (
  File "/Users/amitkallapa/LMS/.ralph/worktrees/2026-07-25_074057_normal_run/sfpcl_credit/identity/modules/tokens.py", line 13, in <module>
    import jwt
  File "/Users/amitkallapa/LMS/.ralph/venv/lib/python3.11/site-packages/jwt/__init__.py", line 1, in <module>
    from .api_jwk import PyJWK, PyJWKSet
  File "/Users/amitkallapa/LMS/.ralph/venv/lib/python3.11/site-packages/jwt/api_jwk.py", line 7, in <module>
    from .algorithms import get_default_algorithms, has_crypto, requires_cryptography
  File "/Users/amitkallapa/LMS/.ralph/venv/lib/python3.11/site-packages/jwt/algorithms.py", line 11, in <module>
    from .utils import (
  File "/Users/amitkallapa/LMS/.ralph/venv/lib/python3.11/site-packages/jwt/utils.py", line 7, in <module>
    from cryptography.hazmat.primitives.asymmetric.ec import EllipticCurve
  File "/Users/amitkallapa/LMS/.ralph/venv/lib/python3.11/site-packages/cryptography/hazmat/primitives/asymmetric/ec.py", line 11, in <module>
    from cryptography.exceptions import UnsupportedAlgorithm, _Reasons
  File "/Users/amitkallapa/LMS/.ralph/venv/lib/python3.11/site-packages/cryptography/exceptions.py", line 9, in <module>
    from cryptography.hazmat.bindings._rust import exceptions as rust_exceptions
ImportError: dlopen(/Users/amitkallapa/LMS/.ralph/venv/lib/python3.11/site-packages/_cffi_backend.cpython-311-darwin.so, 0x0002): tried: '/Users/amitkallapa/LMS/.ralph/venv/lib/python3.11/site-packages/_cffi_backend.cpython-311-darwin.so' (mach-o file, but is an incompatible architecture (have 'arm64', need 'x86_64')), '/System/Volumes/Preboot/Cryptexes/OS/Users/amitkallapa/LMS/.ralph/venv/lib/python3.11/site-packages/_cffi_backend.cpython-311-darwin.so' (no such file), '/Users/amitkallapa/LMS/.ralph/venv/lib/python3.11/site-packages/_cffi_backend.cpython-311-darwin.so' (mach-o file, but is an incompatible architecture (have 'arm64', need 'x86_64'))
Process SpawnPoolWorker-139:
Traceback (most recent call last):
  File "/Library/Frameworks/Python.framework/Versions/3.11/lib/python3.11/multiprocessing/process.py", line 314, in _bootstrap
    self.run()
  File "/Library/Frameworks/Python.framework/Versions/3.11/lib/python3.11/multiprocessing/process.py", line 108, in run
    self._target(*self._args, **self._kwargs)
  File "/Library/Frameworks/Python.framework/Versions/3.11/lib/python3.11/multiprocessing/pool.py", line 109, in worker
    initializer(*initargs)
  File "/Users/amitkallapa/LMS/.ralph/venv/lib/python3.11/site-packages/django/test/runner.py", line 431, in _init_worker
    django.setup()
  File "/Users/amitkallapa/LMS/.ralph/venv/lib/python3.11/site-packages/django/__init__.py", line 24, in setup
    apps.populate(settings.INSTALLED_APPS)
  File "/Users/amitkallapa/LMS/.ralph/venv/lib/python3.11/site-packages/django/apps/registry.py", line 124, in populate
    app_config.ready()
  File "/Users/amitkallapa/LMS/.ralph/worktrees/2026-07-25_074057_normal_run/sfpcl_credit/compliance/apps.py", line 9, in ready
    from sfpcl_credit.compliance.search_facade import search_compliance_records
  File "/Users/amitkallapa/LMS/.ralph/worktrees/2026-07-25_074057_normal_run/sfpcl_credit/compliance/search_facade.py", line 4, in <module>
    from sfpcl_credit.compliance.modules import compliance_control_tracker
  File "/Users/amitkallapa/LMS/.ralph/worktrees/2026-07-25_074057_normal_run/sfpcl_credit/compliance/modules/compliance_control_tracker.py", line 14, in <module>
    from sfpcl_credit.identity.modules import auth_service
  File "/Users/amitkallapa/LMS/.ralph/worktrees/2026-07-25_074057_normal_run/sfpcl_credit/identity/modules/auth_service.py", line 18, in <module>
    from sfpcl_credit.identity.modules.tokens import (
  File "/Users/amitkallapa/LMS/.ralph/worktrees/2026-07-25_074057_normal_run/sfpcl_credit/identity/modules/tokens.py", line 13, in <module>
    import jwt
  File "/Users/amitkallapa/LMS/.ralph/venv/lib/python3.11/site-packages/jwt/__init__.py", line 1, in <module>
    from .api_jwk import PyJWK, PyJWKSet
  File "/Users/amitkallapa/LMS/.ralph/venv/lib/python3.11/site-packages/jwt/api_jwk.py", line 7, in <module>
    from .algorithms import get_default_algorithms, has_crypto, requires_cryptography
  File "/Users/amitkallapa/LMS/.ralph/venv/lib/python3.11/site-packages/jwt/algorithms.py", line 11, in <module>
    from .utils import (
  File "/Users/amitkallapa/LMS/.ralph/venv/lib/python3.11/site-packages/jwt/utils.py", line 7, in <module>
    from cryptography.hazmat.primitives.asymmetric.ec import EllipticCurve
  File "/Users/amitkallapa/LMS/.ralph/venv/lib/python3.11/site-packages/cryptography/hazmat/primitives/asymmetric/ec.py", line 11, in <module>
    from cryptography.exceptions import UnsupportedAlgorithm, _Reasons
  File "/Users/amitkallapa/LMS/.ralph/venv/lib/python3.11/site-packages/cryptography/exceptions.py", line 9, in <module>
    from cryptography.hazmat.bindings._rust import exceptions as rust_exceptions
ImportError: dlopen(/Users/amitkallapa/LMS/.ralph/venv/lib/python3.11/site-packages/_cffi_backend.cpython-311-darwin.so, 0x0002): tried: '/Users/amitkallapa/LMS/.ralph/venv/lib/python3.11/site-packages/_cffi_backend.cpython-311-darwin.so' (mach-o file, but is an incompatible architecture (have 'arm64', need 'x86_64')), '/System/Volumes/Preboot/Cryptexes/OS/Users/amitkallapa/LMS/.ralph/venv/lib/python3.11/site-packages/_cffi_backend.cpython-311-darwin.so' (no such file), '/Users/amitkallapa/LMS/.ralph/venv/lib/python3.11/site-packages/_cffi_backend.cpython-311-darwin.so' (mach-o file, but is an incompatible architecture (have 'arm64', need 'x86_64'))
Process SpawnPoolWorker-140:
Traceback (most recent call last):
  File "/Library/Frameworks/Python.framework/Versions/3.11/lib/python3.11/multiprocessing/process.py", line 314, in _bootstrap
    self.run()
  File "/Library/Frameworks/Python.framework/Versions/3.11/lib/python3.11/multiprocessing/process.py", line 108, in run
    self._target(*self._args, **self._kwargs)
  File "/Library/Frameworks/Python.framework/Versions/3.11/lib/python3.11/multiprocessing/pool.py", line 109, in worker
    initializer(*initargs)
  File "/Users/amitkallapa/LMS/.ralph/venv/lib/python3.11/site-packages/django/test/runner.py", line 431, in _init_worker
    django.setup()
  File "/Users/amitkallapa/LMS/.ralph/venv/lib/python3.11/site-packages/django/__init__.py", line 24, in setup
    apps.populate(settings.INSTALLED_APPS)
  File "/Users/amitkallapa/LMS/.ralph/venv/lib/python3.11/site-packages/django/apps/registry.py", line 124, in populate
    app_config.ready()
  File "/Users/amitkallapa/LMS/.ralph/worktrees/2026-07-25_074057_normal_run/sfpcl_credit/compliance/apps.py", line 9, in ready
    from sfpcl_credit.compliance.search_facade import search_compliance_records
  File "/Users/amitkallapa/LMS/.ralph/worktrees/2026-07-25_074057_normal_run/sfpcl_credit/compliance/search_facade.py", line 4, in <module>
    from sfpcl_credit.compliance.modules import compliance_control_tracker
  File "/Users/amitkallapa/LMS/.ralph/worktrees/2026-07-25_074057_normal_run/sfpcl_credit/compliance/modules/compliance_control_tracker.py", line 14, in <module>
    from sfpcl_credit.identity.modules import auth_service
  File "/Users/amitkallapa/LMS/.ralph/worktrees/2026-07-25_074057_normal_run/sfpcl_credit/identity/modules/auth_service.py", line 18, in <module>
    from sfpcl_credit.identity.modules.tokens import (
  File "/Users/amitkallapa/LMS/.ralph/worktrees/2026-07-25_074057_normal_run/sfpcl_credit/identity/modules/tokens.py", line 13, in <module>
    import jwt
  File "/Users/amitkallapa/LMS/.ralph/venv/lib/python3.11/site-packages/jwt/__init__.py", line 1, in <module>
    from .api_jwk import PyJWK, PyJWKSet
  File "/Users/amitkallapa/LMS/.ralph/venv/lib/python3.11/site-packages/jwt/api_jwk.py", line 7, in <module>
    from .algorithms import get_default_algorithms, has_crypto, requires_cryptography
  File "/Users/amitkallapa/LMS/.ralph/venv/lib/python3.11/site-packages/jwt/algorithms.py", line 11, in <module>
    from .utils import (
  File "/Users/amitkallapa/LMS/.ralph/venv/lib/python3.11/site-packages/jwt/utils.py", line 7, in <module>
    from cryptography.hazmat.primitives.asymmetric.ec import EllipticCurve
  File "/Users/amitkallapa/LMS/.ralph/venv/lib/python3.11/site-packages/cryptography/hazmat/primitives/asymmetric/ec.py", line 11, in <module>
    from cryptography.exceptions import UnsupportedAlgorithm, _Reasons
  File "/Users/amitkallapa/LMS/.ralph/venv/lib/python3.11/site-packages/cryptography/exceptions.py", line 9, in <module>
    from cryptography.hazmat.bindings._rust import exceptions as rust_exceptions
ImportError: dlopen(/Users/amitkallapa/LMS/.ralph/venv/lib/python3.11/site-packages/_cffi_backend.cpython-311-darwin.so, 0x0002): tried: '/Users/amitkallapa/LMS/.ralph/venv/lib/python3.11/site-packages/_cffi_backend.cpython-311-darwin.so' (mach-o file, but is an incompatible architecture (have 'arm64', need 'x86_64')), '/System/Volumes/Preboot/Cryptexes/OS/Users/amitkallapa/LMS/.ralph/venv/lib/python3.11/site-packages/_cffi_backend.cpython-311-darwin.so' (no such file), '/Users/amitkallapa/LMS/.ralph/venv/lib/python3.11/site-packages/_cffi_backend.cpython-311-darwin.so' (mach-o file, but is an incompatible architecture (have 'arm64', need 'x86_64'))
Process SpawnPoolWorker-141:
Traceback (most recent call last):
  File "/Library/Frameworks/Python.framework/Versions/3.11/lib/python3.11/multiprocessing/process.py", line 314, in _bootstrap
    self.run()
  File "/Library/Frameworks/Python.framework/Versions/3.11/lib/python3.11/multiprocessing/process.py", line 108, in run
    self._target(*self._args, **self._kwargs)
  File "/Library/Frameworks/Python.framework/Versions/3.11/lib/python3.11/multiprocessing/pool.py", line 109, in worker
    initializer(*initargs)
  File "/Users/amitkallapa/LMS/.ralph/venv/lib/python3.11/site-packages/django/test/runner.py", line 431, in _init_worker
    django.setup()
  File "/Users/amitkallapa/LMS/.ralph/venv/lib/python3.11/site-packages/django/__init__.py", line 24, in setup
    apps.populate(settings.INSTALLED_APPS)
  File "/Users/amitkallapa/LMS/.ralph/venv/lib/python3.11/site-packages/django/apps/registry.py", line 124, in populate
    app_config.ready()
  File "/Users/amitkallapa/LMS/.ralph/worktrees/2026-07-25_074057_normal_run/sfpcl_credit/compliance/apps.py", line 9, in ready
    from sfpcl_credit.compliance.search_facade import search_compliance_records
  File "/Users/amitkallapa/LMS/.ralph/worktrees/2026-07-25_074057_normal_run/sfpcl_credit/compliance/search_facade.py", line 4, in <module>
    from sfpcl_credit.compliance.modules import compliance_control_tracker
  File "/Users/amitkallapa/LMS/.ralph/worktrees/2026-07-25_074057_normal_run/sfpcl_credit/compliance/modules/compliance_control_tracker.py", line 14, in <module>
    from sfpcl_credit.identity.modules import auth_service
  File "/Users/amitkallapa/LMS/.ralph/worktrees/2026-07-25_074057_normal_run/sfpcl_credit/identity/modules/auth_service.py", line 18, in <module>
    from sfpcl_credit.identity.modules.tokens import (
  File "/Users/amitkallapa/LMS/.ralph/worktrees/2026-07-25_074057_normal_run/sfpcl_credit/identity/modules/tokens.py", line 13, in <module>
    import jwt
  File "/Users/amitkallapa/LMS/.ralph/venv/lib/python3.11/site-packages/jwt/__init__.py", line 1, in <module>
    from .api_jwk import PyJWK, PyJWKSet
  File "/Users/amitkallapa/LMS/.ralph/venv/lib/python3.11/site-packages/jwt/api_jwk.py", line 7, in <module>
    from .algorithms import get_default_algorithms, has_crypto, requires_cryptography
  File "/Users/amitkallapa/LMS/.ralph/venv/lib/python3.11/site-packages/jwt/algorithms.py", line 11, in <module>
    from .utils import (
  File "/Users/amitkallapa/LMS/.ralph/venv/lib/python3.11/site-packages/jwt/utils.py", line 7, in <module>
    from cryptography.hazmat.primitives.asymmetric.ec import EllipticCurve
  File "/Users/amitkallapa/LMS/.ralph/venv/lib/python3.11/site-packages/cryptography/hazmat/primitives/asymmetric/ec.py", line 11, in <module>
    from cryptography.exceptions import UnsupportedAlgorithm, _Reasons
  File "/Users/amitkallapa/LMS/.ralph/venv/lib/python3.11/site-packages/cryptography/exceptions.py", line 9, in <module>
    from cryptography.hazmat.bindings._rust import exceptions as rust_exceptions
ImportError: dlopen(/Users/amitkallapa/LMS/.ralph/venv/lib/python3.11/site-packages/_cffi_backend.cpython-311-darwin.so, 0x0002): tried: '/Users/amitkallapa/LMS/.ralph/venv/lib/python3.11/site-packages/_cffi_backend.cpython-311-darwin.so' (mach-o file, but is an incompatible architecture (have 'arm64', need 'x86_64')), '/System/Volumes/Preboot/Cryptexes/OS/Users/amitkallapa/LMS/.ralph/venv/lib/python3.11/site-packages/_cffi_backend.cpython-311-darwin.so' (no such file), '/Users/amitkallapa/LMS/.ralph/venv/lib/python3.11/site-packages/_cffi_backend.cpython-311-darwin.so' (mach-o file, but is an incompatible architecture (have 'arm64', need 'x86_64'))
Process SpawnPoolWorker-142:
Traceback (most recent call last):
  File "/Library/Frameworks/Python.framework/Versions/3.11/lib/python3.11/multiprocessing/process.py", line 314, in _bootstrap
    self.run()
  File "/Library/Frameworks/Python.framework/Versions/3.11/lib/python3.11/multiprocessing/process.py", line 108, in run
    self._target(*self._args, **self._kwargs)
  File "/Library/Frameworks/Python.framework/Versions/3.11/lib/python3.11/multiprocessing/pool.py", line 109, in worker
    initializer(*initargs)
  File "/Users/amitkallapa/LMS/.ralph/venv/lib/python3.11/site-packages/django/test/runner.py", line 431, in _init_worker
    django.setup()
  File "/Users/amitkallapa/LMS/.ralph/venv/lib/python3.11/site-packages/django/__init__.py", line 24, in setup
    apps.populate(settings.INSTALLED_APPS)
  File "/Users/amitkallapa/LMS/.ralph/venv/lib/python3.11/site-packages/django/apps/registry.py", line 124, in populate
    app_config.ready()
  File "/Users/amitkallapa/LMS/.ralph/worktrees/2026-07-25_074057_normal_run/sfpcl_credit/compliance/apps.py", line 9, in ready
    from sfpcl_credit.compliance.search_facade import search_compliance_records
  File "/Users/amitkallapa/LMS/.ralph/worktrees/2026-07-25_074057_normal_run/sfpcl_credit/compliance/search_facade.py", line 4, in <module>
    from sfpcl_credit.compliance.modules import compliance_control_tracker
  File "/Users/amitkallapa/LMS/.ralph/worktrees/2026-07-25_074057_normal_run/sfpcl_credit/compliance/modules/compliance_control_tracker.py", line 14, in <module>
    from sfpcl_credit.identity.modules import auth_service
  File "/Users/amitkallapa/LMS/.ralph/worktrees/2026-07-25_074057_normal_run/sfpcl_credit/identity/modules/auth_service.py", line 18, in <module>
    from sfpcl_credit.identity.modules.tokens import (
  File "/Users/amitkallapa/LMS/.ralph/worktrees/2026-07-25_074057_normal_run/sfpcl_credit/identity/modules/tokens.py", line 13, in <module>
    import jwt
  File "/Users/amitkallapa/LMS/.ralph/venv/lib/python3.11/site-packages/jwt/__init__.py", line 1, in <module>
    from .api_jwk import PyJWK, PyJWKSet
  File "/Users/amitkallapa/LMS/.ralph/venv/lib/python3.11/site-packages/jwt/api_jwk.py", line 7, in <module>
    from .algorithms import get_default_algorithms, has_crypto, requires_cryptography
  File "/Users/amitkallapa/LMS/.ralph/venv/lib/python3.11/site-packages/jwt/algorithms.py", line 11, in <module>
    from .utils import (
  File "/Users/amitkallapa/LMS/.ralph/venv/lib/python3.11/site-packages/jwt/utils.py", line 7, in <module>
    from cryptography.hazmat.primitives.asymmetric.ec import EllipticCurve
  File "/Users/amitkallapa/LMS/.ralph/venv/lib/python3.11/site-packages/cryptography/hazmat/primitives/asymmetric/ec.py", line 11, in <module>
    from cryptography.exceptions import UnsupportedAlgorithm, _Reasons
  File "/Users/amitkallapa/LMS/.ralph/venv/lib/python3.11/site-packages/cryptography/exceptions.py", line 9, in <module>
    from cryptography.hazmat.bindings._rust import exceptions as rust_exceptions
ImportError: dlopen(/Users/amitkallapa/LMS/.ralph/venv/lib/python3.11/site-packages/_cffi_backend.cpython-311-darwin.so, 0x0002): tried: '/Users/amitkallapa/LMS/.ralph/venv/lib/python3.11/site-packages/_cffi_backend.cpython-311-darwin.so' (mach-o file, but is an incompatible architecture (have 'arm64', need 'x86_64')), '/System/Volumes/Preboot/Cryptexes/OS/Users/amitkallapa/LMS/.ralph/venv/lib/python3.11/site-packages/_cffi_backend.cpython-311-darwin.so' (no such file), '/Users/amitkallapa/LMS/.ralph/venv/lib/python3.11/site-packages/_cffi_backend.cpython-311-darwin.so' (mach-o file, but is an incompatible architecture (have 'arm64', need 'x86_64'))
Process SpawnPoolWorker-143:
Traceback (most recent call last):
  File "/Library/Frameworks/Python.framework/Versions/3.11/lib/python3.11/multiprocessing/process.py", line 314, in _bootstrap
    self.run()
  File "/Library/Frameworks/Python.framework/Versions/3.11/lib/python3.11/multiprocessing/process.py", line 108, in run
    self._target(*self._args, **self._kwargs)
  File "/Library/Frameworks/Python.framework/Versions/3.11/lib/python3.11/multiprocessing/pool.py", line 109, in worker
    initializer(*initargs)
  File "/Users/amitkallapa/LMS/.ralph/venv/lib/python3.11/site-packages/django/test/runner.py", line 431, in _init_worker
    django.setup()
  File "/Users/amitkallapa/LMS/.ralph/venv/lib/python3.11/site-packages/django/__init__.py", line 24, in setup
    apps.populate(settings.INSTALLED_APPS)
  File "/Users/amitkallapa/LMS/.ralph/venv/lib/python3.11/site-packages/django/apps/registry.py", line 124, in populate
    app_config.ready()
  File "/Users/amitkallapa/LMS/.ralph/worktrees/2026-07-25_074057_normal_run/sfpcl_credit/compliance/apps.py", line 9, in ready
    from sfpcl_credit.compliance.search_facade import search_compliance_records
  File "/Users/amitkallapa/LMS/.ralph/worktrees/2026-07-25_074057_normal_run/sfpcl_credit/compliance/search_facade.py", line 4, in <module>
    from sfpcl_credit.compliance.modules import compliance_control_tracker
  File "/Users/amitkallapa/LMS/.ralph/worktrees/2026-07-25_074057_normal_run/sfpcl_credit/compliance/modules/compliance_control_tracker.py", line 14, in <module>
    from sfpcl_credit.identity.modules import auth_service
  File "/Users/amitkallapa/LMS/.ralph/worktrees/2026-07-25_074057_normal_run/sfpcl_credit/identity/modules/auth_service.py", line 18, in <module>
    from sfpcl_credit.identity.modules.tokens import (
  File "/Users/amitkallapa/LMS/.ralph/worktrees/2026-07-25_074057_normal_run/sfpcl_credit/identity/modules/tokens.py", line 13, in <module>
    import jwt
  File "/Users/amitkallapa/LMS/.ralph/venv/lib/python3.11/site-packages/jwt/__init__.py", line 1, in <module>
    from .api_jwk import PyJWK, PyJWKSet
  File "/Users/amitkallapa/LMS/.ralph/venv/lib/python3.11/site-packages/jwt/api_jwk.py", line 7, in <module>
    from .algorithms import get_default_algorithms, has_crypto, requires_cryptography
  File "/Users/amitkallapa/LMS/.ralph/venv/lib/python3.11/site-packages/jwt/algorithms.py", line 11, in <module>
    from .utils import (
  File "/Users/amitkallapa/LMS/.ralph/venv/lib/python3.11/site-packages/jwt/utils.py", line 7, in <module>
    from cryptography.hazmat.primitives.asymmetric.ec import EllipticCurve
  File "/Users/amitkallapa/LMS/.ralph/venv/lib/python3.11/site-packages/cryptography/hazmat/primitives/asymmetric/ec.py", line 11, in <module>
    from cryptography.exceptions import UnsupportedAlgorithm, _Reasons
  File "/Users/amitkallapa/LMS/.ralph/venv/lib/python3.11/site-packages/cryptography/exceptions.py", line 9, in <module>
    from cryptography.hazmat.bindings._rust import exceptions as rust_exceptions
ImportError: dlopen(/Users/amitkallapa/LMS/.ralph/venv/lib/python3.11/site-packages/_cffi_backend.cpython-311-darwin.so, 0x0002): tried: '/Users/amitkallapa/LMS/.ralph/venv/lib/python3.11/site-packages/_cffi_backend.cpython-311-darwin.so' (mach-o file, but is an incompatible architecture (have 'arm64', need 'x86_64')), '/System/Volumes/Preboot/Cryptexes/OS/Users/amitkallapa/LMS/.ralph/venv/lib/python3.11/site-packages/_cffi_backend.cpython-311-darwin.so' (no such file), '/Users/amitkallapa/LMS/.ralph/venv/lib/python3.11/site-packages/_cffi_backend.cpython-311-darwin.so' (mach-o file, but is an incompatible architecture (have 'arm64', need 'x86_64'))
Process SpawnPoolWorker-144:
Traceback (most recent call last):
  File "/Library/Frameworks/Python.framework/Versions/3.11/lib/python3.11/multiprocessing/process.py", line 314, in _bootstrap
    self.run()
  File "/Library/Frameworks/Python.framework/Versions/3.11/lib/python3.11/multiprocessing/process.py", line 108, in run
    self._target(*self._args, **self._kwargs)
  File "/Library/Frameworks/Python.framework/Versions/3.11/lib/python3.11/multiprocessing/pool.py", line 109, in worker
    initializer(*initargs)
  File "/Users/amitkallapa/LMS/.ralph/venv/lib/python3.11/site-packages/django/test/runner.py", line 431, in _init_worker
    django.setup()
  File "/Users/amitkallapa/LMS/.ralph/venv/lib/python3.11/site-packages/django/__init__.py", line 24, in setup
    apps.populate(settings.INSTALLED_APPS)
  File "/Users/amitkallapa/LMS/.ralph/venv/lib/python3.11/site-packages/django/apps/registry.py", line 124, in populate
    app_config.ready()
  File "/Users/amitkallapa/LMS/.ralph/worktrees/2026-07-25_074057_normal_run/sfpcl_credit/compliance/apps.py", line 9, in ready
    from sfpcl_credit.compliance.search_facade import search_compliance_records
  File "/Users/amitkallapa/LMS/.ralph/worktrees/2026-07-25_074057_normal_run/sfpcl_credit/compliance/search_facade.py", line 4, in <module>
    from sfpcl_credit.compliance.modules import compliance_control_tracker
  File "/Users/amitkallapa/LMS/.ralph/worktrees/2026-07-25_074057_normal_run/sfpcl_credit/compliance/modules/compliance_control_tracker.py", line 14, in <module>
    from sfpcl_credit.identity.modules import auth_service
  File "/Users/amitkallapa/LMS/.ralph/worktrees/2026-07-25_074057_normal_run/sfpcl_credit/identity/modules/auth_service.py", line 18, in <module>
    from sfpcl_credit.identity.modules.tokens import (
  File "/Users/amitkallapa/LMS/.ralph/worktrees/2026-07-25_074057_normal_run/sfpcl_credit/identity/modules/tokens.py", line 13, in <module>
    import jwt
  File "/Users/amitkallapa/LMS/.ralph/venv/lib/python3.11/site-packages/jwt/__init__.py", line 1, in <module>
    from .api_jwk import PyJWK, PyJWKSet
  File "/Users/amitkallapa/LMS/.ralph/venv/lib/python3.11/site-packages/jwt/api_jwk.py", line 7, in <module>
    from .algorithms import get_default_algorithms, has_crypto, requires_cryptography
  File "/Users/amitkallapa/LMS/.ralph/venv/lib/python3.11/site-packages/jwt/algorithms.py", line 11, in <module>
    from .utils import (
  File "/Users/amitkallapa/LMS/.ralph/venv/lib/python3.11/site-packages/jwt/utils.py", line 7, in <module>
    from cryptography.hazmat.primitives.asymmetric.ec import EllipticCurve
  File "/Users/amitkallapa/LMS/.ralph/venv/lib/python3.11/site-packages/cryptography/hazmat/primitives/asymmetric/ec.py", line 11, in <module>
    from cryptography.exceptions import UnsupportedAlgorithm, _Reasons
  File "/Users/amitkallapa/LMS/.ralph/venv/lib/python3.11/site-packages/cryptography/exceptions.py", line 9, in <module>
    from cryptography.hazmat.bindings._rust import exceptions as rust_exceptions
ImportError: dlopen(/Users/amitkallapa/LMS/.ralph/venv/lib/python3.11/site-packages/_cffi_backend.cpython-311-darwin.so, 0x0002): tried: '/Users/amitkallapa/LMS/.ralph/venv/lib/python3.11/site-packages/_cffi_backend.cpython-311-darwin.so' (mach-o file, but is an incompatible architecture (have 'arm64', need 'x86_64')), '/System/Volumes/Preboot/Cryptexes/OS/Users/amitkallapa/LMS/.ralph/venv/lib/python3.11/site-packages/_cffi_backend.cpython-311-darwin.so' (no such file), '/Users/amitkallapa/LMS/.ralph/venv/lib/python3.11/site-packages/_cffi_backend.cpython-311-darwin.so' (mach-o file, but is an incompatible architecture (have 'arm64', need 'x86_64'))
Process SpawnPoolWorker-145:
Traceback (most recent call last):
  File "/Library/Frameworks/Python.framework/Versions/3.11/lib/python3.11/multiprocessing/process.py", line 314, in _bootstrap
    self.run()
  File "/Library/Frameworks/Python.framework/Versions/3.11/lib/python3.11/multiprocessing/process.py", line 108, in run
    self._target(*self._args, **self._kwargs)
  File "/Library/Frameworks/Python.framework/Versions/3.11/lib/python3.11/multiprocessing/pool.py", line 109, in worker
    initializer(*initargs)
  File "/Users/amitkallapa/LMS/.ralph/venv/lib/python3.11/site-packages/django/test/runner.py", line 431, in _init_worker
    django.setup()
  File "/Users/amitkallapa/LMS/.ralph/venv/lib/python3.11/site-packages/django/__init__.py", line 24, in setup
    apps.populate(settings.INSTALLED_APPS)
  File "/Users/amitkallapa/LMS/.ralph/venv/lib/python3.11/site-packages/django/apps/registry.py", line 124, in populate
    app_config.ready()
  File "/Users/amitkallapa/LMS/.ralph/worktrees/2026-07-25_074057_normal_run/sfpcl_credit/compliance/apps.py", line 9, in ready
    from sfpcl_credit.compliance.search_facade import search_compliance_records
  File "/Users/amitkallapa/LMS/.ralph/worktrees/2026-07-25_074057_normal_run/sfpcl_credit/compliance/search_facade.py", line 4, in <module>
    from sfpcl_credit.compliance.modules import compliance_control_tracker
  File "/Users/amitkallapa/LMS/.ralph/worktrees/2026-07-25_074057_normal_run/sfpcl_credit/compliance/modules/compliance_control_tracker.py", line 14, in <module>
    from sfpcl_credit.identity.modules import auth_service
  File "/Users/amitkallapa/LMS/.ralph/worktrees/2026-07-25_074057_normal_run/sfpcl_credit/identity/modules/auth_service.py", line 18, in <module>
    from sfpcl_credit.identity.modules.tokens import (
  File "/Users/amitkallapa/LMS/.ralph/worktrees/2026-07-25_074057_normal_run/sfpcl_credit/identity/modules/tokens.py", line 13, in <module>
    import jwt
  File "/Users/amitkallapa/LMS/.ralph/venv/lib/python3.11/site-packages/jwt/__init__.py", line 1, in <module>
    from .api_jwk import PyJWK, PyJWKSet
  File "/Users/amitkallapa/LMS/.ralph/venv/lib/python3.11/site-packages/jwt/api_jwk.py", line 7, in <module>
    from .algorithms import get_default_algorithms, has_crypto, requires_cryptography
  File "/Users/amitkallapa/LMS/.ralph/venv/lib/python3.11/site-packages/jwt/algorithms.py", line 11, in <module>
    from .utils import (
  File "/Users/amitkallapa/LMS/.ralph/venv/lib/python3.11/site-packages/jwt/utils.py", line 7, in <module>
    from cryptography.hazmat.primitives.asymmetric.ec import EllipticCurve
  File "/Users/amitkallapa/LMS/.ralph/venv/lib/python3.11/site-packages/cryptography/hazmat/primitives/asymmetric/ec.py", line 11, in <module>
    from cryptography.exceptions import UnsupportedAlgorithm, _Reasons
  File "/Users/amitkallapa/LMS/.ralph/venv/lib/python3.11/site-packages/cryptography/exceptions.py", line 9, in <module>
    from cryptography.hazmat.bindings._rust import exceptions as rust_exceptions
ImportError: dlopen(/Users/amitkallapa/LMS/.ralph/venv/lib/python3.11/site-packages/_cffi_backend.cpython-311-darwin.so, 0x0002): tried: '/Users/amitkallapa/LMS/.ralph/venv/lib/python3.11/site-packages/_cffi_backend.cpython-311-darwin.so' (mach-o file, but is an incompatible architecture (have 'arm64', need 'x86_64')), '/System/Volumes/Preboot/Cryptexes/OS/Users/amitkallapa/LMS/.ralph/venv/lib/python3.11/site-packages/_cffi_backend.cpython-311-darwin.so' (no such file), '/Users/amitkallapa/LMS/.ralph/venv/lib/python3.11/site-packages/_cffi_backend.cpython-311-darwin.so' (mach-o file, but is an incompatible architecture (have 'arm64', need 'x86_64'))
Process SpawnPoolWorker-146:
Traceback (most recent call last):
  File "/Library/Frameworks/Python.framework/Versions/3.11/lib/python3.11/multiprocessing/process.py", line 314, in _bootstrap
    self.run()
  File "/Library/Frameworks/Python.framework/Versions/3.11/lib/python3.11/multiprocessing/process.py", line 108, in run
    self._target(*self._args, **self._kwargs)
  File "/Library/Frameworks/Python.framework/Versions/3.11/lib/python3.11/multiprocessing/pool.py", line 109, in worker
    initializer(*initargs)
  File "/Users/amitkallapa/LMS/.ralph/venv/lib/python3.11/site-packages/django/test/runner.py", line 431, in _init_worker
    django.setup()
  File "/Users/amitkallapa/LMS/.ralph/venv/lib/python3.11/site-packages/django/__init__.py", line 24, in setup
    apps.populate(settings.INSTALLED_APPS)
  File "/Users/amitkallapa/LMS/.ralph/venv/lib/python3.11/site-packages/django/apps/registry.py", line 124, in populate
    app_config.ready()
  File "/Users/amitkallapa/LMS/.ralph/worktrees/2026-07-25_074057_normal_run/sfpcl_credit/compliance/apps.py", line 9, in ready
    from sfpcl_credit.compliance.search_facade import search_compliance_records
  File "/Users/amitkallapa/LMS/.ralph/worktrees/2026-07-25_074057_normal_run/sfpcl_credit/compliance/search_facade.py", line 4, in <module>
    from sfpcl_credit.compliance.modules import compliance_control_tracker
  File "/Users/amitkallapa/LMS/.ralph/worktrees/2026-07-25_074057_normal_run/sfpcl_credit/compliance/modules/compliance_control_tracker.py", line 14, in <module>
    from sfpcl_credit.identity.modules import auth_service
  File "/Users/amitkallapa/LMS/.ralph/worktrees/2026-07-25_074057_normal_run/sfpcl_credit/identity/modules/auth_service.py", line 18, in <module>
    from sfpcl_credit.identity.modules.tokens import (
  File "/Users/amitkallapa/LMS/.ralph/worktrees/2026-07-25_074057_normal_run/sfpcl_credit/identity/modules/tokens.py", line 13, in <module>
    import jwt
  File "/Users/amitkallapa/LMS/.ralph/venv/lib/python3.11/site-packages/jwt/__init__.py", line 1, in <module>
    from .api_jwk import PyJWK, PyJWKSet
  File "/Users/amitkallapa/LMS/.ralph/venv/lib/python3.11/site-packages/jwt/api_jwk.py", line 7, in <module>
    from .algorithms import get_default_algorithms, has_crypto, requires_cryptography
  File "/Users/amitkallapa/LMS/.ralph/venv/lib/python3.11/site-packages/jwt/algorithms.py", line 11, in <module>
    from .utils import (
  File "/Users/amitkallapa/LMS/.ralph/venv/lib/python3.11/site-packages/jwt/utils.py", line 7, in <module>
    from cryptography.hazmat.primitives.asymmetric.ec import EllipticCurve
  File "/Users/amitkallapa/LMS/.ralph/venv/lib/python3.11/site-packages/cryptography/hazmat/primitives/asymmetric/ec.py", line 11, in <module>
    from cryptography.exceptions import UnsupportedAlgorithm, _Reasons
  File "/Users/amitkallapa/LMS/.ralph/venv/lib/python3.11/site-packages/cryptography/exceptions.py", line 9, in <module>
    from cryptography.hazmat.bindings._rust import exceptions as rust_exceptions
ImportError: dlopen(/Users/amitkallapa/LMS/.ralph/venv/lib/python3.11/site-packages/_cffi_backend.cpython-311-darwin.so, 0x0002): tried: '/Users/amitkallapa/LMS/.ralph/venv/lib/python3.11/site-packages/_cffi_backend.cpython-311-darwin.so' (mach-o file, but is an incompatible architecture (have 'arm64', need 'x86_64')), '/System/Volumes/Preboot/Cryptexes/OS/Users/amitkallapa/LMS/.ralph/venv/lib/python3.11/site-packages/_cffi_backend.cpython-311-darwin.so' (no such file), '/Users/amitkallapa/LMS/.ralph/venv/lib/python3.11/site-packages/_cffi_backend.cpython-311-darwin.so' (mach-o file, but is an incompatible architecture (have 'arm64', need 'x86_64'))
Process SpawnPoolWorker-147:
Traceback (most recent call last):
  File "/Library/Frameworks/Python.framework/Versions/3.11/lib/python3.11/multiprocessing/process.py", line 314, in _bootstrap
    self.run()
  File "/Library/Frameworks/Python.framework/Versions/3.11/lib/python3.11/multiprocessing/process.py", line 108, in run
    self._target(*self._args, **self._kwargs)
  File "/Library/Frameworks/Python.framework/Versions/3.11/lib/python3.11/multiprocessing/pool.py", line 109, in worker
    initializer(*initargs)
  File "/Users/amitkallapa/LMS/.ralph/venv/lib/python3.11/site-packages/django/test/runner.py", line 431, in _init_worker
    django.setup()
  File "/Users/amitkallapa/LMS/.ralph/venv/lib/python3.11/site-packages/django/__init__.py", line 24, in setup
    apps.populate(settings.INSTALLED_APPS)
  File "/Users/amitkallapa/LMS/.ralph/venv/lib/python3.11/site-packages/django/apps/registry.py", line 124, in populate
    app_config.ready()
  File "/Users/amitkallapa/LMS/.ralph/worktrees/2026-07-25_074057_normal_run/sfpcl_credit/compliance/apps.py", line 9, in ready
    from sfpcl_credit.compliance.search_facade import search_compliance_records
  File "/Users/amitkallapa/LMS/.ralph/worktrees/2026-07-25_074057_normal_run/sfpcl_credit/compliance/search_facade.py", line 4, in <module>
    from sfpcl_credit.compliance.modules import compliance_control_tracker
  File "/Users/amitkallapa/LMS/.ralph/worktrees/2026-07-25_074057_normal_run/sfpcl_credit/compliance/modules/compliance_control_tracker.py", line 14, in <module>
    from sfpcl_credit.identity.modules import auth_service
  File "/Users/amitkallapa/LMS/.ralph/worktrees/2026-07-25_074057_normal_run/sfpcl_credit/identity/modules/auth_service.py", line 18, in <module>
    from sfpcl_credit.identity.modules.tokens import (
  File "/Users/amitkallapa/LMS/.ralph/worktrees/2026-07-25_074057_normal_run/sfpcl_credit/identity/modules/tokens.py", line 13, in <module>
    import jwt
  File "/Users/amitkallapa/LMS/.ralph/venv/lib/python3.11/site-packages/jwt/__init__.py", line 1, in <module>
    from .api_jwk import PyJWK, PyJWKSet
  File "/Users/amitkallapa/LMS/.ralph/venv/lib/python3.11/site-packages/jwt/api_jwk.py", line 7, in <module>
    from .algorithms import get_default_algorithms, has_crypto, requires_cryptography
  File "/Users/amitkallapa/LMS/.ralph/venv/lib/python3.11/site-packages/jwt/algorithms.py", line 11, in <module>
    from .utils import (
  File "/Users/amitkallapa/LMS/.ralph/venv/lib/python3.11/site-packages/jwt/utils.py", line 7, in <module>
    from cryptography.hazmat.primitives.asymmetric.ec import EllipticCurve
  File "/Users/amitkallapa/LMS/.ralph/venv/lib/python3.11/site-packages/cryptography/hazmat/primitives/asymmetric/ec.py", line 11, in <module>
    from cryptography.exceptions import UnsupportedAlgorithm, _Reasons
  File "/Users/amitkallapa/LMS/.ralph/venv/lib/python3.11/site-packages/cryptography/exceptions.py", line 9, in <module>
    from cryptography.hazmat.bindings._rust import exceptions as rust_exceptions
ImportError: dlopen(/Users/amitkallapa/LMS/.ralph/venv/lib/python3.11/site-packages/_cffi_backend.cpython-311-darwin.so, 0x0002): tried: '/Users/amitkallapa/LMS/.ralph/venv/lib/python3.11/site-packages/_cffi_backend.cpython-311-darwin.so' (mach-o file, but is an incompatible architecture (have 'arm64', need 'x86_64')), '/System/Volumes/Preboot/Cryptexes/OS/Users/amitkallapa/LMS/.ralph/venv/lib/python3.11/site-packages/_cffi_backend.cpython-311-darwin.so' (no such file), '/Users/amitkallapa/LMS/.ralph/venv/lib/python3.11/site-packages/_cffi_backend.cpython-311-darwin.so' (mach-o file, but is an incompatible architecture (have 'arm64', need 'x86_64'))
Process SpawnPoolWorker-148:
Traceback (most recent call last):
  File "/Library/Frameworks/Python.framework/Versions/3.11/lib/python3.11/multiprocessing/process.py", line 314, in _bootstrap
    self.run()
  File "/Library/Frameworks/Python.framework/Versions/3.11/lib/python3.11/multiprocessing/process.py", line 108, in run
    self._target(*self._args, **self._kwargs)
  File "/Library/Frameworks/Python.framework/Versions/3.11/lib/python3.11/multiprocessing/pool.py", line 109, in worker
    initializer(*initargs)
  File "/Users/amitkallapa/LMS/.ralph/venv/lib/python3.11/site-packages/django/test/runner.py", line 431, in _init_worker
    django.setup()
  File "/Users/amitkallapa/LMS/.ralph/venv/lib/python3.11/site-packages/django/__init__.py", line 24, in setup
    apps.populate(settings.INSTALLED_APPS)
  File "/Users/amitkallapa/LMS/.ralph/venv/lib/python3.11/site-packages/django/apps/registry.py", line 124, in populate
    app_config.ready()
  File "/Users/amitkallapa/LMS/.ralph/worktrees/2026-07-25_074057_normal_run/sfpcl_credit/compliance/apps.py", line 9, in ready
    from sfpcl_credit.compliance.search_facade import search_compliance_records
  File "/Users/amitkallapa/LMS/.ralph/worktrees/2026-07-25_074057_normal_run/sfpcl_credit/compliance/search_facade.py", line 4, in <module>
    from sfpcl_credit.compliance.modules import compliance_control_tracker
  File "/Users/amitkallapa/LMS/.ralph/worktrees/2026-07-25_074057_normal_run/sfpcl_credit/compliance/modules/compliance_control_tracker.py", line 14, in <module>
    from sfpcl_credit.identity.modules import auth_service
  File "/Users/amitkallapa/LMS/.ralph/worktrees/2026-07-25_074057_normal_run/sfpcl_credit/identity/modules/auth_service.py", line 18, in <module>
    from sfpcl_credit.identity.modules.tokens import (
  File "/Users/amitkallapa/LMS/.ralph/worktrees/2026-07-25_074057_normal_run/sfpcl_credit/identity/modules/tokens.py", line 13, in <module>
    import jwt
  File "/Users/amitkallapa/LMS/.ralph/venv/lib/python3.11/site-packages/jwt/__init__.py", line 1, in <module>
    from .api_jwk import PyJWK, PyJWKSet
  File "/Users/amitkallapa/LMS/.ralph/venv/lib/python3.11/site-packages/jwt/api_jwk.py", line 7, in <module>
    from .algorithms import get_default_algorithms, has_crypto, requires_cryptography
  File "/Users/amitkallapa/LMS/.ralph/venv/lib/python3.11/site-packages/jwt/algorithms.py", line 11, in <module>
    from .utils import (
  File "/Users/amitkallapa/LMS/.ralph/venv/lib/python3.11/site-packages/jwt/utils.py", line 7, in <module>
    from cryptography.hazmat.primitives.asymmetric.ec import EllipticCurve
  File "/Users/amitkallapa/LMS/.ralph/venv/lib/python3.11/site-packages/cryptography/hazmat/primitives/asymmetric/ec.py", line 11, in <module>
    from cryptography.exceptions import UnsupportedAlgorithm, _Reasons
  File "/Users/amitkallapa/LMS/.ralph/venv/lib/python3.11/site-packages/cryptography/exceptions.py", line 9, in <module>
    from cryptography.hazmat.bindings._rust import exceptions as rust_exceptions
ImportError: dlopen(/Users/amitkallapa/LMS/.ralph/venv/lib/python3.11/site-packages/_cffi_backend.cpython-311-darwin.so, 0x0002): tried: '/Users/amitkallapa/LMS/.ralph/venv/lib/python3.11/site-packages/_cffi_backend.cpython-311-darwin.so' (mach-o file, but is an incompatible architecture (have 'arm64', need 'x86_64')), '/System/Volumes/Preboot/Cryptexes/OS/Users/amitkallapa/LMS/.ralph/venv/lib/python3.11/site-packages/_cffi_backend.cpython-311-darwin.so' (no such file), '/Users/amitkallapa/LMS/.ralph/venv/lib/python3.11/site-packages/_cffi_backend.cpython-311-darwin.so' (mach-o file, but is an incompatible architecture (have 'arm64', need 'x86_64'))
Process SpawnPoolWorker-149:
Traceback (most recent call last):
  File "/Library/Frameworks/Python.framework/Versions/3.11/lib/python3.11/multiprocessing/process.py", line 314, in _bootstrap
    self.run()
  File "/Library/Frameworks/Python.framework/Versions/3.11/lib/python3.11/multiprocessing/process.py", line 108, in run
    self._target(*self._args, **self._kwargs)
  File "/Library/Frameworks/Python.framework/Versions/3.11/lib/python3.11/multiprocessing/pool.py", line 109, in worker
    initializer(*initargs)
  File "/Users/amitkallapa/LMS/.ralph/venv/lib/python3.11/site-packages/django/test/runner.py", line 431, in _init_worker
    django.setup()
  File "/Users/amitkallapa/LMS/.ralph/venv/lib/python3.11/site-packages/django/__init__.py", line 24, in setup
    apps.populate(settings.INSTALLED_APPS)
  File "/Users/amitkallapa/LMS/.ralph/venv/lib/python3.11/site-packages/django/apps/registry.py", line 124, in populate
    app_config.ready()
  File "/Users/amitkallapa/LMS/.ralph/worktrees/2026-07-25_074057_normal_run/sfpcl_credit/compliance/apps.py", line 9, in ready
    from sfpcl_credit.compliance.search_facade import search_compliance_records
  File "/Users/amitkallapa/LMS/.ralph/worktrees/2026-07-25_074057_normal_run/sfpcl_credit/compliance/search_facade.py", line 4, in <module>
    from sfpcl_credit.compliance.modules import compliance_control_tracker
  File "/Users/amitkallapa/LMS/.ralph/worktrees/2026-07-25_074057_normal_run/sfpcl_credit/compliance/modules/compliance_control_tracker.py", line 14, in <module>
    from sfpcl_credit.identity.modules import auth_service
  File "/Users/amitkallapa/LMS/.ralph/worktrees/2026-07-25_074057_normal_run/sfpcl_credit/identity/modules/auth_service.py", line 18, in <module>
    from sfpcl_credit.identity.modules.tokens import (
  File "/Users/amitkallapa/LMS/.ralph/worktrees/2026-07-25_074057_normal_run/sfpcl_credit/identity/modules/tokens.py", line 13, in <module>
    import jwt
  File "/Users/amitkallapa/LMS/.ralph/venv/lib/python3.11/site-packages/jwt/__init__.py", line 1, in <module>
    from .api_jwk import PyJWK, PyJWKSet
  File "/Users/amitkallapa/LMS/.ralph/venv/lib/python3.11/site-packages/jwt/api_jwk.py", line 7, in <module>
    from .algorithms import get_default_algorithms, has_crypto, requires_cryptography
  File "/Users/amitkallapa/LMS/.ralph/venv/lib/python3.11/site-packages/jwt/algorithms.py", line 11, in <module>
    from .utils import (
  File "/Users/amitkallapa/LMS/.ralph/venv/lib/python3.11/site-packages/jwt/utils.py", line 7, in <module>
    from cryptography.hazmat.primitives.asymmetric.ec import EllipticCurve
  File "/Users/amitkallapa/LMS/.ralph/venv/lib/python3.11/site-packages/cryptography/hazmat/primitives/asymmetric/ec.py", line 11, in <module>
    from cryptography.exceptions import UnsupportedAlgorithm, _Reasons
  File "/Users/amitkallapa/LMS/.ralph/venv/lib/python3.11/site-packages/cryptography/exceptions.py", line 9, in <module>
    from cryptography.hazmat.bindings._rust import exceptions as rust_exceptions
ImportError: dlopen(/Users/amitkallapa/LMS/.ralph/venv/lib/python3.11/site-packages/_cffi_backend.cpython-311-darwin.so, 0x0002): tried: '/Users/amitkallapa/LMS/.ralph/venv/lib/python3.11/site-packages/_cffi_backend.cpython-311-darwin.so' (mach-o file, but is an incompatible architecture (have 'arm64', need 'x86_64')), '/System/Volumes/Preboot/Cryptexes/OS/Users/amitkallapa/LMS/.ralph/venv/lib/python3.11/site-packages/_cffi_backend.cpython-311-darwin.so' (no such file), '/Users/amitkallapa/LMS/.ralph/venv/lib/python3.11/site-packages/_cffi_backend.cpython-311-darwin.so' (mach-o file, but is an incompatible architecture (have 'arm64', need 'x86_64'))
Process SpawnPoolWorker-150:
Traceback (most recent call last):
  File "/Library/Frameworks/Python.framework/Versions/3.11/lib/python3.11/multiprocessing/process.py", line 314, in _bootstrap
    self.run()
  File "/Library/Frameworks/Python.framework/Versions/3.11/lib/python3.11/multiprocessing/process.py", line 108, in run
    self._target(*self._args, **self._kwargs)
  File "/Library/Frameworks/Python.framework/Versions/3.11/lib/python3.11/multiprocessing/pool.py", line 109, in worker
    initializer(*initargs)
  File "/Users/amitkallapa/LMS/.ralph/venv/lib/python3.11/site-packages/django/test/runner.py", line 431, in _init_worker
    django.setup()
  File "/Users/amitkallapa/LMS/.ralph/venv/lib/python3.11/site-packages/django/__init__.py", line 24, in setup
    apps.populate(settings.INSTALLED_APPS)
  File "/Users/amitkallapa/LMS/.ralph/venv/lib/python3.11/site-packages/django/apps/registry.py", line 124, in populate
    app_config.ready()
  File "/Users/amitkallapa/LMS/.ralph/worktrees/2026-07-25_074057_normal_run/sfpcl_credit/compliance/apps.py", line 9, in ready
    from sfpcl_credit.compliance.search_facade import search_compliance_records
  File "/Users/amitkallapa/LMS/.ralph/worktrees/2026-07-25_074057_normal_run/sfpcl_credit/compliance/search_facade.py", line 4, in <module>
    from sfpcl_credit.compliance.modules import compliance_control_tracker
  File "/Users/amitkallapa/LMS/.ralph/worktrees/2026-07-25_074057_normal_run/sfpcl_credit/compliance/modules/compliance_control_tracker.py", line 14, in <module>
    from sfpcl_credit.identity.modules import auth_service
  File "/Users/amitkallapa/LMS/.ralph/worktrees/2026-07-25_074057_normal_run/sfpcl_credit/identity/modules/auth_service.py", line 18, in <module>
    from sfpcl_credit.identity.modules.tokens import (
  File "/Users/amitkallapa/LMS/.ralph/worktrees/2026-07-25_074057_normal_run/sfpcl_credit/identity/modules/tokens.py", line 13, in <module>
    import jwt
  File "/Users/amitkallapa/LMS/.ralph/venv/lib/python3.11/site-packages/jwt/__init__.py", line 1, in <module>
    from .api_jwk import PyJWK, PyJWKSet
  File "/Users/amitkallapa/LMS/.ralph/venv/lib/python3.11/site-packages/jwt/api_jwk.py", line 7, in <module>
    from .algorithms import get_default_algorithms, has_crypto, requires_cryptography
  File "/Users/amitkallapa/LMS/.ralph/venv/lib/python3.11/site-packages/jwt/algorithms.py", line 11, in <module>
    from .utils import (
  File "/Users/amitkallapa/LMS/.ralph/venv/lib/python3.11/site-packages/jwt/utils.py", line 7, in <module>
    from cryptography.hazmat.primitives.asymmetric.ec import EllipticCurve
  File "/Users/amitkallapa/LMS/.ralph/venv/lib/python3.11/site-packages/cryptography/hazmat/primitives/asymmetric/ec.py", line 11, in <module>
    from cryptography.exceptions import UnsupportedAlgorithm, _Reasons
  File "/Users/amitkallapa/LMS/.ralph/venv/lib/python3.11/site-packages/cryptography/exceptions.py", line 9, in <module>
    from cryptography.hazmat.bindings._rust import exceptions as rust_exceptions
ImportError: dlopen(/Users/amitkallapa/LMS/.ralph/venv/lib/python3.11/site-packages/_cffi_backend.cpython-311-darwin.so, 0x0002): tried: '/Users/amitkallapa/LMS/.ralph/venv/lib/python3.11/site-packages/_cffi_backend.cpython-311-darwin.so' (mach-o file, but is an incompatible architecture (have 'arm64', need 'x86_64')), '/System/Volumes/Preboot/Cryptexes/OS/Users/amitkallapa/LMS/.ralph/venv/lib/python3.11/site-packages/_cffi_backend.cpython-311-darwin.so' (no such file), '/Users/amitkallapa/LMS/.ralph/venv/lib/python3.11/site-packages/_cffi_backend.cpython-311-darwin.so' (mach-o file, but is an incompatible architecture (have 'arm64', need 'x86_64'))
Process SpawnPoolWorker-151:
Traceback (most recent call last):
  File "/Library/Frameworks/Python.framework/Versions/3.11/lib/python3.11/multiprocessing/process.py", line 314, in _bootstrap
    self.run()
  File "/Library/Frameworks/Python.framework/Versions/3.11/lib/python3.11/multiprocessing/process.py", line 108, in run
    self._target(*self._args, **self._kwargs)
  File "/Library/Frameworks/Python.framework/Versions/3.11/lib/python3.11/multiprocessing/pool.py", line 109, in worker
    initializer(*initargs)
  File "/Users/amitkallapa/LMS/.ralph/venv/lib/python3.11/site-packages/django/test/runner.py", line 431, in _init_worker
    django.setup()
  File "/Users/amitkallapa/LMS/.ralph/venv/lib/python3.11/site-packages/django/__init__.py", line 24, in setup
    apps.populate(settings.INSTALLED_APPS)
  File "/Users/amitkallapa/LMS/.ralph/venv/lib/python3.11/site-packages/django/apps/registry.py", line 124, in populate
    app_config.ready()
  File "/Users/amitkallapa/LMS/.ralph/worktrees/2026-07-25_074057_normal_run/sfpcl_credit/compliance/apps.py", line 9, in ready
    from sfpcl_credit.compliance.search_facade import search_compliance_records
  File "/Users/amitkallapa/LMS/.ralph/worktrees/2026-07-25_074057_normal_run/sfpcl_credit/compliance/search_facade.py", line 4, in <module>
    from sfpcl_credit.compliance.modules import compliance_control_tracker
  File "/Users/amitkallapa/LMS/.ralph/worktrees/2026-07-25_074057_normal_run/sfpcl_credit/compliance/modules/compliance_control_tracker.py", line 14, in <module>
    from sfpcl_credit.identity.modules import auth_service
  File "/Users/amitkallapa/LMS/.ralph/worktrees/2026-07-25_074057_normal_run/sfpcl_credit/identity/modules/auth_service.py", line 18, in <module>
    from sfpcl_credit.identity.modules.tokens import (
  File "/Users/amitkallapa/LMS/.ralph/worktrees/2026-07-25_074057_normal_run/sfpcl_credit/identity/modules/tokens.py", line 13, in <module>
    import jwt
  File "/Users/amitkallapa/LMS/.ralph/venv/lib/python3.11/site-packages/jwt/__init__.py", line 1, in <module>
    from .api_jwk import PyJWK, PyJWKSet
  File "/Users/amitkallapa/LMS/.ralph/venv/lib/python3.11/site-packages/jwt/api_jwk.py", line 7, in <module>
    from .algorithms import get_default_algorithms, has_crypto, requires_cryptography
  File "/Users/amitkallapa/LMS/.ralph/venv/lib/python3.11/site-packages/jwt/algorithms.py", line 11, in <module>
    from .utils import (
  File "/Users/amitkallapa/LMS/.ralph/venv/lib/python3.11/site-packages/jwt/utils.py", line 7, in <module>
    from cryptography.hazmat.primitives.asymmetric.ec import EllipticCurve
  File "/Users/amitkallapa/LMS/.ralph/venv/lib/python3.11/site-packages/cryptography/hazmat/primitives/asymmetric/ec.py", line 11, in <module>
    from cryptography.exceptions import UnsupportedAlgorithm, _Reasons
  File "/Users/amitkallapa/LMS/.ralph/venv/lib/python3.11/site-packages/cryptography/exceptions.py", line 9, in <module>
    from cryptography.hazmat.bindings._rust import exceptions as rust_exceptions
ImportError: dlopen(/Users/amitkallapa/LMS/.ralph/venv/lib/python3.11/site-packages/_cffi_backend.cpython-311-darwin.so, 0x0002): tried: '/Users/amitkallapa/LMS/.ralph/venv/lib/python3.11/site-packages/_cffi_backend.cpython-311-darwin.so' (mach-o file, but is an incompatible architecture (have 'arm64', need 'x86_64')), '/System/Volumes/Preboot/Cryptexes/OS/Users/amitkallapa/LMS/.ralph/venv/lib/python3.11/site-packages/_cffi_backend.cpython-311-darwin.so' (no such file), '/Users/amitkallapa/LMS/.ralph/venv/lib/python3.11/site-packages/_cffi_backend.cpython-311-darwin.so' (mach-o file, but is an incompatible architecture (have 'arm64', need 'x86_64'))
Process SpawnPoolWorker-152:
Traceback (most recent call last):
  File "/Library/Frameworks/Python.framework/Versions/3.11/lib/python3.11/multiprocessing/process.py", line 314, in _bootstrap
    self.run()
  File "/Library/Frameworks/Python.framework/Versions/3.11/lib/python3.11/multiprocessing/process.py", line 108, in run
    self._target(*self._args, **self._kwargs)
  File "/Library/Frameworks/Python.framework/Versions/3.11/lib/python3.11/multiprocessing/pool.py", line 109, in worker
    initializer(*initargs)
  File "/Users/amitkallapa/LMS/.ralph/venv/lib/python3.11/site-packages/django/test/runner.py", line 431, in _init_worker
    django.setup()
  File "/Users/amitkallapa/LMS/.ralph/venv/lib/python3.11/site-packages/django/__init__.py", line 24, in setup
    apps.populate(settings.INSTALLED_APPS)
  File "/Users/amitkallapa/LMS/.ralph/venv/lib/python3.11/site-packages/django/apps/registry.py", line 124, in populate
    app_config.ready()
  File "/Users/amitkallapa/LMS/.ralph/worktrees/2026-07-25_074057_normal_run/sfpcl_credit/compliance/apps.py", line 9, in ready
    from sfpcl_credit.compliance.search_facade import search_compliance_records
  File "/Users/amitkallapa/LMS/.ralph/worktrees/2026-07-25_074057_normal_run/sfpcl_credit/compliance/search_facade.py", line 4, in <module>
    from sfpcl_credit.compliance.modules import compliance_control_tracker
  File "/Users/amitkallapa/LMS/.ralph/worktrees/2026-07-25_074057_normal_run/sfpcl_credit/compliance/modules/compliance_control_tracker.py", line 14, in <module>
    from sfpcl_credit.identity.modules import auth_service
  File "/Users/amitkallapa/LMS/.ralph/worktrees/2026-07-25_074057_normal_run/sfpcl_credit/identity/modules/auth_service.py", line 18, in <module>
    from sfpcl_credit.identity.modules.tokens import (
  File "/Users/amitkallapa/LMS/.ralph/worktrees/2026-07-25_074057_normal_run/sfpcl_credit/identity/modules/tokens.py", line 13, in <module>
    import jwt
  File "/Users/amitkallapa/LMS/.ralph/venv/lib/python3.11/site-packages/jwt/__init__.py", line 1, in <module>
    from .api_jwk import PyJWK, PyJWKSet
  File "/Users/amitkallapa/LMS/.ralph/venv/lib/python3.11/site-packages/jwt/api_jwk.py", line 7, in <module>
    from .algorithms import get_default_algorithms, has_crypto, requires_cryptography
  File "/Users/amitkallapa/LMS/.ralph/venv/lib/python3.11/site-packages/jwt/algorithms.py", line 11, in <module>
    from .utils import (
  File "/Users/amitkallapa/LMS/.ralph/venv/lib/python3.11/site-packages/jwt/utils.py", line 7, in <module>
    from cryptography.hazmat.primitives.asymmetric.ec import EllipticCurve
  File "/Users/amitkallapa/LMS/.ralph/venv/lib/python3.11/site-packages/cryptography/hazmat/primitives/asymmetric/ec.py", line 11, in <module>
    from cryptography.exceptions import UnsupportedAlgorithm, _Reasons
  File "/Users/amitkallapa/LMS/.ralph/venv/lib/python3.11/site-packages/cryptography/exceptions.py", line 9, in <module>
    from cryptography.hazmat.bindings._rust import exceptions as rust_exceptions
ImportError: dlopen(/Users/amitkallapa/LMS/.ralph/venv/lib/python3.11/site-packages/_cffi_backend.cpython-311-darwin.so, 0x0002): tried: '/Users/amitkallapa/LMS/.ralph/venv/lib/python3.11/site-packages/_cffi_backend.cpython-311-darwin.so' (mach-o file, but is an incompatible architecture (have 'arm64', need 'x86_64')), '/System/Volumes/Preboot/Cryptexes/OS/Users/amitkallapa/LMS/.ralph/venv/lib/python3.11/site-packages/_cffi_backend.cpython-311-darwin.so' (no such file), '/Users/amitkallapa/LMS/.ralph/venv/lib/python3.11/site-packages/_cffi_backend.cpython-311-darwin.so' (mach-o file, but is an incompatible architecture (have 'arm64', need 'x86_64'))
Process SpawnPoolWorker-153:
Traceback (most recent call last):
  File "/Library/Frameworks/Python.framework/Versions/3.11/lib/python3.11/multiprocessing/process.py", line 314, in _bootstrap
    self.run()
  File "/Library/Frameworks/Python.framework/Versions/3.11/lib/python3.11/multiprocessing/process.py", line 108, in run
    self._target(*self._args, **self._kwargs)
  File "/Library/Frameworks/Python.framework/Versions/3.11/lib/python3.11/multiprocessing/pool.py", line 109, in worker
    initializer(*initargs)
  File "/Users/amitkallapa/LMS/.ralph/venv/lib/python3.11/site-packages/django/test/runner.py", line 431, in _init_worker
    django.setup()
  File "/Users/amitkallapa/LMS/.ralph/venv/lib/python3.11/site-packages/django/__init__.py", line 24, in setup
    apps.populate(settings.INSTALLED_APPS)
  File "/Users/amitkallapa/LMS/.ralph/venv/lib/python3.11/site-packages/django/apps/registry.py", line 124, in populate
    app_config.ready()
  File "/Users/amitkallapa/LMS/.ralph/worktrees/2026-07-25_074057_normal_run/sfpcl_credit/compliance/apps.py", line 9, in ready
    from sfpcl_credit.compliance.search_facade import search_compliance_records
  File "/Users/amitkallapa/LMS/.ralph/worktrees/2026-07-25_074057_normal_run/sfpcl_credit/compliance/search_facade.py", line 4, in <module>
    from sfpcl_credit.compliance.modules import compliance_control_tracker
  File "/Users/amitkallapa/LMS/.ralph/worktrees/2026-07-25_074057_normal_run/sfpcl_credit/compliance/modules/compliance_control_tracker.py", line 14, in <module>
    from sfpcl_credit.identity.modules import auth_service
  File "/Users/amitkallapa/LMS/.ralph/worktrees/2026-07-25_074057_normal_run/sfpcl_credit/identity/modules/auth_service.py", line 18, in <module>
    from sfpcl_credit.identity.modules.tokens import (
  File "/Users/amitkallapa/LMS/.ralph/worktrees/2026-07-25_074057_normal_run/sfpcl_credit/identity/modules/tokens.py", line 13, in <module>
    import jwt
  File "/Users/amitkallapa/LMS/.ralph/venv/lib/python3.11/site-packages/jwt/__init__.py", line 1, in <module>
    from .api_jwk import PyJWK, PyJWKSet
  File "/Users/amitkallapa/LMS/.ralph/venv/lib/python3.11/site-packages/jwt/api_jwk.py", line 7, in <module>
    from .algorithms import get_default_algorithms, has_crypto, requires_cryptography
  File "/Users/amitkallapa/LMS/.ralph/venv/lib/python3.11/site-packages/jwt/algorithms.py", line 11, in <module>
    from .utils import (
  File "/Users/amitkallapa/LMS/.ralph/venv/lib/python3.11/site-packages/jwt/utils.py", line 7, in <module>
    from cryptography.hazmat.primitives.asymmetric.ec import EllipticCurve
  File "/Users/amitkallapa/LMS/.ralph/venv/lib/python3.11/site-packages/cryptography/hazmat/primitives/asymmetric/ec.py", line 11, in <module>
    from cryptography.exceptions import UnsupportedAlgorithm, _Reasons
  File "/Users/amitkallapa/LMS/.ralph/venv/lib/python3.11/site-packages/cryptography/exceptions.py", line 9, in <module>
    from cryptography.hazmat.bindings._rust import exceptions as rust_exceptions
ImportError: dlopen(/Users/amitkallapa/LMS/.ralph/venv/lib/python3.11/site-packages/_cffi_backend.cpython-311-darwin.so, 0x0002): tried: '/Users/amitkallapa/LMS/.ralph/venv/lib/python3.11/site-packages/_cffi_backend.cpython-311-darwin.so' (mach-o file, but is an incompatible architecture (have 'arm64', need 'x86_64')), '/System/Volumes/Preboot/Cryptexes/OS/Users/amitkallapa/LMS/.ralph/venv/lib/python3.11/site-packages/_cffi_backend.cpython-311-darwin.so' (no such file), '/Users/amitkallapa/LMS/.ralph/venv/lib/python3.11/site-packages/_cffi_backend.cpython-311-darwin.so' (mach-o file, but is an incompatible architecture (have 'arm64', need 'x86_64'))
Process SpawnPoolWorker-154:
Traceback (most recent call last):
  File "/Library/Frameworks/Python.framework/Versions/3.11/lib/python3.11/multiprocessing/process.py", line 314, in _bootstrap
    self.run()
  File "/Library/Frameworks/Python.framework/Versions/3.11/lib/python3.11/multiprocessing/process.py", line 108, in run
    self._target(*self._args, **self._kwargs)
  File "/Library/Frameworks/Python.framework/Versions/3.11/lib/python3.11/multiprocessing/pool.py", line 109, in worker
    initializer(*initargs)
  File "/Users/amitkallapa/LMS/.ralph/venv/lib/python3.11/site-packages/django/test/runner.py", line 431, in _init_worker
    django.setup()
  File "/Users/amitkallapa/LMS/.ralph/venv/lib/python3.11/site-packages/django/__init__.py", line 24, in setup
    apps.populate(settings.INSTALLED_APPS)
  File "/Users/amitkallapa/LMS/.ralph/venv/lib/python3.11/site-packages/django/apps/registry.py", line 124, in populate
    app_config.ready()
  File "/Users/amitkallapa/LMS/.ralph/worktrees/2026-07-25_074057_normal_run/sfpcl_credit/compliance/apps.py", line 9, in ready
    from sfpcl_credit.compliance.search_facade import search_compliance_records
  File "/Users/amitkallapa/LMS/.ralph/worktrees/2026-07-25_074057_normal_run/sfpcl_credit/compliance/search_facade.py", line 4, in <module>
    from sfpcl_credit.compliance.modules import compliance_control_tracker
  File "/Users/amitkallapa/LMS/.ralph/worktrees/2026-07-25_074057_normal_run/sfpcl_credit/compliance/modules/compliance_control_tracker.py", line 14, in <module>
    from sfpcl_credit.identity.modules import auth_service
  File "/Users/amitkallapa/LMS/.ralph/worktrees/2026-07-25_074057_normal_run/sfpcl_credit/identity/modules/auth_service.py", line 18, in <module>
    from sfpcl_credit.identity.modules.tokens import (
  File "/Users/amitkallapa/LMS/.ralph/worktrees/2026-07-25_074057_normal_run/sfpcl_credit/identity/modules/tokens.py", line 13, in <module>
    import jwt
  File "/Users/amitkallapa/LMS/.ralph/venv/lib/python3.11/site-packages/jwt/__init__.py", line 1, in <module>
    from .api_jwk import PyJWK, PyJWKSet
  File "/Users/amitkallapa/LMS/.ralph/venv/lib/python3.11/site-packages/jwt/api_jwk.py", line 7, in <module>
    from .algorithms import get_default_algorithms, has_crypto, requires_cryptography
  File "/Users/amitkallapa/LMS/.ralph/venv/lib/python3.11/site-packages/jwt/algorithms.py", line 11, in <module>
    from .utils import (
  File "/Users/amitkallapa/LMS/.ralph/venv/lib/python3.11/site-packages/jwt/utils.py", line 7, in <module>
    from cryptography.hazmat.primitives.asymmetric.ec import EllipticCurve
  File "/Users/amitkallapa/LMS/.ralph/venv/lib/python3.11/site-packages/cryptography/hazmat/primitives/asymmetric/ec.py", line 11, in <module>
    from cryptography.exceptions import UnsupportedAlgorithm, _Reasons
  File "/Users/amitkallapa/LMS/.ralph/venv/lib/python3.11/site-packages/cryptography/exceptions.py", line 9, in <module>
    from cryptography.hazmat.bindings._rust import exceptions as rust_exceptions
ImportError: dlopen(/Users/amitkallapa/LMS/.ralph/venv/lib/python3.11/site-packages/_cffi_backend.cpython-311-darwin.so, 0x0002): tried: '/Users/amitkallapa/LMS/.ralph/venv/lib/python3.11/site-packages/_cffi_backend.cpython-311-darwin.so' (mach-o file, but is an incompatible architecture (have 'arm64', need 'x86_64')), '/System/Volumes/Preboot/Cryptexes/OS/Users/amitkallapa/LMS/.ralph/venv/lib/python3.11/site-packages/_cffi_backend.cpython-311-darwin.so' (no such file), '/Users/amitkallapa/LMS/.ralph/venv/lib/python3.11/site-packages/_cffi_backend.cpython-311-darwin.so' (mach-o file, but is an incompatible architecture (have 'arm64', need 'x86_64'))
Process SpawnPoolWorker-155:
Traceback (most recent call last):
  File "/Library/Frameworks/Python.framework/Versions/3.11/lib/python3.11/multiprocessing/process.py", line 314, in _bootstrap
    self.run()
  File "/Library/Frameworks/Python.framework/Versions/3.11/lib/python3.11/multiprocessing/process.py", line 108, in run
    self._target(*self._args, **self._kwargs)
  File "/Library/Frameworks/Python.framework/Versions/3.11/lib/python3.11/multiprocessing/pool.py", line 109, in worker
    initializer(*initargs)
  File "/Users/amitkallapa/LMS/.ralph/venv/lib/python3.11/site-packages/django/test/runner.py", line 431, in _init_worker
    django.setup()
  File "/Users/amitkallapa/LMS/.ralph/venv/lib/python3.11/site-packages/django/__init__.py", line 24, in setup
    apps.populate(settings.INSTALLED_APPS)
  File "/Users/amitkallapa/LMS/.ralph/venv/lib/python3.11/site-packages/django/apps/registry.py", line 124, in populate
    app_config.ready()
  File "/Users/amitkallapa/LMS/.ralph/worktrees/2026-07-25_074057_normal_run/sfpcl_credit/compliance/apps.py", line 9, in ready
    from sfpcl_credit.compliance.search_facade import search_compliance_records
  File "/Users/amitkallapa/LMS/.ralph/worktrees/2026-07-25_074057_normal_run/sfpcl_credit/compliance/search_facade.py", line 4, in <module>
    from sfpcl_credit.compliance.modules import compliance_control_tracker
  File "/Users/amitkallapa/LMS/.ralph/worktrees/2026-07-25_074057_normal_run/sfpcl_credit/compliance/modules/compliance_control_tracker.py", line 14, in <module>
    from sfpcl_credit.identity.modules import auth_service
  File "/Users/amitkallapa/LMS/.ralph/worktrees/2026-07-25_074057_normal_run/sfpcl_credit/identity/modules/auth_service.py", line 18, in <module>
    from sfpcl_credit.identity.modules.tokens import (
  File "/Users/amitkallapa/LMS/.ralph/worktrees/2026-07-25_074057_normal_run/sfpcl_credit/identity/modules/tokens.py", line 13, in <module>
    import jwt
  File "/Users/amitkallapa/LMS/.ralph/venv/lib/python3.11/site-packages/jwt/__init__.py", line 1, in <module>
    from .api_jwk import PyJWK, PyJWKSet
  File "/Users/amitkallapa/LMS/.ralph/venv/lib/python3.11/site-packages/jwt/api_jwk.py", line 7, in <module>
    from .algorithms import get_default_algorithms, has_crypto, requires_cryptography
  File "/Users/amitkallapa/LMS/.ralph/venv/lib/python3.11/site-packages/jwt/algorithms.py", line 11, in <module>
    from .utils import (
  File "/Users/amitkallapa/LMS/.ralph/venv/lib/python3.11/site-packages/jwt/utils.py", line 7, in <module>
    from cryptography.hazmat.primitives.asymmetric.ec import EllipticCurve
  File "/Users/amitkallapa/LMS/.ralph/venv/lib/python3.11/site-packages/cryptography/hazmat/primitives/asymmetric/ec.py", line 11, in <module>
    from cryptography.exceptions import UnsupportedAlgorithm, _Reasons
  File "/Users/amitkallapa/LMS/.ralph/venv/lib/python3.11/site-packages/cryptography/exceptions.py", line 9, in <module>
    from cryptography.hazmat.bindings._rust import exceptions as rust_exceptions
ImportError: dlopen(/Users/amitkallapa/LMS/.ralph/venv/lib/python3.11/site-packages/_cffi_backend.cpython-311-darwin.so, 0x0002): tried: '/Users/amitkallapa/LMS/.ralph/venv/lib/python3.11/site-packages/_cffi_backend.cpython-311-darwin.so' (mach-o file, but is an incompatible architecture (have 'arm64', need 'x86_64')), '/System/Volumes/Preboot/Cryptexes/OS/Users/amitkallapa/LMS/.ralph/venv/lib/python3.11/site-packages/_cffi_backend.cpython-311-darwin.so' (no such file), '/Users/amitkallapa/LMS/.ralph/venv/lib/python3.11/site-packages/_cffi_backend.cpython-311-darwin.so' (mach-o file, but is an incompatible architecture (have 'arm64', need 'x86_64'))
Process SpawnPoolWorker-156:
Traceback (most recent call last):
  File "/Library/Frameworks/Python.framework/Versions/3.11/lib/python3.11/multiprocessing/process.py", line 314, in _bootstrap
    self.run()
  File "/Library/Frameworks/Python.framework/Versions/3.11/lib/python3.11/multiprocessing/process.py", line 108, in run
    self._target(*self._args, **self._kwargs)
  File "/Library/Frameworks/Python.framework/Versions/3.11/lib/python3.11/multiprocessing/pool.py", line 109, in worker
    initializer(*initargs)
  File "/Users/amitkallapa/LMS/.ralph/venv/lib/python3.11/site-packages/django/test/runner.py", line 431, in _init_worker
    django.setup()
  File "/Users/amitkallapa/LMS/.ralph/venv/lib/python3.11/site-packages/django/__init__.py", line 24, in setup
    apps.populate(settings.INSTALLED_APPS)
  File "/Users/amitkallapa/LMS/.ralph/venv/lib/python3.11/site-packages/django/apps/registry.py", line 124, in populate
    app_config.ready()
  File "/Users/amitkallapa/LMS/.ralph/worktrees/2026-07-25_074057_normal_run/sfpcl_credit/compliance/apps.py", line 9, in ready
    from sfpcl_credit.compliance.search_facade import search_compliance_records
  File "/Users/amitkallapa/LMS/.ralph/worktrees/2026-07-25_074057_normal_run/sfpcl_credit/compliance/search_facade.py", line 4, in <module>
    from sfpcl_credit.compliance.modules import compliance_control_tracker
  File "/Users/amitkallapa/LMS/.ralph/worktrees/2026-07-25_074057_normal_run/sfpcl_credit/compliance/modules/compliance_control_tracker.py", line 14, in <module>
    from sfpcl_credit.identity.modules import auth_service
  File "/Users/amitkallapa/LMS/.ralph/worktrees/2026-07-25_074057_normal_run/sfpcl_credit/identity/modules/auth_service.py", line 18, in <module>
    from sfpcl_credit.identity.modules.tokens import (
  File "/Users/amitkallapa/LMS/.ralph/worktrees/2026-07-25_074057_normal_run/sfpcl_credit/identity/modules/tokens.py", line 13, in <module>
    import jwt
  File "/Users/amitkallapa/LMS/.ralph/venv/lib/python3.11/site-packages/jwt/__init__.py", line 1, in <module>
    from .api_jwk import PyJWK, PyJWKSet
  File "/Users/amitkallapa/LMS/.ralph/venv/lib/python3.11/site-packages/jwt/api_jwk.py", line 7, in <module>
    from .algorithms import get_default_algorithms, has_crypto, requires_cryptography
  File "/Users/amitkallapa/LMS/.ralph/venv/lib/python3.11/site-packages/jwt/algorithms.py", line 11, in <module>
    from .utils import (
  File "/Users/amitkallapa/LMS/.ralph/venv/lib/python3.11/site-packages/jwt/utils.py", line 7, in <module>
    from cryptography.hazmat.primitives.asymmetric.ec import EllipticCurve
  File "/Users/amitkallapa/LMS/.ralph/venv/lib/python3.11/site-packages/cryptography/hazmat/primitives/asymmetric/ec.py", line 11, in <module>
    from cryptography.exceptions import UnsupportedAlgorithm, _Reasons
  File "/Users/amitkallapa/LMS/.ralph/venv/lib/python3.11/site-packages/cryptography/exceptions.py", line 9, in <module>
    from cryptography.hazmat.bindings._rust import exceptions as rust_exceptions
ImportError: dlopen(/Users/amitkallapa/LMS/.ralph/venv/lib/python3.11/site-packages/_cffi_backend.cpython-311-darwin.so, 0x0002): tried: '/Users/amitkallapa/LMS/.ralph/venv/lib/python3.11/site-packages/_cffi_backend.cpython-311-darwin.so' (mach-o file, but is an incompatible architecture (have 'arm64', need 'x86_64')), '/System/Volumes/Preboot/Cryptexes/OS/Users/amitkallapa/LMS/.ralph/venv/lib/python3.11/site-packages/_cffi_backend.cpython-311-darwin.so' (no such file), '/Users/amitkallapa/LMS/.ralph/venv/lib/python3.11/site-packages/_cffi_backend.cpython-311-darwin.so' (mach-o file, but is an incompatible architecture (have 'arm64', need 'x86_64'))
Process SpawnPoolWorker-157:
Traceback (most recent call last):
  File "/Library/Frameworks/Python.framework/Versions/3.11/lib/python3.11/multiprocessing/process.py", line 314, in _bootstrap
    self.run()
  File "/Library/Frameworks/Python.framework/Versions/3.11/lib/python3.11/multiprocessing/process.py", line 108, in run
    self._target(*self._args, **self._kwargs)
  File "/Library/Frameworks/Python.framework/Versions/3.11/lib/python3.11/multiprocessing/pool.py", line 109, in worker
    initializer(*initargs)
  File "/Users/amitkallapa/LMS/.ralph/venv/lib/python3.11/site-packages/django/test/runner.py", line 431, in _init_worker
    django.setup()
  File "/Users/amitkallapa/LMS/.ralph/venv/lib/python3.11/site-packages/django/__init__.py", line 24, in setup
    apps.populate(settings.INSTALLED_APPS)
  File "/Users/amitkallapa/LMS/.ralph/venv/lib/python3.11/site-packages/django/apps/registry.py", line 124, in populate
    app_config.ready()
  File "/Users/amitkallapa/LMS/.ralph/worktrees/2026-07-25_074057_normal_run/sfpcl_credit/compliance/apps.py", line 9, in ready
    from sfpcl_credit.compliance.search_facade import search_compliance_records
  File "/Users/amitkallapa/LMS/.ralph/worktrees/2026-07-25_074057_normal_run/sfpcl_credit/compliance/search_facade.py", line 4, in <module>
    from sfpcl_credit.compliance.modules import compliance_control_tracker
  File "/Users/amitkallapa/LMS/.ralph/worktrees/2026-07-25_074057_normal_run/sfpcl_credit/compliance/modules/compliance_control_tracker.py", line 14, in <module>
    from sfpcl_credit.identity.modules import auth_service
  File "/Users/amitkallapa/LMS/.ralph/worktrees/2026-07-25_074057_normal_run/sfpcl_credit/identity/modules/auth_service.py", line 18, in <module>
    from sfpcl_credit.identity.modules.tokens import (
  File "/Users/amitkallapa/LMS/.ralph/worktrees/2026-07-25_074057_normal_run/sfpcl_credit/identity/modules/tokens.py", line 13, in <module>
    import jwt
  File "/Users/amitkallapa/LMS/.ralph/venv/lib/python3.11/site-packages/jwt/__init__.py", line 1, in <module>
    from .api_jwk import PyJWK, PyJWKSet
  File "/Users/amitkallapa/LMS/.ralph/venv/lib/python3.11/site-packages/jwt/api_jwk.py", line 7, in <module>
    from .algorithms import get_default_algorithms, has_crypto, requires_cryptography
  File "/Users/amitkallapa/LMS/.ralph/venv/lib/python3.11/site-packages/jwt/algorithms.py", line 11, in <module>
    from .utils import (
  File "/Users/amitkallapa/LMS/.ralph/venv/lib/python3.11/site-packages/jwt/utils.py", line 7, in <module>
    from cryptography.hazmat.primitives.asymmetric.ec import EllipticCurve
  File "/Users/amitkallapa/LMS/.ralph/venv/lib/python3.11/site-packages/cryptography/hazmat/primitives/asymmetric/ec.py", line 11, in <module>
    from cryptography.exceptions import UnsupportedAlgorithm, _Reasons
  File "/Users/amitkallapa/LMS/.ralph/venv/lib/python3.11/site-packages/cryptography/exceptions.py", line 9, in <module>
    from cryptography.hazmat.bindings._rust import exceptions as rust_exceptions
ImportError: dlopen(/Users/amitkallapa/LMS/.ralph/venv/lib/python3.11/site-packages/_cffi_backend.cpython-311-darwin.so, 0x0002): tried: '/Users/amitkallapa/LMS/.ralph/venv/lib/python3.11/site-packages/_cffi_backend.cpython-311-darwin.so' (mach-o file, but is an incompatible architecture (have 'arm64', need 'x86_64')), '/System/Volumes/Preboot/Cryptexes/OS/Users/amitkallapa/LMS/.ralph/venv/lib/python3.11/site-packages/_cffi_backend.cpython-311-darwin.so' (no such file), '/Users/amitkallapa/LMS/.ralph/venv/lib/python3.11/site-packages/_cffi_backend.cpython-311-darwin.so' (mach-o file, but is an incompatible architecture (have 'arm64', need 'x86_64'))
Process SpawnPoolWorker-158:
Traceback (most recent call last):
  File "/Library/Frameworks/Python.framework/Versions/3.11/lib/python3.11/multiprocessing/process.py", line 314, in _bootstrap
    self.run()
  File "/Library/Frameworks/Python.framework/Versions/3.11/lib/python3.11/multiprocessing/process.py", line 108, in run
    self._target(*self._args, **self._kwargs)
  File "/Library/Frameworks/Python.framework/Versions/3.11/lib/python3.11/multiprocessing/pool.py", line 109, in worker
    initializer(*initargs)
  File "/Users/amitkallapa/LMS/.ralph/venv/lib/python3.11/site-packages/django/test/runner.py", line 431, in _init_worker
    django.setup()
  File "/Users/amitkallapa/LMS/.ralph/venv/lib/python3.11/site-packages/django/__init__.py", line 24, in setup
    apps.populate(settings.INSTALLED_APPS)
  File "/Users/amitkallapa/LMS/.ralph/venv/lib/python3.11/site-packages/django/apps/registry.py", line 124, in populate
    app_config.ready()
  File "/Users/amitkallapa/LMS/.ralph/worktrees/2026-07-25_074057_normal_run/sfpcl_credit/compliance/apps.py", line 9, in ready
    from sfpcl_credit.compliance.search_facade import search_compliance_records
  File "/Users/amitkallapa/LMS/.ralph/worktrees/2026-07-25_074057_normal_run/sfpcl_credit/compliance/search_facade.py", line 4, in <module>
    from sfpcl_credit.compliance.modules import compliance_control_tracker
  File "/Users/amitkallapa/LMS/.ralph/worktrees/2026-07-25_074057_normal_run/sfpcl_credit/compliance/modules/compliance_control_tracker.py", line 14, in <module>
    from sfpcl_credit.identity.modules import auth_service
  File "/Users/amitkallapa/LMS/.ralph/worktrees/2026-07-25_074057_normal_run/sfpcl_credit/identity/modules/auth_service.py", line 18, in <module>
    from sfpcl_credit.identity.modules.tokens import (
  File "/Users/amitkallapa/LMS/.ralph/worktrees/2026-07-25_074057_normal_run/sfpcl_credit/identity/modules/tokens.py", line 13, in <module>
    import jwt
  File "/Users/amitkallapa/LMS/.ralph/venv/lib/python3.11/site-packages/jwt/__init__.py", line 1, in <module>
    from .api_jwk import PyJWK, PyJWKSet
  File "/Users/amitkallapa/LMS/.ralph/venv/lib/python3.11/site-packages/jwt/api_jwk.py", line 7, in <module>
    from .algorithms import get_default_algorithms, has_crypto, requires_cryptography
  File "/Users/amitkallapa/LMS/.ralph/venv/lib/python3.11/site-packages/jwt/algorithms.py", line 11, in <module>
    from .utils import (
  File "/Users/amitkallapa/LMS/.ralph/venv/lib/python3.11/site-packages/jwt/utils.py", line 7, in <module>
    from cryptography.hazmat.primitives.asymmetric.ec import EllipticCurve
  File "/Users/amitkallapa/LMS/.ralph/venv/lib/python3.11/site-packages/cryptography/hazmat/primitives/asymmetric/ec.py", line 11, in <module>
    from cryptography.exceptions import UnsupportedAlgorithm, _Reasons
  File "/Users/amitkallapa/LMS/.ralph/venv/lib/python3.11/site-packages/cryptography/exceptions.py", line 9, in <module>
    from cryptography.hazmat.bindings._rust import exceptions as rust_exceptions
ImportError: dlopen(/Users/amitkallapa/LMS/.ralph/venv/lib/python3.11/site-packages/_cffi_backend.cpython-311-darwin.so, 0x0002): tried: '/Users/amitkallapa/LMS/.ralph/venv/lib/python3.11/site-packages/_cffi_backend.cpython-311-darwin.so' (mach-o file, but is an incompatible architecture (have 'arm64', need 'x86_64')), '/System/Volumes/Preboot/Cryptexes/OS/Users/amitkallapa/LMS/.ralph/venv/lib/python3.11/site-packages/_cffi_backend.cpython-311-darwin.so' (no such file), '/Users/amitkallapa/LMS/.ralph/venv/lib/python3.11/site-packages/_cffi_backend.cpython-311-darwin.so' (mach-o file, but is an incompatible architecture (have 'arm64', need 'x86_64'))
Process SpawnPoolWorker-159:
Traceback (most recent call last):
  File "/Library/Frameworks/Python.framework/Versions/3.11/lib/python3.11/multiprocessing/process.py", line 314, in _bootstrap
    self.run()
  File "/Library/Frameworks/Python.framework/Versions/3.11/lib/python3.11/multiprocessing/process.py", line 108, in run
    self._target(*self._args, **self._kwargs)
  File "/Library/Frameworks/Python.framework/Versions/3.11/lib/python3.11/multiprocessing/pool.py", line 109, in worker
    initializer(*initargs)
  File "/Users/amitkallapa/LMS/.ralph/venv/lib/python3.11/site-packages/django/test/runner.py", line 431, in _init_worker
    django.setup()
  File "/Users/amitkallapa/LMS/.ralph/venv/lib/python3.11/site-packages/django/__init__.py", line 24, in setup
    apps.populate(settings.INSTALLED_APPS)
  File "/Users/amitkallapa/LMS/.ralph/venv/lib/python3.11/site-packages/django/apps/registry.py", line 124, in populate
    app_config.ready()
  File "/Users/amitkallapa/LMS/.ralph/worktrees/2026-07-25_074057_normal_run/sfpcl_credit/compliance/apps.py", line 9, in ready
    from sfpcl_credit.compliance.search_facade import search_compliance_records
  File "/Users/amitkallapa/LMS/.ralph/worktrees/2026-07-25_074057_normal_run/sfpcl_credit/compliance/search_facade.py", line 4, in <module>
    from sfpcl_credit.compliance.modules import compliance_control_tracker
  File "/Users/amitkallapa/LMS/.ralph/worktrees/2026-07-25_074057_normal_run/sfpcl_credit/compliance/modules/compliance_control_tracker.py", line 14, in <module>
    from sfpcl_credit.identity.modules import auth_service
  File "/Users/amitkallapa/LMS/.ralph/worktrees/2026-07-25_074057_normal_run/sfpcl_credit/identity/modules/auth_service.py", line 18, in <module>
    from sfpcl_credit.identity.modules.tokens import (
  File "/Users/amitkallapa/LMS/.ralph/worktrees/2026-07-25_074057_normal_run/sfpcl_credit/identity/modules/tokens.py", line 13, in <module>
    import jwt
  File "/Users/amitkallapa/LMS/.ralph/venv/lib/python3.11/site-packages/jwt/__init__.py", line 1, in <module>
    from .api_jwk import PyJWK, PyJWKSet
  File "/Users/amitkallapa/LMS/.ralph/venv/lib/python3.11/site-packages/jwt/api_jwk.py", line 7, in <module>
    from .algorithms import get_default_algorithms, has_crypto, requires_cryptography
  File "/Users/amitkallapa/LMS/.ralph/venv/lib/python3.11/site-packages/jwt/algorithms.py", line 11, in <module>
    from .utils import (
  File "/Users/amitkallapa/LMS/.ralph/venv/lib/python3.11/site-packages/jwt/utils.py", line 7, in <module>
    from cryptography.hazmat.primitives.asymmetric.ec import EllipticCurve
  File "/Users/amitkallapa/LMS/.ralph/venv/lib/python3.11/site-packages/cryptography/hazmat/primitives/asymmetric/ec.py", line 11, in <module>
    from cryptography.exceptions import UnsupportedAlgorithm, _Reasons
  File "/Users/amitkallapa/LMS/.ralph/venv/lib/python3.11/site-packages/cryptography/exceptions.py", line 9, in <module>
    from cryptography.hazmat.bindings._rust import exceptions as rust_exceptions
ImportError: dlopen(/Users/amitkallapa/LMS/.ralph/venv/lib/python3.11/site-packages/_cffi_backend.cpython-311-darwin.so, 0x0002): tried: '/Users/amitkallapa/LMS/.ralph/venv/lib/python3.11/site-packages/_cffi_backend.cpython-311-darwin.so' (mach-o file, but is an incompatible architecture (have 'arm64', need 'x86_64')), '/System/Volumes/Preboot/Cryptexes/OS/Users/amitkallapa/LMS/.ralph/venv/lib/python3.11/site-packages/_cffi_backend.cpython-311-darwin.so' (no such file), '/Users/amitkallapa/LMS/.ralph/venv/lib/python3.11/site-packages/_cffi_backend.cpython-311-darwin.so' (mach-o file, but is an incompatible architecture (have 'arm64', need 'x86_64'))
Process SpawnPoolWorker-160:
Traceback (most recent call last):
  File "/Library/Frameworks/Python.framework/Versions/3.11/lib/python3.11/multiprocessing/process.py", line 314, in _bootstrap
    self.run()
  File "/Library/Frameworks/Python.framework/Versions/3.11/lib/python3.11/multiprocessing/process.py", line 108, in run
    self._target(*self._args, **self._kwargs)
  File "/Library/Frameworks/Python.framework/Versions/3.11/lib/python3.11/multiprocessing/pool.py", line 109, in worker
    initializer(*initargs)
  File "/Users/amitkallapa/LMS/.ralph/venv/lib/python3.11/site-packages/django/test/runner.py", line 431, in _init_worker
    django.setup()
  File "/Users/amitkallapa/LMS/.ralph/venv/lib/python3.11/site-packages/django/__init__.py", line 24, in setup
    apps.populate(settings.INSTALLED_APPS)
  File "/Users/amitkallapa/LMS/.ralph/venv/lib/python3.11/site-packages/django/apps/registry.py", line 124, in populate
    app_config.ready()
  File "/Users/amitkallapa/LMS/.ralph/worktrees/2026-07-25_074057_normal_run/sfpcl_credit/compliance/apps.py", line 9, in ready
    from sfpcl_credit.compliance.search_facade import search_compliance_records
  File "/Users/amitkallapa/LMS/.ralph/worktrees/2026-07-25_074057_normal_run/sfpcl_credit/compliance/search_facade.py", line 4, in <module>
    from sfpcl_credit.compliance.modules import compliance_control_tracker
  File "/Users/amitkallapa/LMS/.ralph/worktrees/2026-07-25_074057_normal_run/sfpcl_credit/compliance/modules/compliance_control_tracker.py", line 14, in <module>
    from sfpcl_credit.identity.modules import auth_service
  File "/Users/amitkallapa/LMS/.ralph/worktrees/2026-07-25_074057_normal_run/sfpcl_credit/identity/modules/auth_service.py", line 18, in <module>
    from sfpcl_credit.identity.modules.tokens import (
  File "/Users/amitkallapa/LMS/.ralph/worktrees/2026-07-25_074057_normal_run/sfpcl_credit/identity/modules/tokens.py", line 13, in <module>
    import jwt
  File "/Users/amitkallapa/LMS/.ralph/venv/lib/python3.11/site-packages/jwt/__init__.py", line 1, in <module>
    from .api_jwk import PyJWK, PyJWKSet
  File "/Users/amitkallapa/LMS/.ralph/venv/lib/python3.11/site-packages/jwt/api_jwk.py", line 7, in <module>
    from .algorithms import get_default_algorithms, has_crypto, requires_cryptography
  File "/Users/amitkallapa/LMS/.ralph/venv/lib/python3.11/site-packages/jwt/algorithms.py", line 11, in <module>
    from .utils import (
  File "/Users/amitkallapa/LMS/.ralph/venv/lib/python3.11/site-packages/jwt/utils.py", line 7, in <module>
    from cryptography.hazmat.primitives.asymmetric.ec import EllipticCurve
  File "/Users/amitkallapa/LMS/.ralph/venv/lib/python3.11/site-packages/cryptography/hazmat/primitives/asymmetric/ec.py", line 11, in <module>
    from cryptography.exceptions import UnsupportedAlgorithm, _Reasons
  File "/Users/amitkallapa/LMS/.ralph/venv/lib/python3.11/site-packages/cryptography/exceptions.py", line 9, in <module>
    from cryptography.hazmat.bindings._rust import exceptions as rust_exceptions
ImportError: dlopen(/Users/amitkallapa/LMS/.ralph/venv/lib/python3.11/site-packages/_cffi_backend.cpython-311-darwin.so, 0x0002): tried: '/Users/amitkallapa/LMS/.ralph/venv/lib/python3.11/site-packages/_cffi_backend.cpython-311-darwin.so' (mach-o file, but is an incompatible architecture (have 'arm64', need 'x86_64')), '/System/Volumes/Preboot/Cryptexes/OS/Users/amitkallapa/LMS/.ralph/venv/lib/python3.11/site-packages/_cffi_backend.cpython-311-darwin.so' (no such file), '/Users/amitkallapa/LMS/.ralph/venv/lib/python3.11/site-packages/_cffi_backend.cpython-311-darwin.so' (mach-o file, but is an incompatible architecture (have 'arm64', need 'x86_64'))
Process SpawnPoolWorker-161:
Traceback (most recent call last):
  File "/Library/Frameworks/Python.framework/Versions/3.11/lib/python3.11/multiprocessing/process.py", line 314, in _bootstrap
    self.run()
  File "/Library/Frameworks/Python.framework/Versions/3.11/lib/python3.11/multiprocessing/process.py", line 108, in run
    self._target(*self._args, **self._kwargs)
  File "/Library/Frameworks/Python.framework/Versions/3.11/lib/python3.11/multiprocessing/pool.py", line 109, in worker
    initializer(*initargs)
  File "/Users/amitkallapa/LMS/.ralph/venv/lib/python3.11/site-packages/django/test/runner.py", line 431, in _init_worker
    django.setup()
  File "/Users/amitkallapa/LMS/.ralph/venv/lib/python3.11/site-packages/django/__init__.py", line 24, in setup
    apps.populate(settings.INSTALLED_APPS)
  File "/Users/amitkallapa/LMS/.ralph/venv/lib/python3.11/site-packages/django/apps/registry.py", line 124, in populate
    app_config.ready()
  File "/Users/amitkallapa/LMS/.ralph/worktrees/2026-07-25_074057_normal_run/sfpcl_credit/compliance/apps.py", line 9, in ready
    from sfpcl_credit.compliance.search_facade import search_compliance_records
  File "/Users/amitkallapa/LMS/.ralph/worktrees/2026-07-25_074057_normal_run/sfpcl_credit/compliance/search_facade.py", line 4, in <module>
    from sfpcl_credit.compliance.modules import compliance_control_tracker
  File "/Users/amitkallapa/LMS/.ralph/worktrees/2026-07-25_074057_normal_run/sfpcl_credit/compliance/modules/compliance_control_tracker.py", line 14, in <module>
    from sfpcl_credit.identity.modules import auth_service
  File "/Users/amitkallapa/LMS/.ralph/worktrees/2026-07-25_074057_normal_run/sfpcl_credit/identity/modules/auth_service.py", line 18, in <module>
    from sfpcl_credit.identity.modules.tokens import (
  File "/Users/amitkallapa/LMS/.ralph/worktrees/2026-07-25_074057_normal_run/sfpcl_credit/identity/modules/tokens.py", line 13, in <module>
    import jwt
  File "/Users/amitkallapa/LMS/.ralph/venv/lib/python3.11/site-packages/jwt/__init__.py", line 1, in <module>
    from .api_jwk import PyJWK, PyJWKSet
  File "/Users/amitkallapa/LMS/.ralph/venv/lib/python3.11/site-packages/jwt/api_jwk.py", line 7, in <module>
    from .algorithms import get_default_algorithms, has_crypto, requires_cryptography
  File "/Users/amitkallapa/LMS/.ralph/venv/lib/python3.11/site-packages/jwt/algorithms.py", line 11, in <module>
    from .utils import (
  File "/Users/amitkallapa/LMS/.ralph/venv/lib/python3.11/site-packages/jwt/utils.py", line 7, in <module>
    from cryptography.hazmat.primitives.asymmetric.ec import EllipticCurve
  File "/Users/amitkallapa/LMS/.ralph/venv/lib/python3.11/site-packages/cryptography/hazmat/primitives/asymmetric/ec.py", line 11, in <module>
    from cryptography.exceptions import UnsupportedAlgorithm, _Reasons
  File "/Users/amitkallapa/LMS/.ralph/venv/lib/python3.11/site-packages/cryptography/exceptions.py", line 9, in <module>
    from cryptography.hazmat.bindings._rust import exceptions as rust_exceptions
ImportError: dlopen(/Users/amitkallapa/LMS/.ralph/venv/lib/python3.11/site-packages/_cffi_backend.cpython-311-darwin.so, 0x0002): tried: '/Users/amitkallapa/LMS/.ralph/venv/lib/python3.11/site-packages/_cffi_backend.cpython-311-darwin.so' (mach-o file, but is an incompatible architecture (have 'arm64', need 'x86_64')), '/System/Volumes/Preboot/Cryptexes/OS/Users/amitkallapa/LMS/.ralph/venv/lib/python3.11/site-packages/_cffi_backend.cpython-311-darwin.so' (no such file), '/Users/amitkallapa/LMS/.ralph/venv/lib/python3.11/site-packages/_cffi_backend.cpython-311-darwin.so' (mach-o file, but is an incompatible architecture (have 'arm64', need 'x86_64'))
Process SpawnPoolWorker-162:
Traceback (most recent call last):
  File "/Library/Frameworks/Python.framework/Versions/3.11/lib/python3.11/multiprocessing/process.py", line 314, in _bootstrap
    self.run()
  File "/Library/Frameworks/Python.framework/Versions/3.11/lib/python3.11/multiprocessing/process.py", line 108, in run
    self._target(*self._args, **self._kwargs)
  File "/Library/Frameworks/Python.framework/Versions/3.11/lib/python3.11/multiprocessing/pool.py", line 109, in worker
    initializer(*initargs)
  File "/Users/amitkallapa/LMS/.ralph/venv/lib/python3.11/site-packages/django/test/runner.py", line 431, in _init_worker
    django.setup()
  File "/Users/amitkallapa/LMS/.ralph/venv/lib/python3.11/site-packages/django/__init__.py", line 24, in setup
    apps.populate(settings.INSTALLED_APPS)
  File "/Users/amitkallapa/LMS/.ralph/venv/lib/python3.11/site-packages/django/apps/registry.py", line 124, in populate
    app_config.ready()
  File "/Users/amitkallapa/LMS/.ralph/worktrees/2026-07-25_074057_normal_run/sfpcl_credit/compliance/apps.py", line 9, in ready
    from sfpcl_credit.compliance.search_facade import search_compliance_records
  File "/Users/amitkallapa/LMS/.ralph/worktrees/2026-07-25_074057_normal_run/sfpcl_credit/compliance/search_facade.py", line 4, in <module>
    from sfpcl_credit.compliance.modules import compliance_control_tracker
  File "/Users/amitkallapa/LMS/.ralph/worktrees/2026-07-25_074057_normal_run/sfpcl_credit/compliance/modules/compliance_control_tracker.py", line 14, in <module>
    from sfpcl_credit.identity.modules import auth_service
  File "/Users/amitkallapa/LMS/.ralph/worktrees/2026-07-25_074057_normal_run/sfpcl_credit/identity/modules/auth_service.py", line 18, in <module>
    from sfpcl_credit.identity.modules.tokens import (
  File "/Users/amitkallapa/LMS/.ralph/worktrees/2026-07-25_074057_normal_run/sfpcl_credit/identity/modules/tokens.py", line 13, in <module>
    import jwt
  File "/Users/amitkallapa/LMS/.ralph/venv/lib/python3.11/site-packages/jwt/__init__.py", line 1, in <module>
    from .api_jwk import PyJWK, PyJWKSet
  File "/Users/amitkallapa/LMS/.ralph/venv/lib/python3.11/site-packages/jwt/api_jwk.py", line 7, in <module>
    from .algorithms import get_default_algorithms, has_crypto, requires_cryptography
  File "/Users/amitkallapa/LMS/.ralph/venv/lib/python3.11/site-packages/jwt/algorithms.py", line 11, in <module>
    from .utils import (
  File "/Users/amitkallapa/LMS/.ralph/venv/lib/python3.11/site-packages/jwt/utils.py", line 7, in <module>
    from cryptography.hazmat.primitives.asymmetric.ec import EllipticCurve
  File "/Users/amitkallapa/LMS/.ralph/venv/lib/python3.11/site-packages/cryptography/hazmat/primitives/asymmetric/ec.py", line 11, in <module>
    from cryptography.exceptions import UnsupportedAlgorithm, _Reasons
  File "/Users/amitkallapa/LMS/.ralph/venv/lib/python3.11/site-packages/cryptography/exceptions.py", line 9, in <module>
    from cryptography.hazmat.bindings._rust import exceptions as rust_exceptions
ImportError: dlopen(/Users/amitkallapa/LMS/.ralph/venv/lib/python3.11/site-packages/_cffi_backend.cpython-311-darwin.so, 0x0002): tried: '/Users/amitkallapa/LMS/.ralph/venv/lib/python3.11/site-packages/_cffi_backend.cpython-311-darwin.so' (mach-o file, but is an incompatible architecture (have 'arm64', need 'x86_64')), '/System/Volumes/Preboot/Cryptexes/OS/Users/amitkallapa/LMS/.ralph/venv/lib/python3.11/site-packages/_cffi_backend.cpython-311-darwin.so' (no such file), '/Users/amitkallapa/LMS/.ralph/venv/lib/python3.11/site-packages/_cffi_backend.cpython-311-darwin.so' (mach-o file, but is an incompatible architecture (have 'arm64', need 'x86_64'))
Process SpawnPoolWorker-163:
Traceback (most recent call last):
  File "/Library/Frameworks/Python.framework/Versions/3.11/lib/python3.11/multiprocessing/process.py", line 314, in _bootstrap
    self.run()
  File "/Library/Frameworks/Python.framework/Versions/3.11/lib/python3.11/multiprocessing/process.py", line 108, in run
    self._target(*self._args, **self._kwargs)
  File "/Library/Frameworks/Python.framework/Versions/3.11/lib/python3.11/multiprocessing/pool.py", line 109, in worker
    initializer(*initargs)
  File "/Users/amitkallapa/LMS/.ralph/venv/lib/python3.11/site-packages/django/test/runner.py", line 431, in _init_worker
    django.setup()
  File "/Users/amitkallapa/LMS/.ralph/venv/lib/python3.11/site-packages/django/__init__.py", line 24, in setup
    apps.populate(settings.INSTALLED_APPS)
  File "/Users/amitkallapa/LMS/.ralph/venv/lib/python3.11/site-packages/django/apps/registry.py", line 124, in populate
    app_config.ready()
  File "/Users/amitkallapa/LMS/.ralph/worktrees/2026-07-25_074057_normal_run/sfpcl_credit/compliance/apps.py", line 9, in ready
    from sfpcl_credit.compliance.search_facade import search_compliance_records
  File "/Users/amitkallapa/LMS/.ralph/worktrees/2026-07-25_074057_normal_run/sfpcl_credit/compliance/search_facade.py", line 4, in <module>
    from sfpcl_credit.compliance.modules import compliance_control_tracker
  File "/Users/amitkallapa/LMS/.ralph/worktrees/2026-07-25_074057_normal_run/sfpcl_credit/compliance/modules/compliance_control_tracker.py", line 14, in <module>
    from sfpcl_credit.identity.modules import auth_service
  File "/Users/amitkallapa/LMS/.ralph/worktrees/2026-07-25_074057_normal_run/sfpcl_credit/identity/modules/auth_service.py", line 18, in <module>
    from sfpcl_credit.identity.modules.tokens import (
  File "/Users/amitkallapa/LMS/.ralph/worktrees/2026-07-25_074057_normal_run/sfpcl_credit/identity/modules/tokens.py", line 13, in <module>
    import jwt
  File "/Users/amitkallapa/LMS/.ralph/venv/lib/python3.11/site-packages/jwt/__init__.py", line 1, in <module>
    from .api_jwk import PyJWK, PyJWKSet
  File "/Users/amitkallapa/LMS/.ralph/venv/lib/python3.11/site-packages/jwt/api_jwk.py", line 7, in <module>
    from .algorithms import get_default_algorithms, has_crypto, requires_cryptography
  File "/Users/amitkallapa/LMS/.ralph/venv/lib/python3.11/site-packages/jwt/algorithms.py", line 11, in <module>
    from .utils import (
  File "/Users/amitkallapa/LMS/.ralph/venv/lib/python3.11/site-packages/jwt/utils.py", line 7, in <module>
    from cryptography.hazmat.primitives.asymmetric.ec import EllipticCurve
  File "/Users/amitkallapa/LMS/.ralph/venv/lib/python3.11/site-packages/cryptography/hazmat/primitives/asymmetric/ec.py", line 11, in <module>
    from cryptography.exceptions import UnsupportedAlgorithm, _Reasons
  File "/Users/amitkallapa/LMS/.ralph/venv/lib/python3.11/site-packages/cryptography/exceptions.py", line 9, in <module>
    from cryptography.hazmat.bindings._rust import exceptions as rust_exceptions
ImportError: dlopen(/Users/amitkallapa/LMS/.ralph/venv/lib/python3.11/site-packages/_cffi_backend.cpython-311-darwin.so, 0x0002): tried: '/Users/amitkallapa/LMS/.ralph/venv/lib/python3.11/site-packages/_cffi_backend.cpython-311-darwin.so' (mach-o file, but is an incompatible architecture (have 'arm64', need 'x86_64')), '/System/Volumes/Preboot/Cryptexes/OS/Users/amitkallapa/LMS/.ralph/venv/lib/python3.11/site-packages/_cffi_backend.cpython-311-darwin.so' (no such file), '/Users/amitkallapa/LMS/.ralph/venv/lib/python3.11/site-packages/_cffi_backend.cpython-311-darwin.so' (mach-o file, but is an incompatible architecture (have 'arm64', need 'x86_64'))
Process SpawnPoolWorker-164:
Traceback (most recent call last):
  File "/Library/Frameworks/Python.framework/Versions/3.11/lib/python3.11/multiprocessing/process.py", line 314, in _bootstrap
    self.run()
  File "/Library/Frameworks/Python.framework/Versions/3.11/lib/python3.11/multiprocessing/process.py", line 108, in run
    self._target(*self._args, **self._kwargs)
  File "/Library/Frameworks/Python.framework/Versions/3.11/lib/python3.11/multiprocessing/pool.py", line 109, in worker
    initializer(*initargs)
  File "/Users/amitkallapa/LMS/.ralph/venv/lib/python3.11/site-packages/django/test/runner.py", line 431, in _init_worker
    django.setup()
  File "/Users/amitkallapa/LMS/.ralph/venv/lib/python3.11/site-packages/django/__init__.py", line 24, in setup
    apps.populate(settings.INSTALLED_APPS)
  File "/Users/amitkallapa/LMS/.ralph/venv/lib/python3.11/site-packages/django/apps/registry.py", line 124, in populate
    app_config.ready()
  File "/Users/amitkallapa/LMS/.ralph/worktrees/2026-07-25_074057_normal_run/sfpcl_credit/compliance/apps.py", line 9, in ready
    from sfpcl_credit.compliance.search_facade import search_compliance_records
  File "/Users/amitkallapa/LMS/.ralph/worktrees/2026-07-25_074057_normal_run/sfpcl_credit/compliance/search_facade.py", line 4, in <module>
    from sfpcl_credit.compliance.modules import compliance_control_tracker
  File "/Users/amitkallapa/LMS/.ralph/worktrees/2026-07-25_074057_normal_run/sfpcl_credit/compliance/modules/compliance_control_tracker.py", line 14, in <module>
    from sfpcl_credit.identity.modules import auth_service
  File "/Users/amitkallapa/LMS/.ralph/worktrees/2026-07-25_074057_normal_run/sfpcl_credit/identity/modules/auth_service.py", line 18, in <module>
    from sfpcl_credit.identity.modules.tokens import (
  File "/Users/amitkallapa/LMS/.ralph/worktrees/2026-07-25_074057_normal_run/sfpcl_credit/identity/modules/tokens.py", line 13, in <module>
    import jwt
  File "/Users/amitkallapa/LMS/.ralph/venv/lib/python3.11/site-packages/jwt/__init__.py", line 1, in <module>
    from .api_jwk import PyJWK, PyJWKSet
  File "/Users/amitkallapa/LMS/.ralph/venv/lib/python3.11/site-packages/jwt/api_jwk.py", line 7, in <module>
    from .algorithms import get_default_algorithms, has_crypto, requires_cryptography
  File "/Users/amitkallapa/LMS/.ralph/venv/lib/python3.11/site-packages/jwt/algorithms.py", line 11, in <module>
    from .utils import (
  File "/Users/amitkallapa/LMS/.ralph/venv/lib/python3.11/site-packages/jwt/utils.py", line 7, in <module>
    from cryptography.hazmat.primitives.asymmetric.ec import EllipticCurve
  File "/Users/amitkallapa/LMS/.ralph/venv/lib/python3.11/site-packages/cryptography/hazmat/primitives/asymmetric/ec.py", line 11, in <module>
    from cryptography.exceptions import UnsupportedAlgorithm, _Reasons
  File "/Users/amitkallapa/LMS/.ralph/venv/lib/python3.11/site-packages/cryptography/exceptions.py", line 9, in <module>
    from cryptography.hazmat.bindings._rust import exceptions as rust_exceptions
ImportError: dlopen(/Users/amitkallapa/LMS/.ralph/venv/lib/python3.11/site-packages/_cffi_backend.cpython-311-darwin.so, 0x0002): tried: '/Users/amitkallapa/LMS/.ralph/venv/lib/python3.11/site-packages/_cffi_backend.cpython-311-darwin.so' (mach-o file, but is an incompatible architecture (have 'arm64', need 'x86_64')), '/System/Volumes/Preboot/Cryptexes/OS/Users/amitkallapa/LMS/.ralph/venv/lib/python3.11/site-packages/_cffi_backend.cpython-311-darwin.so' (no such file), '/Users/amitkallapa/LMS/.ralph/venv/lib/python3.11/site-packages/_cffi_backend.cpython-311-darwin.so' (mach-o file, but is an incompatible architecture (have 'arm64', need 'x86_64'))
Process SpawnPoolWorker-165:
Traceback (most recent call last):
  File "/Library/Frameworks/Python.framework/Versions/3.11/lib/python3.11/multiprocessing/process.py", line 314, in _bootstrap
    self.run()
  File "/Library/Frameworks/Python.framework/Versions/3.11/lib/python3.11/multiprocessing/process.py", line 108, in run
    self._target(*self._args, **self._kwargs)
  File "/Library/Frameworks/Python.framework/Versions/3.11/lib/python3.11/multiprocessing/pool.py", line 109, in worker
    initializer(*initargs)
  File "/Users/amitkallapa/LMS/.ralph/venv/lib/python3.11/site-packages/django/test/runner.py", line 431, in _init_worker
    django.setup()
  File "/Users/amitkallapa/LMS/.ralph/venv/lib/python3.11/site-packages/django/__init__.py", line 24, in setup
    apps.populate(settings.INSTALLED_APPS)
  File "/Users/amitkallapa/LMS/.ralph/venv/lib/python3.11/site-packages/django/apps/registry.py", line 124, in populate
    app_config.ready()
  File "/Users/amitkallapa/LMS/.ralph/worktrees/2026-07-25_074057_normal_run/sfpcl_credit/compliance/apps.py", line 9, in ready
    from sfpcl_credit.compliance.search_facade import search_compliance_records
  File "/Users/amitkallapa/LMS/.ralph/worktrees/2026-07-25_074057_normal_run/sfpcl_credit/compliance/search_facade.py", line 4, in <module>
    from sfpcl_credit.compliance.modules import compliance_control_tracker
  File "/Users/amitkallapa/LMS/.ralph/worktrees/2026-07-25_074057_normal_run/sfpcl_credit/compliance/modules/compliance_control_tracker.py", line 14, in <module>
    from sfpcl_credit.identity.modules import auth_service
  File "/Users/amitkallapa/LMS/.ralph/worktrees/2026-07-25_074057_normal_run/sfpcl_credit/identity/modules/auth_service.py", line 18, in <module>
    from sfpcl_credit.identity.modules.tokens import (
  File "/Users/amitkallapa/LMS/.ralph/worktrees/2026-07-25_074057_normal_run/sfpcl_credit/identity/modules/tokens.py", line 13, in <module>
    import jwt
  File "/Users/amitkallapa/LMS/.ralph/venv/lib/python3.11/site-packages/jwt/__init__.py", line 1, in <module>
    from .api_jwk import PyJWK, PyJWKSet
  File "/Users/amitkallapa/LMS/.ralph/venv/lib/python3.11/site-packages/jwt/api_jwk.py", line 7, in <module>
    from .algorithms import get_default_algorithms, has_crypto, requires_cryptography
  File "/Users/amitkallapa/LMS/.ralph/venv/lib/python3.11/site-packages/jwt/algorithms.py", line 11, in <module>
    from .utils import (
  File "/Users/amitkallapa/LMS/.ralph/venv/lib/python3.11/site-packages/jwt/utils.py", line 7, in <module>
    from cryptography.hazmat.primitives.asymmetric.ec import EllipticCurve
  File "/Users/amitkallapa/LMS/.ralph/venv/lib/python3.11/site-packages/cryptography/hazmat/primitives/asymmetric/ec.py", line 11, in <module>
    from cryptography.exceptions import UnsupportedAlgorithm, _Reasons
  File "/Users/amitkallapa/LMS/.ralph/venv/lib/python3.11/site-packages/cryptography/exceptions.py", line 9, in <module>
    from cryptography.hazmat.bindings._rust import exceptions as rust_exceptions
ImportError: dlopen(/Users/amitkallapa/LMS/.ralph/venv/lib/python3.11/site-packages/_cffi_backend.cpython-311-darwin.so, 0x0002): tried: '/Users/amitkallapa/LMS/.ralph/venv/lib/python3.11/site-packages/_cffi_backend.cpython-311-darwin.so' (mach-o file, but is an incompatible architecture (have 'arm64', need 'x86_64')), '/System/Volumes/Preboot/Cryptexes/OS/Users/amitkallapa/LMS/.ralph/venv/lib/python3.11/site-packages/_cffi_backend.cpython-311-darwin.so' (no such file), '/Users/amitkallapa/LMS/.ralph/venv/lib/python3.11/site-packages/_cffi_backend.cpython-311-darwin.so' (mach-o file, but is an incompatible architecture (have 'arm64', need 'x86_64'))
Process SpawnPoolWorker-166:
Traceback (most recent call last):
  File "/Library/Frameworks/Python.framework/Versions/3.11/lib/python3.11/multiprocessing/process.py", line 314, in _bootstrap
    self.run()
  File "/Library/Frameworks/Python.framework/Versions/3.11/lib/python3.11/multiprocessing/process.py", line 108, in run
    self._target(*self._args, **self._kwargs)
  File "/Library/Frameworks/Python.framework/Versions/3.11/lib/python3.11/multiprocessing/pool.py", line 109, in worker
    initializer(*initargs)
  File "/Users/amitkallapa/LMS/.ralph/venv/lib/python3.11/site-packages/django/test/runner.py", line 431, in _init_worker
    django.setup()
  File "/Users/amitkallapa/LMS/.ralph/venv/lib/python3.11/site-packages/django/__init__.py", line 24, in setup
    apps.populate(settings.INSTALLED_APPS)
  File "/Users/amitkallapa/LMS/.ralph/venv/lib/python3.11/site-packages/django/apps/registry.py", line 124, in populate
    app_config.ready()
  File "/Users/amitkallapa/LMS/.ralph/worktrees/2026-07-25_074057_normal_run/sfpcl_credit/compliance/apps.py", line 9, in ready
    from sfpcl_credit.compliance.search_facade import search_compliance_records
  File "/Users/amitkallapa/LMS/.ralph/worktrees/2026-07-25_074057_normal_run/sfpcl_credit/compliance/search_facade.py", line 4, in <module>
    from sfpcl_credit.compliance.modules import compliance_control_tracker
  File "/Users/amitkallapa/LMS/.ralph/worktrees/2026-07-25_074057_normal_run/sfpcl_credit/compliance/modules/compliance_control_tracker.py", line 14, in <module>
    from sfpcl_credit.identity.modules import auth_service
  File "/Users/amitkallapa/LMS/.ralph/worktrees/2026-07-25_074057_normal_run/sfpcl_credit/identity/modules/auth_service.py", line 18, in <module>
    from sfpcl_credit.identity.modules.tokens import (
  File "/Users/amitkallapa/LMS/.ralph/worktrees/2026-07-25_074057_normal_run/sfpcl_credit/identity/modules/tokens.py", line 13, in <module>
    import jwt
  File "/Users/amitkallapa/LMS/.ralph/venv/lib/python3.11/site-packages/jwt/__init__.py", line 1, in <module>
    from .api_jwk import PyJWK, PyJWKSet
  File "/Users/amitkallapa/LMS/.ralph/venv/lib/python3.11/site-packages/jwt/api_jwk.py", line 7, in <module>
    from .algorithms import get_default_algorithms, has_crypto, requires_cryptography
  File "/Users/amitkallapa/LMS/.ralph/venv/lib/python3.11/site-packages/jwt/algorithms.py", line 11, in <module>
    from .utils import (
  File "/Users/amitkallapa/LMS/.ralph/venv/lib/python3.11/site-packages/jwt/utils.py", line 7, in <module>
    from cryptography.hazmat.primitives.asymmetric.ec import EllipticCurve
  File "/Users/amitkallapa/LMS/.ralph/venv/lib/python3.11/site-packages/cryptography/hazmat/primitives/asymmetric/ec.py", line 11, in <module>
    from cryptography.exceptions import UnsupportedAlgorithm, _Reasons
  File "/Users/amitkallapa/LMS/.ralph/venv/lib/python3.11/site-packages/cryptography/exceptions.py", line 9, in <module>
    from cryptography.hazmat.bindings._rust import exceptions as rust_exceptions
ImportError: dlopen(/Users/amitkallapa/LMS/.ralph/venv/lib/python3.11/site-packages/_cffi_backend.cpython-311-darwin.so, 0x0002): tried: '/Users/amitkallapa/LMS/.ralph/venv/lib/python3.11/site-packages/_cffi_backend.cpython-311-darwin.so' (mach-o file, but is an incompatible architecture (have 'arm64', need 'x86_64')), '/System/Volumes/Preboot/Cryptexes/OS/Users/amitkallapa/LMS/.ralph/venv/lib/python3.11/site-packages/_cffi_backend.cpython-311-darwin.so' (no such file), '/Users/amitkallapa/LMS/.ralph/venv/lib/python3.11/site-packages/_cffi_backend.cpython-311-darwin.so' (mach-o file, but is an incompatible architecture (have 'arm64', need 'x86_64'))
Process SpawnPoolWorker-167:
Traceback (most recent call last):
  File "/Library/Frameworks/Python.framework/Versions/3.11/lib/python3.11/multiprocessing/process.py", line 314, in _bootstrap
    self.run()
  File "/Library/Frameworks/Python.framework/Versions/3.11/lib/python3.11/multiprocessing/process.py", line 108, in run
    self._target(*self._args, **self._kwargs)
  File "/Library/Frameworks/Python.framework/Versions/3.11/lib/python3.11/multiprocessing/pool.py", line 109, in worker
    initializer(*initargs)
  File "/Users/amitkallapa/LMS/.ralph/venv/lib/python3.11/site-packages/django/test/runner.py", line 431, in _init_worker
    django.setup()
  File "/Users/amitkallapa/LMS/.ralph/venv/lib/python3.11/site-packages/django/__init__.py", line 24, in setup
    apps.populate(settings.INSTALLED_APPS)
  File "/Users/amitkallapa/LMS/.ralph/venv/lib/python3.11/site-packages/django/apps/registry.py", line 124, in populate
    app_config.ready()
  File "/Users/amitkallapa/LMS/.ralph/worktrees/2026-07-25_074057_normal_run/sfpcl_credit/compliance/apps.py", line 9, in ready
    from sfpcl_credit.compliance.search_facade import search_compliance_records
  File "/Users/amitkallapa/LMS/.ralph/worktrees/2026-07-25_074057_normal_run/sfpcl_credit/compliance/search_facade.py", line 4, in <module>
    from sfpcl_credit.compliance.modules import compliance_control_tracker
  File "/Users/amitkallapa/LMS/.ralph/worktrees/2026-07-25_074057_normal_run/sfpcl_credit/compliance/modules/compliance_control_tracker.py", line 14, in <module>
    from sfpcl_credit.identity.modules import auth_service
  File "/Users/amitkallapa/LMS/.ralph/worktrees/2026-07-25_074057_normal_run/sfpcl_credit/identity/modules/auth_service.py", line 18, in <module>
    from sfpcl_credit.identity.modules.tokens import (
  File "/Users/amitkallapa/LMS/.ralph/worktrees/2026-07-25_074057_normal_run/sfpcl_credit/identity/modules/tokens.py", line 13, in <module>
    import jwt
  File "/Users/amitkallapa/LMS/.ralph/venv/lib/python3.11/site-packages/jwt/__init__.py", line 1, in <module>
    from .api_jwk import PyJWK, PyJWKSet
  File "/Users/amitkallapa/LMS/.ralph/venv/lib/python3.11/site-packages/jwt/api_jwk.py", line 7, in <module>
    from .algorithms import get_default_algorithms, has_crypto, requires_cryptography
  File "/Users/amitkallapa/LMS/.ralph/venv/lib/python3.11/site-packages/jwt/algorithms.py", line 11, in <module>
    from .utils import (
  File "/Users/amitkallapa/LMS/.ralph/venv/lib/python3.11/site-packages/jwt/utils.py", line 7, in <module>
    from cryptography.hazmat.primitives.asymmetric.ec import EllipticCurve
  File "/Users/amitkallapa/LMS/.ralph/venv/lib/python3.11/site-packages/cryptography/hazmat/primitives/asymmetric/ec.py", line 11, in <module>
    from cryptography.exceptions import UnsupportedAlgorithm, _Reasons
  File "/Users/amitkallapa/LMS/.ralph/venv/lib/python3.11/site-packages/cryptography/exceptions.py", line 9, in <module>
    from cryptography.hazmat.bindings._rust import exceptions as rust_exceptions
ImportError: dlopen(/Users/amitkallapa/LMS/.ralph/venv/lib/python3.11/site-packages/_cffi_backend.cpython-311-darwin.so, 0x0002): tried: '/Users/amitkallapa/LMS/.ralph/venv/lib/python3.11/site-packages/_cffi_backend.cpython-311-darwin.so' (mach-o file, but is an incompatible architecture (have 'arm64', need 'x86_64')), '/System/Volumes/Preboot/Cryptexes/OS/Users/amitkallapa/LMS/.ralph/venv/lib/python3.11/site-packages/_cffi_backend.cpython-311-darwin.so' (no such file), '/Users/amitkallapa/LMS/.ralph/venv/lib/python3.11/site-packages/_cffi_backend.cpython-311-darwin.so' (mach-o file, but is an incompatible architecture (have 'arm64', need 'x86_64'))
Process SpawnPoolWorker-168:
Traceback (most recent call last):
  File "/Library/Frameworks/Python.framework/Versions/3.11/lib/python3.11/multiprocessing/process.py", line 314, in _bootstrap
    self.run()
  File "/Library/Frameworks/Python.framework/Versions/3.11/lib/python3.11/multiprocessing/process.py", line 108, in run
    self._target(*self._args, **self._kwargs)
  File "/Library/Frameworks/Python.framework/Versions/3.11/lib/python3.11/multiprocessing/pool.py", line 109, in worker
    initializer(*initargs)
  File "/Users/amitkallapa/LMS/.ralph/venv/lib/python3.11/site-packages/django/test/runner.py", line 431, in _init_worker
    django.setup()
  File "/Users/amitkallapa/LMS/.ralph/venv/lib/python3.11/site-packages/django/__init__.py", line 24, in setup
    apps.populate(settings.INSTALLED_APPS)
  File "/Users/amitkallapa/LMS/.ralph/venv/lib/python3.11/site-packages/django/apps/registry.py", line 124, in populate
    app_config.ready()
  File "/Users/amitkallapa/LMS/.ralph/worktrees/2026-07-25_074057_normal_run/sfpcl_credit/compliance/apps.py", line 9, in ready
    from sfpcl_credit.compliance.search_facade import search_compliance_records
  File "/Users/amitkallapa/LMS/.ralph/worktrees/2026-07-25_074057_normal_run/sfpcl_credit/compliance/search_facade.py", line 4, in <module>
    from sfpcl_credit.compliance.modules import compliance_control_tracker
  File "/Users/amitkallapa/LMS/.ralph/worktrees/2026-07-25_074057_normal_run/sfpcl_credit/compliance/modules/compliance_control_tracker.py", line 14, in <module>
    from sfpcl_credit.identity.modules import auth_service
  File "/Users/amitkallapa/LMS/.ralph/worktrees/2026-07-25_074057_normal_run/sfpcl_credit/identity/modules/auth_service.py", line 18, in <module>
    from sfpcl_credit.identity.modules.tokens import (
  File "/Users/amitkallapa/LMS/.ralph/worktrees/2026-07-25_074057_normal_run/sfpcl_credit/identity/modules/tokens.py", line 13, in <module>
    import jwt
  File "/Users/amitkallapa/LMS/.ralph/venv/lib/python3.11/site-packages/jwt/__init__.py", line 1, in <module>
    from .api_jwk import PyJWK, PyJWKSet
  File "/Users/amitkallapa/LMS/.ralph/venv/lib/python3.11/site-packages/jwt/api_jwk.py", line 7, in <module>
    from .algorithms import get_default_algorithms, has_crypto, requires_cryptography
  File "/Users/amitkallapa/LMS/.ralph/venv/lib/python3.11/site-packages/jwt/algorithms.py", line 11, in <module>
    from .utils import (
  File "/Users/amitkallapa/LMS/.ralph/venv/lib/python3.11/site-packages/jwt/utils.py", line 7, in <module>
    from cryptography.hazmat.primitives.asymmetric.ec import EllipticCurve
  File "/Users/amitkallapa/LMS/.ralph/venv/lib/python3.11/site-packages/cryptography/hazmat/primitives/asymmetric/ec.py", line 11, in <module>
    from cryptography.exceptions import UnsupportedAlgorithm, _Reasons
  File "/Users/amitkallapa/LMS/.ralph/venv/lib/python3.11/site-packages/cryptography/exceptions.py", line 9, in <module>
    from cryptography.hazmat.bindings._rust import exceptions as rust_exceptions
ImportError: dlopen(/Users/amitkallapa/LMS/.ralph/venv/lib/python3.11/site-packages/_cffi_backend.cpython-311-darwin.so, 0x0002): tried: '/Users/amitkallapa/LMS/.ralph/venv/lib/python3.11/site-packages/_cffi_backend.cpython-311-darwin.so' (mach-o file, but is an incompatible architecture (have 'arm64', need 'x86_64')), '/System/Volumes/Preboot/Cryptexes/OS/Users/amitkallapa/LMS/.ralph/venv/lib/python3.11/site-packages/_cffi_backend.cpython-311-darwin.so' (no such file), '/Users/amitkallapa/LMS/.ralph/venv/lib/python3.11/site-packages/_cffi_backend.cpython-311-darwin.so' (mach-o file, but is an incompatible architecture (have 'arm64', need 'x86_64'))
Process SpawnPoolWorker-169:
Traceback (most recent call last):
  File "/Library/Frameworks/Python.framework/Versions/3.11/lib/python3.11/multiprocessing/process.py", line 314, in _bootstrap
    self.run()
  File "/Library/Frameworks/Python.framework/Versions/3.11/lib/python3.11/multiprocessing/process.py", line 108, in run
    self._target(*self._args, **self._kwargs)
  File "/Library/Frameworks/Python.framework/Versions/3.11/lib/python3.11/multiprocessing/pool.py", line 109, in worker
    initializer(*initargs)
  File "/Users/amitkallapa/LMS/.ralph/venv/lib/python3.11/site-packages/django/test/runner.py", line 431, in _init_worker
    django.setup()
  File "/Users/amitkallapa/LMS/.ralph/venv/lib/python3.11/site-packages/django/__init__.py", line 24, in setup
    apps.populate(settings.INSTALLED_APPS)
  File "/Users/amitkallapa/LMS/.ralph/venv/lib/python3.11/site-packages/django/apps/registry.py", line 124, in populate
    app_config.ready()
  File "/Users/amitkallapa/LMS/.ralph/worktrees/2026-07-25_074057_normal_run/sfpcl_credit/compliance/apps.py", line 9, in ready
    from sfpcl_credit.compliance.search_facade import search_compliance_records
  File "/Users/amitkallapa/LMS/.ralph/worktrees/2026-07-25_074057_normal_run/sfpcl_credit/compliance/search_facade.py", line 4, in <module>
    from sfpcl_credit.compliance.modules import compliance_control_tracker
  File "/Users/amitkallapa/LMS/.ralph/worktrees/2026-07-25_074057_normal_run/sfpcl_credit/compliance/modules/compliance_control_tracker.py", line 14, in <module>
    from sfpcl_credit.identity.modules import auth_service
  File "/Users/amitkallapa/LMS/.ralph/worktrees/2026-07-25_074057_normal_run/sfpcl_credit/identity/modules/auth_service.py", line 18, in <module>
    from sfpcl_credit.identity.modules.tokens import (
  File "/Users/amitkallapa/LMS/.ralph/worktrees/2026-07-25_074057_normal_run/sfpcl_credit/identity/modules/tokens.py", line 13, in <module>
    import jwt
  File "/Users/amitkallapa/LMS/.ralph/venv/lib/python3.11/site-packages/jwt/__init__.py", line 1, in <module>
    from .api_jwk import PyJWK, PyJWKSet
  File "/Users/amitkallapa/LMS/.ralph/venv/lib/python3.11/site-packages/jwt/api_jwk.py", line 7, in <module>
    from .algorithms import get_default_algorithms, has_crypto, requires_cryptography
  File "/Users/amitkallapa/LMS/.ralph/venv/lib/python3.11/site-packages/jwt/algorithms.py", line 11, in <module>
    from .utils import (
  File "/Users/amitkallapa/LMS/.ralph/venv/lib/python3.11/site-packages/jwt/utils.py", line 7, in <module>
    from cryptography.hazmat.primitives.asymmetric.ec import EllipticCurve
  File "/Users/amitkallapa/LMS/.ralph/venv/lib/python3.11/site-packages/cryptography/hazmat/primitives/asymmetric/ec.py", line 11, in <module>
    from cryptography.exceptions import UnsupportedAlgorithm, _Reasons
  File "/Users/amitkallapa/LMS/.ralph/venv/lib/python3.11/site-packages/cryptography/exceptions.py", line 9, in <module>
    from cryptography.hazmat.bindings._rust import exceptions as rust_exceptions
ImportError: dlopen(/Users/amitkallapa/LMS/.ralph/venv/lib/python3.11/site-packages/_cffi_backend.cpython-311-darwin.so, 0x0002): tried: '/Users/amitkallapa/LMS/.ralph/venv/lib/python3.11/site-packages/_cffi_backend.cpython-311-darwin.so' (mach-o file, but is an incompatible architecture (have 'arm64', need 'x86_64')), '/System/Volumes/Preboot/Cryptexes/OS/Users/amitkallapa/LMS/.ralph/venv/lib/python3.11/site-packages/_cffi_backend.cpython-311-darwin.so' (no such file), '/Users/amitkallapa/LMS/.ralph/venv/lib/python3.11/site-packages/_cffi_backend.cpython-311-darwin.so' (mach-o file, but is an incompatible architecture (have 'arm64', need 'x86_64'))
Process SpawnPoolWorker-170:
Traceback (most recent call last):
  File "/Library/Frameworks/Python.framework/Versions/3.11/lib/python3.11/multiprocessing/process.py", line 314, in _bootstrap
    self.run()
  File "/Library/Frameworks/Python.framework/Versions/3.11/lib/python3.11/multiprocessing/process.py", line 108, in run
    self._target(*self._args, **self._kwargs)
  File "/Library/Frameworks/Python.framework/Versions/3.11/lib/python3.11/multiprocessing/pool.py", line 109, in worker
    initializer(*initargs)
  File "/Users/amitkallapa/LMS/.ralph/venv/lib/python3.11/site-packages/django/test/runner.py", line 431, in _init_worker
    django.setup()
  File "/Users/amitkallapa/LMS/.ralph/venv/lib/python3.11/site-packages/django/__init__.py", line 24, in setup
    apps.populate(settings.INSTALLED_APPS)
  File "/Users/amitkallapa/LMS/.ralph/venv/lib/python3.11/site-packages/django/apps/registry.py", line 124, in populate
    app_config.ready()
  File "/Users/amitkallapa/LMS/.ralph/worktrees/2026-07-25_074057_normal_run/sfpcl_credit/compliance/apps.py", line 9, in ready
    from sfpcl_credit.compliance.search_facade import search_compliance_records
  File "/Users/amitkallapa/LMS/.ralph/worktrees/2026-07-25_074057_normal_run/sfpcl_credit/compliance/search_facade.py", line 4, in <module>
    from sfpcl_credit.compliance.modules import compliance_control_tracker
  File "/Users/amitkallapa/LMS/.ralph/worktrees/2026-07-25_074057_normal_run/sfpcl_credit/compliance/modules/compliance_control_tracker.py", line 14, in <module>
    from sfpcl_credit.identity.modules import auth_service
  File "/Users/amitkallapa/LMS/.ralph/worktrees/2026-07-25_074057_normal_run/sfpcl_credit/identity/modules/auth_service.py", line 18, in <module>
    from sfpcl_credit.identity.modules.tokens import (
  File "/Users/amitkallapa/LMS/.ralph/worktrees/2026-07-25_074057_normal_run/sfpcl_credit/identity/modules/tokens.py", line 13, in <module>
    import jwt
  File "/Users/amitkallapa/LMS/.ralph/venv/lib/python3.11/site-packages/jwt/__init__.py", line 1, in <module>
    from .api_jwk import PyJWK, PyJWKSet
  File "/Users/amitkallapa/LMS/.ralph/venv/lib/python3.11/site-packages/jwt/api_jwk.py", line 7, in <module>
    from .algorithms import get_default_algorithms, has_crypto, requires_cryptography
  File "/Users/amitkallapa/LMS/.ralph/venv/lib/python3.11/site-packages/jwt/algorithms.py", line 11, in <module>
    from .utils import (
  File "/Users/amitkallapa/LMS/.ralph/venv/lib/python3.11/site-packages/jwt/utils.py", line 7, in <module>
    from cryptography.hazmat.primitives.asymmetric.ec import EllipticCurve
  File "/Users/amitkallapa/LMS/.ralph/venv/lib/python3.11/site-packages/cryptography/hazmat/primitives/asymmetric/ec.py", line 11, in <module>
    from cryptography.exceptions import UnsupportedAlgorithm, _Reasons
  File "/Users/amitkallapa/LMS/.ralph/venv/lib/python3.11/site-packages/cryptography/exceptions.py", line 9, in <module>
    from cryptography.hazmat.bindings._rust import exceptions as rust_exceptions
ImportError: dlopen(/Users/amitkallapa/LMS/.ralph/venv/lib/python3.11/site-packages/_cffi_backend.cpython-311-darwin.so, 0x0002): tried: '/Users/amitkallapa/LMS/.ralph/venv/lib/python3.11/site-packages/_cffi_backend.cpython-311-darwin.so' (mach-o file, but is an incompatible architecture (have 'arm64', need 'x86_64')), '/System/Volumes/Preboot/Cryptexes/OS/Users/amitkallapa/LMS/.ralph/venv/lib/python3.11/site-packages/_cffi_backend.cpython-311-darwin.so' (no such file), '/Users/amitkallapa/LMS/.ralph/venv/lib/python3.11/site-packages/_cffi_backend.cpython-311-darwin.so' (mach-o file, but is an incompatible architecture (have 'arm64', need 'x86_64'))
Process SpawnPoolWorker-171:
Traceback (most recent call last):
  File "/Library/Frameworks/Python.framework/Versions/3.11/lib/python3.11/multiprocessing/process.py", line 314, in _bootstrap
    self.run()
  File "/Library/Frameworks/Python.framework/Versions/3.11/lib/python3.11/multiprocessing/process.py", line 108, in run
    self._target(*self._args, **self._kwargs)
  File "/Library/Frameworks/Python.framework/Versions/3.11/lib/python3.11/multiprocessing/pool.py", line 109, in worker
    initializer(*initargs)
  File "/Users/amitkallapa/LMS/.ralph/venv/lib/python3.11/site-packages/django/test/runner.py", line 431, in _init_worker
    django.setup()
  File "/Users/amitkallapa/LMS/.ralph/venv/lib/python3.11/site-packages/django/__init__.py", line 24, in setup
    apps.populate(settings.INSTALLED_APPS)
  File "/Users/amitkallapa/LMS/.ralph/venv/lib/python3.11/site-packages/django/apps/registry.py", line 124, in populate
    app_config.ready()
  File "/Users/amitkallapa/LMS/.ralph/worktrees/2026-07-25_074057_normal_run/sfpcl_credit/compliance/apps.py", line 9, in ready
    from sfpcl_credit.compliance.search_facade import search_compliance_records
  File "/Users/amitkallapa/LMS/.ralph/worktrees/2026-07-25_074057_normal_run/sfpcl_credit/compliance/search_facade.py", line 4, in <module>
    from sfpcl_credit.compliance.modules import compliance_control_tracker
  File "/Users/amitkallapa/LMS/.ralph/worktrees/2026-07-25_074057_normal_run/sfpcl_credit/compliance/modules/compliance_control_tracker.py", line 14, in <module>
    from sfpcl_credit.identity.modules import auth_service
  File "/Users/amitkallapa/LMS/.ralph/worktrees/2026-07-25_074057_normal_run/sfpcl_credit/identity/modules/auth_service.py", line 18, in <module>
    from sfpcl_credit.identity.modules.tokens import (
  File "/Users/amitkallapa/LMS/.ralph/worktrees/2026-07-25_074057_normal_run/sfpcl_credit/identity/modules/tokens.py", line 13, in <module>
    import jwt
  File "/Users/amitkallapa/LMS/.ralph/venv/lib/python3.11/site-packages/jwt/__init__.py", line 1, in <module>
    from .api_jwk import PyJWK, PyJWKSet
  File "/Users/amitkallapa/LMS/.ralph/venv/lib/python3.11/site-packages/jwt/api_jwk.py", line 7, in <module>
    from .algorithms import get_default_algorithms, has_crypto, requires_cryptography
  File "/Users/amitkallapa/LMS/.ralph/venv/lib/python3.11/site-packages/jwt/algorithms.py", line 11, in <module>
    from .utils import (
  File "/Users/amitkallapa/LMS/.ralph/venv/lib/python3.11/site-packages/jwt/utils.py", line 7, in <module>
    from cryptography.hazmat.primitives.asymmetric.ec import EllipticCurve
  File "/Users/amitkallapa/LMS/.ralph/venv/lib/python3.11/site-packages/cryptography/hazmat/primitives/asymmetric/ec.py", line 11, in <module>
    from cryptography.exceptions import UnsupportedAlgorithm, _Reasons
  File "/Users/amitkallapa/LMS/.ralph/venv/lib/python3.11/site-packages/cryptography/exceptions.py", line 9, in <module>
    from cryptography.hazmat.bindings._rust import exceptions as rust_exceptions
ImportError: dlopen(/Users/amitkallapa/LMS/.ralph/venv/lib/python3.11/site-packages/_cffi_backend.cpython-311-darwin.so, 0x0002): tried: '/Users/amitkallapa/LMS/.ralph/venv/lib/python3.11/site-packages/_cffi_backend.cpython-311-darwin.so' (mach-o file, but is an incompatible architecture (have 'arm64', need 'x86_64')), '/System/Volumes/Preboot/Cryptexes/OS/Users/amitkallapa/LMS/.ralph/venv/lib/python3.11/site-packages/_cffi_backend.cpython-311-darwin.so' (no such file), '/Users/amitkallapa/LMS/.ralph/venv/lib/python3.11/site-packages/_cffi_backend.cpython-311-darwin.so' (mach-o file, but is an incompatible architecture (have 'arm64', need 'x86_64'))
Process SpawnPoolWorker-172:
Traceback (most recent call last):
  File "/Library/Frameworks/Python.framework/Versions/3.11/lib/python3.11/multiprocessing/process.py", line 314, in _bootstrap
    self.run()
  File "/Library/Frameworks/Python.framework/Versions/3.11/lib/python3.11/multiprocessing/process.py", line 108, in run
    self._target(*self._args, **self._kwargs)
  File "/Library/Frameworks/Python.framework/Versions/3.11/lib/python3.11/multiprocessing/pool.py", line 109, in worker
    initializer(*initargs)
  File "/Users/amitkallapa/LMS/.ralph/venv/lib/python3.11/site-packages/django/test/runner.py", line 431, in _init_worker
    django.setup()
  File "/Users/amitkallapa/LMS/.ralph/venv/lib/python3.11/site-packages/django/__init__.py", line 24, in setup
    apps.populate(settings.INSTALLED_APPS)
  File "/Users/amitkallapa/LMS/.ralph/venv/lib/python3.11/site-packages/django/apps/registry.py", line 124, in populate
    app_config.ready()
  File "/Users/amitkallapa/LMS/.ralph/worktrees/2026-07-25_074057_normal_run/sfpcl_credit/compliance/apps.py", line 9, in ready
    from sfpcl_credit.compliance.search_facade import search_compliance_records
  File "/Users/amitkallapa/LMS/.ralph/worktrees/2026-07-25_074057_normal_run/sfpcl_credit/compliance/search_facade.py", line 4, in <module>
    from sfpcl_credit.compliance.modules import compliance_control_tracker
  File "/Users/amitkallapa/LMS/.ralph/worktrees/2026-07-25_074057_normal_run/sfpcl_credit/compliance/modules/compliance_control_tracker.py", line 14, in <module>
    from sfpcl_credit.identity.modules import auth_service
  File "/Users/amitkallapa/LMS/.ralph/worktrees/2026-07-25_074057_normal_run/sfpcl_credit/identity/modules/auth_service.py", line 18, in <module>
    from sfpcl_credit.identity.modules.tokens import (
  File "/Users/amitkallapa/LMS/.ralph/worktrees/2026-07-25_074057_normal_run/sfpcl_credit/identity/modules/tokens.py", line 13, in <module>
    import jwt
  File "/Users/amitkallapa/LMS/.ralph/venv/lib/python3.11/site-packages/jwt/__init__.py", line 1, in <module>
    from .api_jwk import PyJWK, PyJWKSet
  File "/Users/amitkallapa/LMS/.ralph/venv/lib/python3.11/site-packages/jwt/api_jwk.py", line 7, in <module>
    from .algorithms import get_default_algorithms, has_crypto, requires_cryptography
  File "/Users/amitkallapa/LMS/.ralph/venv/lib/python3.11/site-packages/jwt/algorithms.py", line 11, in <module>
    from .utils import (
  File "/Users/amitkallapa/LMS/.ralph/venv/lib/python3.11/site-packages/jwt/utils.py", line 7, in <module>
    from cryptography.hazmat.primitives.asymmetric.ec import EllipticCurve
  File "/Users/amitkallapa/LMS/.ralph/venv/lib/python3.11/site-packages/cryptography/hazmat/primitives/asymmetric/ec.py", line 11, in <module>
    from cryptography.exceptions import UnsupportedAlgorithm, _Reasons
  File "/Users/amitkallapa/LMS/.ralph/venv/lib/python3.11/site-packages/cryptography/exceptions.py", line 9, in <module>
    from cryptography.hazmat.bindings._rust import exceptions as rust_exceptions
ImportError: dlopen(/Users/amitkallapa/LMS/.ralph/venv/lib/python3.11/site-packages/_cffi_backend.cpython-311-darwin.so, 0x0002): tried: '/Users/amitkallapa/LMS/.ralph/venv/lib/python3.11/site-packages/_cffi_backend.cpython-311-darwin.so' (mach-o file, but is an incompatible architecture (have 'arm64', need 'x86_64')), '/System/Volumes/Preboot/Cryptexes/OS/Users/amitkallapa/LMS/.ralph/venv/lib/python3.11/site-packages/_cffi_backend.cpython-311-darwin.so' (no such file), '/Users/amitkallapa/LMS/.ralph/venv/lib/python3.11/site-packages/_cffi_backend.cpython-311-darwin.so' (mach-o file, but is an incompatible architecture (have 'arm64', need 'x86_64'))
Process SpawnPoolWorker-173:
Traceback (most recent call last):
  File "/Library/Frameworks/Python.framework/Versions/3.11/lib/python3.11/multiprocessing/process.py", line 314, in _bootstrap
    self.run()
  File "/Library/Frameworks/Python.framework/Versions/3.11/lib/python3.11/multiprocessing/process.py", line 108, in run
    self._target(*self._args, **self._kwargs)
  File "/Library/Frameworks/Python.framework/Versions/3.11/lib/python3.11/multiprocessing/pool.py", line 109, in worker
    initializer(*initargs)
  File "/Users/amitkallapa/LMS/.ralph/venv/lib/python3.11/site-packages/django/test/runner.py", line 431, in _init_worker
    django.setup()
  File "/Users/amitkallapa/LMS/.ralph/venv/lib/python3.11/site-packages/django/__init__.py", line 24, in setup
    apps.populate(settings.INSTALLED_APPS)
  File "/Users/amitkallapa/LMS/.ralph/venv/lib/python3.11/site-packages/django/apps/registry.py", line 124, in populate
    app_config.ready()
  File "/Users/amitkallapa/LMS/.ralph/worktrees/2026-07-25_074057_normal_run/sfpcl_credit/compliance/apps.py", line 9, in ready
    from sfpcl_credit.compliance.search_facade import search_compliance_records
  File "/Users/amitkallapa/LMS/.ralph/worktrees/2026-07-25_074057_normal_run/sfpcl_credit/compliance/search_facade.py", line 4, in <module>
    from sfpcl_credit.compliance.modules import compliance_control_tracker
  File "/Users/amitkallapa/LMS/.ralph/worktrees/2026-07-25_074057_normal_run/sfpcl_credit/compliance/modules/compliance_control_tracker.py", line 14, in <module>
    from sfpcl_credit.identity.modules import auth_service
  File "/Users/amitkallapa/LMS/.ralph/worktrees/2026-07-25_074057_normal_run/sfpcl_credit/identity/modules/auth_service.py", line 18, in <module>
    from sfpcl_credit.identity.modules.tokens import (
  File "/Users/amitkallapa/LMS/.ralph/worktrees/2026-07-25_074057_normal_run/sfpcl_credit/identity/modules/tokens.py", line 13, in <module>
    import jwt
  File "/Users/amitkallapa/LMS/.ralph/venv/lib/python3.11/site-packages/jwt/__init__.py", line 1, in <module>
    from .api_jwk import PyJWK, PyJWKSet
  File "/Users/amitkallapa/LMS/.ralph/venv/lib/python3.11/site-packages/jwt/api_jwk.py", line 7, in <module>
    from .algorithms import get_default_algorithms, has_crypto, requires_cryptography
  File "/Users/amitkallapa/LMS/.ralph/venv/lib/python3.11/site-packages/jwt/algorithms.py", line 11, in <module>
    from .utils import (
  File "/Users/amitkallapa/LMS/.ralph/venv/lib/python3.11/site-packages/jwt/utils.py", line 7, in <module>
    from cryptography.hazmat.primitives.asymmetric.ec import EllipticCurve
  File "/Users/amitkallapa/LMS/.ralph/venv/lib/python3.11/site-packages/cryptography/hazmat/primitives/asymmetric/ec.py", line 11, in <module>
    from cryptography.exceptions import UnsupportedAlgorithm, _Reasons
  File "/Users/amitkallapa/LMS/.ralph/venv/lib/python3.11/site-packages/cryptography/exceptions.py", line 9, in <module>
    from cryptography.hazmat.bindings._rust import exceptions as rust_exceptions
ImportError: dlopen(/Users/amitkallapa/LMS/.ralph/venv/lib/python3.11/site-packages/_cffi_backend.cpython-311-darwin.so, 0x0002): tried: '/Users/amitkallapa/LMS/.ralph/venv/lib/python3.11/site-packages/_cffi_backend.cpython-311-darwin.so' (mach-o file, but is an incompatible architecture (have 'arm64', need 'x86_64')), '/System/Volumes/Preboot/Cryptexes/OS/Users/amitkallapa/LMS/.ralph/venv/lib/python3.11/site-packages/_cffi_backend.cpython-311-darwin.so' (no such file), '/Users/amitkallapa/LMS/.ralph/venv/lib/python3.11/site-packages/_cffi_backend.cpython-311-darwin.so' (mach-o file, but is an incompatible architecture (have 'arm64', need 'x86_64'))
